{
 "acc_full_T": 0.44929999113082886,
 "theta_rows": [
  {
   "theta": 0.7,
   "accuracy": 0.4584999978542328,
   "avg_slices": 14.468499183654785,
   "slice_utilization": 0.9042811989784241,
   "exit_rate": 0.2199999988079071,
   "risk_exited": 0.24954545454545454,
   "energy_pj": 5442.82252682373,
   "energy_fixed_order_pj": 6014.238719999999,
   "energy_ratio": 0.9049894392658445,
   "ssp_overhead_frac": 0.0007825950853028644,
   "risk_bound_thm1": 0.27,
   "bound_satisfied": true
  }
 ],
 "revisit": {
  "revisit_rate": 0.0,
  "distinct_curve": [
   1.0,
   2.0,
   3.0,
   4.0,
   5.0,
   6.0,
   7.0,
   8.0,
   9.0,
   10.0,
   11.0,
   12.0,
   13.0,
   14.0,
   15.0,
   16.0
  ],
  "final_distinct": 16.0
 },
 "drift": {
  "delta_hat": 0.017493143677711487,
  "delta_min_step": -0.005971945822238922,
  "per_step_drift": [
   0.04167356342077255,
   0.050684183835983276,
   0.046047937124967575,
   0.03746742010116577,
   0.025470217689871788,
   0.020101170986890793,
   0.016413573175668716,
   0.011429252102971077,
   0.009926808066666126,
   0.006493537686765194,
   0.003052881918847561,
   0.0030155291315168142,
   -1.1401414667489007e-05,
   -0.0033955953549593687,
   -0.005971945822238922
  ],
  "m1_mean": 0.042691104114055634,
  "frac_negative_drift_samples": 0.10759999603033066
 },
 "ece": 0.07773349129519691,
 "aurc": 0.3979797959327698,
 "ssp_param_count": 1072,
 "total_param_count": 60740,
 "ssp_param_frac": 0.017648995719459992,
 "variant": "d8",
 "seed": 0,
 "experiment": "A4_dssp",
 "dataset": "cifar10",
 "per_class_acc": [
  0.609,
  0.481,
  0.353,
  0.336,
  0.374,
  0.341,
  0.517,
  0.445,
  0.614,
  0.423
 ],
 "per_class_exit": [
  14.010000228881836,
  13.87700080871582,
  15.31100082397461,
  15.644001007080078,
  15.092000961303711,
  15.830000877380371,
  13.5600004196167,
  14.006000518798828,
  12.540000915527344,
  14.815000534057617
 ],
 "exit_hist": [
  0,
  0,
  0,
  6,
  82,
  238,
  234,
  251,
  229,
  215,
  210,
  201,
  159,
  146,
  131,
  98,
  7800
 ]
}