{
 "acc_full_T": 0.16333332657814026,
 "theta_rows": [
  {
   "theta": 0.5,
   "accuracy": 0.16333332657814026,
   "avg_slices": 1.0,
   "slice_utilization": 0.0625,
   "exit_rate": 1.0,
   "risk_exited": 0.8366666666666667,
   "energy_pj": 193.1264,
   "energy_fixed_order_pj": 3052.3392,
   "energy_ratio": 0.06327160493827161,
   "ssp_overhead_frac": 0.012195121951219513,
   "risk_bound_thm1": 0.45,
   "bound_satisfied": false
  },
  {
   "theta": 0.7,
   "accuracy": 0.16333332657814026,
   "avg_slices": 1.0,
   "slice_utilization": 0.0625,
   "exit_rate": 1.0,
   "risk_exited": 0.8366666666666667,
   "energy_pj": 193.1264,
   "energy_fixed_order_pj": 3052.3392,
   "energy_ratio": 0.06327160493827161,
   "ssp_overhead_frac": 0.012195121951219513,
   "risk_bound_thm1": 0.27,
   "bound_satisfied": false
  },
  {
   "theta": 0.9,
   "accuracy": 0.16333332657814026,
   "avg_slices": 2.0,
   "slice_utilization": 0.125,
   "exit_rate": 1.0,
   "risk_exited": 0.8366666666666667,
   "energy_pj": 386.2528,
   "energy_fixed_order_pj": 3052.3392,
   "energy_ratio": 0.12654320987654322,
   "ssp_overhead_frac": 0.012195121951219513,
   "risk_bound_thm1": 0.08999999999999998,
   "bound_satisfied": false
  }
 ],
 "revisit": {
  "revisit_rate": 0.0,
  "distinct_curve": [
   1.0,
   2.0,
   3.0,
   4.0,
   5.0,
   6.0,
   7.0,
   8.0,
   9.0,
   10.0,
   11.0,
   12.0,
   13.0,
   14.0,
   15.0,
   16.0
  ],
  "final_distinct": 16.0
 },
 "drift": {
  "delta_hat": 0.016618505120277405,
  "delta_min_step": 4.649162292480469e-06,
  "per_step_drift": [
   0.19465065002441406,
   0.035400744527578354,
   0.010731160640716553,
   0.00430607795715332,
   0.002005159854888916,
   0.0010121464729309082,
   0.0005341172218322754,
   0.0002887248992919922,
   0.00015842914581298828,
   8.720159530639648e-05,
   4.845857620239258e-05,
   2.6881694793701172e-05,
   1.4960765838623047e-05,
   8.225440979003906e-06,
   4.649162292480469e-06
  ],
  "m1_mean": 0.7379246354103088,
  "frac_negative_drift_samples": 0.0
 },
 "ece": 0.8300440013408661,
 "aurc": 0.5407825708389282,
 "ssp_param_count": 8576,
 "total_param_count": 35476,
 "ssp_param_frac": 0.24174089525312886,
 "variant": "mask_on",
 "seed": 0,
 "experiment": "A2_masking",
 "dataset": "nmnist",
 "per_class_acc": [
  1.0,
  0.0,
  0.0,
  0.0,
  0.0,
  0.0,
  0.0,
  0.0,
  0.0,
  0.0
 ],
 "per_class_exit": [
  0.9999999403953552,
  1.0,
  1.0,
  1.0,
  1.0,
  1.0,
  NaN,
  NaN,
  NaN,
  NaN
 ],
 "exit_hist": [
  0,
  6000,
  0,
  0,
  0,
  0,
  0,
  0,
  0,
  0,
  0,
  0,
  0,
  0,
  0,
  0,
  0
 ]
}