{
 "acc_full_T": 0.16333332657814026,
 "theta_rows": [
  {
   "theta": 0.5,
   "accuracy": 0.16333332657814026,
   "avg_slices": 1.0,
   "slice_utilization": 0.0625,
   "exit_rate": 1.0,
   "risk_exited": 0.8366666666666667,
   "energy_pj": 193.1264,
   "energy_fixed_order_pj": 3052.3392,
   "energy_ratio": 0.06327160493827161,
   "ssp_overhead_frac": 0.012195121951219513,
   "risk_bound_thm1": 0.45,
   "bound_satisfied": false
  },
  {
   "theta": 0.7,
   "accuracy": 0.16333332657814026,
   "avg_slices": 1.0,
   "slice_utilization": 0.0625,
   "exit_rate": 1.0,
   "risk_exited": 0.8366666666666667,
   "energy_pj": 193.1264,
   "energy_fixed_order_pj": 3052.3392,
   "energy_ratio": 0.06327160493827161,
   "ssp_overhead_frac": 0.012195121951219513,
   "risk_bound_thm1": 0.27,
   "bound_satisfied": false
  },
  {
   "theta": 0.9,
   "accuracy": 0.16333332657814026,
   "avg_slices": 2.0,
   "slice_utilization": 0.125,
   "exit_rate": 1.0,
   "risk_exited": 0.8366666666666667,
   "energy_pj": 386.2528,
   "energy_fixed_order_pj": 3052.3392,
   "energy_ratio": 0.12654320987654322,
   "ssp_overhead_frac": 0.012195121951219513,
   "risk_bound_thm1": 0.08999999999999998,
   "bound_satisfied": false
  }
 ],
 "revisit": {
  "revisit_rate": 0.8853020668029785,
  "distinct_curve": [
   1.0,
   1.8309999704360962,
   1.8346666097640991,
   1.8351666927337646,
   1.8351666927337646,
   1.8351666927337646,
   1.8351666927337646,
   1.8351666927337646,
   1.8351666927337646,
   1.8351666927337646,
   1.8351666927337646,
   1.8351666927337646,
   1.8351666927337646,
   1.8351666927337646,
   1.8351666927337646,
   1.8351666927337646
  ],
  "final_distinct": 1.8351666927337646
 },
 "drift": {
  "delta_hat": 0.016617735847830772,
  "delta_min_step": 4.76837158203125e-06,
  "per_step_drift": [
   0.19464033842086792,
   0.03539985045790672,
   0.010731040500104427,
   0.004306137561798096,
   0.0020051002502441406,
   0.0010121464729309082,
   0.0005342364311218262,
   0.000288546085357666,
   0.0001583695411682129,
   8.720159530639648e-05,
   4.845857620239258e-05,
   2.676248550415039e-05,
   1.4841556549072266e-05,
   8.225440979003906e-06,
   4.76837158203125e-06
  ],
  "m1_mean": 0.7379316091537476,
  "frac_negative_drift_samples": 0.0
 },
 "ece": 0.8300420939922333,
 "aurc": 0.5407825708389282,
 "ssp_param_count": 8576,
 "total_param_count": 35476,
 "ssp_param_frac": 0.24174089525312886,
 "variant": "mask_off",
 "seed": 0,
 "experiment": "A2_masking",
 "dataset": "nmnist",
 "per_class_acc": [
  1.0,
  0.0,
  0.0,
  0.0,
  0.0,
  0.0,
  0.0,
  0.0,
  0.0,
  0.0
 ],
 "per_class_exit": [
  0.9999999403953552,
  1.0,
  1.0,
  1.0,
  1.0,
  1.0,
  NaN,
  NaN,
  NaN,
  NaN
 ],
 "exit_hist": [
  0,
  6000,
  0,
  0,
  0,
  0,
  0,
  0,
  0,
  0,
  0,
  0,
  0,
  0,
  0,
  0,
  0
 ]
}