{
 "acc_full_T": 0.16333332657814026,
 "theta_rows": [
  {
   "theta": 0.7,
   "accuracy": 0.16333332657814026,
   "avg_slices": 1.0,
   "slice_utilization": 0.0625,
   "exit_rate": 1.0,
   "risk_exited": 0.8366666666666667,
   "energy_pj": 190.992,
   "energy_fixed_order_pj": 3052.3392,
   "energy_ratio": 0.06257233796296297,
   "ssp_overhead_frac": 0.0011560693641618498,
   "risk_bound_thm1": 0.27,
   "bound_satisfied": false
  }
 ],
 "revisit": {
  "revisit_rate": 0.0,
  "distinct_curve": [
   1.0,
   2.0,
   3.0,
   4.0,
   5.0,
   6.0,
   7.0,
   8.0,
   9.0,
   10.0,
   11.0,
   12.0,
   13.0,
   14.0,
   15.0,
   16.0
  ],
  "final_distinct": 16.0
 },
 "drift": {
  "delta_hat": 0.016819650307297707,
  "delta_min_step": 4.589557647705078e-06,
  "per_step_drift": [
   0.19731804728507996,
   0.03571808338165283,
   0.010765851475298405,
   0.004307150840759277,
   0.0020030736923217773,
   0.001010894775390625,
   0.0005336403846740723,
   0.0002886652946472168,
   0.0001583099365234375,
   8.767843246459961e-05,
   4.845857620239258e-05,
   2.6941299438476562e-05,
   1.5079975128173828e-05,
   8.344650268554688e-06,
   4.589557647705078e-06
  ],
  "m1_mean": 0.7350794076919556,
  "frac_negative_drift_samples": 0.0
 },
 "ece": 0.8300957977771759,
 "aurc": 0.5407825708389282,
 "ssp_param_count": 804,
 "total_param_count": 27704,
 "ssp_param_frac": 0.02902107998844932,
 "variant": "d6",
 "seed": 0,
 "experiment": "A4_dssp",
 "dataset": "nmnist",
 "per_class_acc": [
  1.0,
  0.0,
  0.0,
  0.0,
  0.0,
  0.0,
  0.0,
  0.0,
  0.0,
  0.0
 ],
 "per_class_exit": [
  0.9999999403953552,
  1.0,
  1.0,
  1.0,
  1.0,
  1.0,
  NaN,
  NaN,
  NaN,
  NaN
 ],
 "exit_hist": [
  0,
  6000,
  0,
  0,
  0,
  0,
  0,
  0,
  0,
  0,
  0,
  0,
  0,
  0,
  0,
  0,
  0
 ]
}