{
 "acc_full_T": 0.16333332657814026,
 "theta_rows": [
  {
   "theta": 0.7,
   "accuracy": 0.16333332657814026,
   "avg_slices": 1.0,
   "slice_utilization": 0.0625,
   "exit_rate": 1.0,
   "risk_exited": 0.8366666666666667,
   "energy_pj": 193.1264,
   "energy_fixed_order_pj": 3052.3392,
   "energy_ratio": 0.06327160493827161,
   "ssp_overhead_frac": 0.012195121951219513,
   "risk_bound_thm1": 0.27,
   "bound_satisfied": false
  }
 ],
 "revisit": {
  "revisit_rate": 0.0,
  "distinct_curve": [
   1.0,
   2.0,
   3.0,
   4.0,
   5.0,
   6.0,
   7.0,
   8.0,
   9.0,
   10.0,
   11.0,
   12.0,
   13.0,
   14.0,
   15.0,
   16.0
  ],
  "final_distinct": 16.0
 },
 "drift": {
  "delta_hat": 0.01680304855108261,
  "delta_min_step": 4.76837158203125e-06,
  "per_step_drift": [
   0.19686366617679596,
   0.035796940326690674,
   0.010826288722455502,
   0.004338741302490234,
   0.0020195841789245605,
   0.0010194182395935059,
   0.0005379319190979004,
   0.0002912282943725586,
   0.0001595020294189453,
   8.815526962280273e-05,
   4.887580871582031e-05,
   2.7120113372802734e-05,
   1.5139579772949219e-05,
   8.344650268554688e-06,
   4.76837158203125e-06
  ],
  "m1_mean": 0.735131561756134,
  "frac_negative_drift_samples": 0.0
 },
 "ece": 0.8300058543682098,
 "aurc": 0.5407825708389282,
 "ssp_param_count": 8576,
 "total_param_count": 35476,
 "ssp_param_frac": 0.24174089525312886,
 "variant": "no_spread",
 "seed": 0,
 "experiment": "A3_geometry",
 "dataset": "nmnist",
 "per_class_acc": [
  1.0,
  0.0,
  0.0,
  0.0,
  0.0,
  0.0,
  0.0,
  0.0,
  0.0,
  0.0
 ],
 "per_class_exit": [
  0.9999999403953552,
  1.0,
  1.0,
  1.0,
  1.0,
  1.0,
  NaN,
  NaN,
  NaN,
  NaN
 ],
 "exit_hist": [
  0,
  6000,
  0,
  0,
  0,
  0,
  0,
  0,
  0,
  0,
  0,
  0,
  0,
  0,
  0,
  0,
  0
 ]
}