{
 "acc_full_T": 0.3962722718715668,
 "theta_rows": [
  {
   "theta": 0.7,
   "accuracy": 0.39546191692352295,
   "avg_slices": 14.14505672454834,
   "slice_utilization": 0.8840660452842712,
   "exit_rate": 0.2034035623073578,
   "risk_exited": 0.2410358565737052,
   "energy_pj": 10570.67104973633,
   "energy_fixed_order_pj": 11938.037760000001,
   "energy_ratio": 0.8854613515426113,
   "ssp_overhead_frac": 0.001575795776867318,
   "risk_bound_thm1": 0.29250000000000004,
   "bound_satisfied": true
  }
 ],
 "revisit": {
  "revisit_rate": 0.0,
  "distinct_curve": [
   1.0,
   2.0,
   3.0,
   4.0,
   5.0,
   6.0,
   7.0,
   8.0,
   9.0,
   10.0,
   11.0,
   12.0,
   13.0,
   14.0,
   15.0,
   16.0
  ],
  "final_distinct": 16.0
 },
 "drift": {
  "delta_hat": 0.013791089877486229,
  "delta_min_step": -0.0209038145840168,
  "per_step_drift": [
   0.06058275327086449,
   0.05929196998476982,
   0.049059804528951645,
   0.04036632925271988,
   0.025529995560646057,
   0.021797332912683487,
   0.013641910627484322,
   0.008616884239017963,
   0.002387779764831066,
   -0.002299981890246272,
   -0.009136797860264778,
   -0.011333703063428402,
   -0.014009135775268078,
   -0.016724970191717148,
   -0.0209038145840168
  ],
  "m1_mean": 0.03650409355759621,
  "frac_negative_drift_samples": 0.11790923774242401
 },
 "ece": 0.023194538907970075,
 "aurc": 0.39516544342041016,
 "ssp_param_count": 4288,
 "total_param_count": 43664,
 "ssp_param_frac": 0.09820447050201539,
 "variant": "d32",
 "seed": 0,
 "experiment": "A4_dssp",
 "dataset": "modelnet40",
 "per_class_acc": [
  0.98,
  0.0,
  0.49,
  0.1,
  0.85,
  0.64,
  0.0,
  0.02,
  0.85,
  0.0,
  0.0,
  0.35,
  0.011627906976744186,
  0.35,
  0.6395348837209303,
  0.0,
  0.08,
  0.86,
  0.85,
  0.05,
  0.25,
  0.21,
  0.86,
  0.1744186046511628,
  0.3,
  0.01,
  0.11,
  0.0,
  0.0,
  0.0,
  0.65,
  0.0,
  0.0,
  0.38,
  0.05,
  0.57,
  0.35,
  0.67,
  0.15,
  0.0
 ],
 "per_class_exit": [
  4.049999713897705,
  15.639999389648438,
  13.84000015258789,
  15.350000381469727,
  7.779999732971191,
  15.40999984741211,
  16.0,
  15.960000038146973,
  11.019999504089355,
  16.0,
  16.0,
  15.199999809265137,
  15.627906799316406,
  16.0,
  16.0,
  15.75,
  16.0,
  8.139999389648438,
  14.0,
  12.5,
  15.15000057220459,
  14.420000076293945,
  15.25999927520752,
  15.89534854888916,
  14.350000381469727,
  15.819999694824219,
  15.40999984741211,
  15.65000057220459,
  15.809999465942383,
  15.5,
  15.420000076293945,
  15.25,
  13.75,
  14.639999389648438,
  16.0,
  16.0,
  15.019999504089355,
  15.889999389648438,
  15.050000190734863,
  15.100000381469727
 ],
 "exit_hist": [
  0,
  0,
  12,
  61,
  60,
  67,
  53,
  54,
  56,
  26,
  36,
  34,
  17,
  12,
  10,
  4,
  1966
 ]
}