{
 "acc_full_T": 0.8875000476837158,
 "theta_rows": [
  {
   "theta": 0.5,
   "accuracy": 0.9375000596046448,
   "avg_slices": 8.354166984558105,
   "slice_utilization": 0.5221354365348816,
   "exit_rate": 0.7625000476837158,
   "risk_exited": 0.02185792349726776,
   "energy_pj": 840.1538453027342,
   "energy_fixed_order_pj": 1571.38944,
   "energy_ratio": 0.5346566700249267,
   "ssp_overhead_frac": 0.0234192037470726,
   "risk_bound_thm1": 0.4375,
   "bound_satisfied": true
  },
  {
   "theta": 0.7,
   "accuracy": 0.8916667103767395,
   "avg_slices": 14.7958345413208,
   "slice_utilization": 0.92473965883255,
   "exit_rate": 0.16250000894069672,
   "risk_exited": 0.0,
   "energy_pj": 1487.9732841503906,
   "energy_fixed_order_pj": 1571.38944,
   "energy_ratio": 0.9469156698357287,
   "ssp_overhead_frac": 0.0234192037470726,
   "risk_bound_thm1": 0.26250000000000007,
   "bound_satisfied": true
  },
  {
   "theta": 0.9,
   "accuracy": 0.8875000476837158,
   "avg_slices": 16.0,
   "slice_utilization": 1.0,
   "exit_rate": 0.0,
   "risk_exited": 0.0,
   "energy_pj": 1609.0726399999999,
   "energy_fixed_order_pj": 1571.38944,
   "energy_ratio": 1.023980815347722,
   "ssp_overhead_frac": 0.0234192037470726,
   "risk_bound_thm1": 0.08749999999999998,
   "bound_satisfied": true
  }
 ],
 "revisit": {
  "revisit_rate": 0.0,
  "distinct_curve": [
   1.0,
   2.0,
   3.0,
   4.0,
   5.0,
   6.0,
   7.0,
   8.0,
   9.0,
   10.0,
   11.0,
   12.0,
   13.0,
   14.0,
   15.0,
   16.0
  ],
  "final_distinct": 16.0
 },
 "drift": {
  "delta_hat": 0.018586328253149986,
  "delta_min_step": -0.010301810689270496,
  "per_step_drift": [
   0.10418401658535004,
   0.06373503804206848,
   0.050664640963077545,
   0.026817983016371727,
   0.01379789225757122,
   0.01779840514063835,
   0.0030454599764198065,
   0.0018504014005884528,
   0.000779894005972892,
   0.008929355069994926,
   -0.0023826828692108393,
   -0.009306889958679676,
   0.01521461084485054,
   -0.010301810689270496,
   -0.006031375378370285
  ],
  "m1_mean": 0.13142184913158417,
  "frac_negative_drift_samples": 0.11250000447034836
 },
 "ece": 0.2679746019900912,
 "aurc": 0.0133164431899786,
 "ssp_param_count": 8576,
 "total_param_count": 35216,
 "ssp_param_frac": 0.24352567014993184,
 "variant": "random",
 "seed": 0,
 "experiment": "A5_policy",
 "dataset": "synthetic",
 "per_class_acc": [
  0.8333333333333334,
  0.8333333333333334,
  1.0,
  1.0,
  0.8,
  0.8,
  0.8666666666666667,
  0.9666666666666667
 ],
 "per_class_exit": [
  12.566667556762695,
  12.233333587646484,
  5.1666669845581055,
  4.0,
  9.300000190734863,
  14.166666984558105,
  6.033333778381348,
  3.366666793823242
 ],
 "exit_hist": [
  0,
  0,
  8,
  32,
  39,
  24,
  18,
  17,
  10,
  6,
  6,
  8,
  7,
  2,
  4,
  2,
  57
 ]
}