{
 "acc_full_T": 0.9333333969116211,
 "theta_rows": [
  {
   "theta": 0.5,
   "accuracy": 0.98333340883255,
   "avg_slices": 7.075000286102295,
   "slice_utilization": 0.44218751788139343,
   "exit_rate": 0.8333333730697632,
   "risk_exited": 0.005,
   "energy_pj": 711.5118367724608,
   "energy_fixed_order_pj": 1571.38944,
   "energy_ratio": 0.4527915350967745,
   "ssp_overhead_frac": 0.0234192037470726,
   "risk_bound_thm1": 0.4375,
   "bound_satisfied": true
  },
  {
   "theta": 0.7,
   "accuracy": 0.9333333969116211,
   "avg_slices": 13.375000953674316,
   "slice_utilization": 0.8359375596046448,
   "exit_rate": 0.31666669249534607,
   "risk_exited": 0.0,
   "energy_pj": 1345.0842559082027,
   "energy_fixed_order_pj": 1571.38944,
   "energy_ratio": 0.8559840238637487,
   "ssp_overhead_frac": 0.023419203747072605,
   "risk_bound_thm1": 0.26250000000000007,
   "bound_satisfied": true
  },
  {
   "theta": 0.9,
   "accuracy": 0.9333333969116211,
   "avg_slices": 16.0,
   "slice_utilization": 1.0,
   "exit_rate": 0.0,
   "risk_exited": 0.0,
   "energy_pj": 1609.0726399999999,
   "energy_fixed_order_pj": 1571.38944,
   "energy_ratio": 1.023980815347722,
   "ssp_overhead_frac": 0.0234192037470726,
   "risk_bound_thm1": 0.08749999999999998,
   "bound_satisfied": true
  }
 ],
 "revisit": {
  "revisit_rate": 0.0,
  "distinct_curve": [
   1.0,
   2.0,
   3.0,
   4.0,
   5.0,
   6.0,
   7.0,
   8.0,
   9.0,
   10.0,
   11.0,
   12.0,
   13.0,
   14.0,
   15.0,
   16.0
  ],
  "final_distinct": 16.0
 },
 "drift": {
  "delta_hat": 0.019222259521484375,
  "delta_min_step": -0.026215435937047005,
  "per_step_drift": [
   0.14193756878376007,
   0.06797512620687485,
   0.04709573835134506,
   0.03162707760930061,
   0.02101046033203602,
   -0.016842177137732506,
   0.009116359986364841,
   -0.004130007233470678,
   -0.0069342199712991714,
   -0.007811522111296654,
   -0.005425610579550266,
   0.005447191186249256,
   0.012796511873602867,
   0.018686838448047638,
   -0.026215435937047005
  ],
  "m1_mean": 0.1522640585899353,
  "frac_negative_drift_samples": 0.07916667312383652
 },
 "ece": 0.289699909782825,
 "aurc": 0.0056175971403717995,
 "ssp_param_count": 8640,
 "total_param_count": 35280,
 "ssp_param_frac": 0.24489795918367346,
 "variant": "geometry_only",
 "seed": 0,
 "experiment": "A5_policy",
 "dataset": "synthetic",
 "per_class_acc": [
  0.8,
  0.8666666666666667,
  1.0,
  1.0,
  0.9,
  0.9333333333333333,
  0.9666666666666667,
  1.0
 ],
 "per_class_exit": [
  13.366667747497559,
  9.633334159851074,
  3.266666889190674,
  3.000000238418579,
  7.433333873748779,
  12.966667175292969,
  3.566666841506958,
  3.366666793823242
 ],
 "exit_hist": [
  0,
  0,
  29,
  51,
  31,
  25,
  12,
  9,
  9,
  6,
  8,
  4,
  5,
  4,
  4,
  3,
  40
 ]
}