{
 "acc_full_T": 0.32333871722221375,
 "theta_rows": [
  {
   "theta": 0.5,
   "accuracy": 0.3330632150173187,
   "avg_slices": 12.883710861206055,
   "slice_utilization": 0.8052319288253784,
   "exit_rate": 0.3200972378253937,
   "risk_exited": 0.4050632911392405,
   "energy_pj": 9643.232887695312,
   "energy_fixed_order_pj": 11938.037760000001,
   "energy_ratio": 0.8077736962774786,
   "ssp_overhead_frac": 0.0031466331025802393,
   "risk_bound_thm1": 0.4875,
   "bound_satisfied": true
  },
  {
   "theta": 0.7,
   "accuracy": 0.3269854187965393,
   "avg_slices": 14.445300102233887,
   "slice_utilization": 0.9028312563896179,
   "exit_rate": 0.16247974336147308,
   "risk_exited": 0.22942643391521197,
   "energy_pj": 10812.055200488281,
   "energy_fixed_order_pj": 11938.037760000001,
   "energy_ratio": 0.9056811025272113,
   "ssp_overhead_frac": 0.0031466331025802393,
   "risk_bound_thm1": 0.29250000000000004,
   "bound_satisfied": true
  },
  {
   "theta": 0.9,
   "accuracy": 0.32576984167099,
   "avg_slices": 15.635332107543945,
   "slice_utilization": 0.9772082567214966,
   "exit_rate": 0.040113452821969986,
   "risk_exited": 0.09090909090909091,
   "energy_pj": 11702.773402304687,
   "energy_fixed_order_pj": 11938.037760000001,
   "energy_ratio": 0.9802928787439759,
   "ssp_overhead_frac": 0.0031466331025802393,
   "risk_bound_thm1": 0.09749999999999998,
   "bound_satisfied": true
  }
 ],
 "revisit": {
  "revisit_rate": 0.0,
  "distinct_curve": [
   1.0,
   2.0,
   3.0,
   4.0,
   5.0,
   6.0,
   7.0,
   8.0,
   9.0,
   10.0,
   11.0,
   12.0,
   13.0,
   14.0,
   15.0,
   16.0
  ],
  "final_distinct": 16.0
 },
 "drift": {
  "delta_hat": 0.010381685569882393,
  "delta_min_step": -0.015667270869016647,
  "per_step_drift": [
   0.06507711112499237,
   0.0609450601041317,
   0.038032758980989456,
   0.02718222513794899,
   0.01614915393292904,
   0.00762522267177701,
   0.0037147561088204384,
   0.0016151005402207375,
   -0.0034155575558543205,
   -0.006515477318316698,
   -0.006430434063076973,
   -0.00482660299167037,
   -0.012124103493988514,
   -0.01563667319715023,
   -0.015667270869016647
  ],
  "m1_mean": 0.044999510049819946,
  "frac_negative_drift_samples": 0.17504051327705383
 },
 "ece": 0.02408107920826852,
 "aurc": 0.47692474722862244,
 "ssp_param_count": 8640,
 "total_param_count": 48016,
 "ssp_param_frac": 0.17994001999333556,
 "variant": "geometry_only",
 "seed": 0,
 "experiment": "A5_policy",
 "dataset": "modelnet40",
 "per_class_acc": [
  0.93,
  0.0,
  0.32,
  0.0,
  0.8,
  0.57,
  0.0,
  0.0,
  0.85,
  0.0,
  0.0,
  0.4,
  0.0,
  0.2,
  0.627906976744186,
  0.0,
  0.0,
  0.89,
  0.65,
  0.0,
  0.0,
  0.13,
  0.64,
  0.09302325581395349,
  0.05,
  0.0,
  0.02,
  0.0,
  0.0,
  0.0,
  0.54,
  0.0,
  0.0,
  0.13,
  0.0,
  0.31,
  0.31,
  0.66,
  0.0,
  0.0
 ],
 "per_class_exit": [
  3.0399999618530273,
  15.319999694824219,
  15.239999771118164,
  14.0,
  5.190000057220459,
  12.829999923706055,
  16.0,
  15.229999542236328,
  8.389999389648438,
  16.0,
  15.5,
  14.600000381469727,
  15.39534854888916,
  15.550000190734863,
  16.0,
  14.600000381469727,
  15.699999809265137,
  4.349999904632568,
  14.75,
  10.90000057220459,
  15.300000190734863,
  13.299999237060547,
  15.219999313354492,
  14.872093200683594,
  12.550000190734863,
  14.25999927520752,
  13.75,
  14.050000190734863,
  14.710000038146973,
  14.949999809265137,
  12.059999465942383,
  13.949999809265137,
  9.550000190734863,
  13.179999351501465,
  15.699999809265137,
  16.0,
  12.619999885559082,
  14.59999942779541,
  12.65000057220459,
  13.65000057220459
 ],
 "exit_hist": [
  0,
  0,
  64,
  177,
  94,
  71,
  69,
  50,
  62,
  50,
  36,
  29,
  23,
  32,
  17,
  16,
  1678
 ]
}