{
 "acc_full_T": 0.40859028697013855,
 "theta_rows": [
  {
   "theta": 0.7,
   "accuracy": 0.4129955768585205,
   "avg_slices": 14.569382667541504,
   "slice_utilization": 0.910586416721344,
   "exit_rate": 0.1850220263004303,
   "risk_exited": 0.39880952380952384,
   "energy_pj": 10904.928836621093,
   "energy_fixed_order_pj": 11938.037760000001,
   "energy_ratio": 0.9134607425317016,
   "ssp_overhead_frac": 0.0031466331025802393,
   "risk_bound_thm1": 0.27,
   "bound_satisfied": false
  }
 ],
 "revisit": {
  "revisit_rate": 0.0,
  "distinct_curve": [
   1.0,
   2.0,
   3.0,
   4.0,
   5.0,
   6.0,
   7.0,
   8.0,
   9.0,
   10.0,
   11.0,
   12.0,
   13.0,
   14.0,
   15.0,
   16.0
  ],
  "final_distinct": 16.0
 },
 "drift": {
  "delta_hat": 0.014996995218098164,
  "delta_min_step": -0.001974104205146432,
  "per_step_drift": [
   0.06238515302538872,
   0.05361519008874893,
   0.0355289950966835,
   0.02338349260389805,
   0.013020862825214863,
   0.010771352797746658,
   -0.00016147055430337787,
   -0.001974104205146432,
   -0.0016244759317487478,
   -0.0011095108930021524,
   0.001636233297176659,
   0.0037317390087991953,
   0.0013958084164187312,
   0.015069207176566124,
   0.009286431595683098
  ],
  "m1_mean": 0.07687739282846451,
  "frac_negative_drift_samples": 0.1729074865579605
 },
 "ece": 0.103911774466108,
 "aurc": 0.4864840507507324,
 "ssp_param_count": 8576,
 "total_param_count": 44052,
 "ssp_param_frac": 0.19467901570870788,
 "variant": "only_spread",
 "seed": 0,
 "experiment": "A3_geometry",
 "dataset": "modelnet10",
 "per_class_acc": [
  0.0,
  0.44,
  0.92,
  0.0,
  0.686046511627907,
  0.72,
  0.12790697674418605,
  0.52,
  0.07,
  0.34
 ],
 "per_class_exit": [
  14.920000076293945,
  15.75999927520752,
  6.920000076293945,
  15.39534854888916,
  16.0,
  15.739999771118164,
  14.988371849060059,
  15.969999313354492,
  14.9399995803833,
  15.609999656677246
 ],
 "exit_hist": [
  0,
  0,
  0,
  25,
  19,
  16,
  14,
  11,
  9,
  6,
  12,
  9,
  6,
  12,
  11,
  18,
  740
 ]
}