acc_full_T,accuracy,aurc,avg_slices,bound_satisfied,dataset,delta_hat,ece,energy_fixed_order_pj,energy_pj,energy_ratio,exit_rate,experiment,final_distinct,revisit_rate,risk_bound_thm1,risk_exited,seed,slice_utilization,ssp_overhead_frac,ssp_params,theta,variant
0.13199999928474426,0.13679999113082886,0.7739630937576294,15.595699310302734,True,cifar100,0.0050177499651908875,0.04866835681930177,6014.238719999999,5898.997157109375,0.9808385452829806,0.05040000006556511,A5_policy,16.0,0.0,0.495,0.3869047619047619,0,0.9747312068939209,0.006226650062266501,8640,0.5,geometry_only
0.13199999928474426,0.13259999454021454,0.7739630937576294,15.896899223327637,True,cifar100,0.0050177499651908875,0.04866835681930177,6014.238719999999,6012.924554355468,0.9997814909407967,0.013199999928474426,A5_policy,16.0,0.0,0.29700000000000004,0.21212121212121213,0,0.9935562014579773,0.006226650062266501,8640,0.7,geometry_only
0.13199999928474426,0.13199999928474426,0.7739630937576294,15.99779987335205,True,cifar100,0.0050177499651908875,0.04866835681930177,6014.238719999999,6051.089732832032,1.0061272946664865,0.00039999998989515007,A5_policy,16.0,0.0,0.09899999999999999,0.0,0,0.9998624920845032,0.0062266500622665,8640,0.9,geometry_only
