{
 "acc_full_T": 0.8458333611488342,
 "theta_rows": [
  {
   "theta": 0.7,
   "accuracy": 0.8500000238418579,
   "avg_slices": 12.487500190734863,
   "slice_utilization": 0.780468761920929,
   "exit_rate": 0.42916667461395264,
   "risk_exited": 0.0,
   "energy_pj": 1233.7730108447263,
   "energy_fixed_order_pj": 1571.38944,
   "energy_ratio": 0.7851478312370015,
   "ssp_overhead_frac": 0.00595947556615018,
   "risk_bound_thm1": 0.26250000000000007,
   "bound_satisfied": true
  }
 ],
 "revisit": {
  "revisit_rate": 0.0,
  "distinct_curve": [
   1.0,
   2.0,
   3.0,
   4.0,
   5.0,
   6.0,
   7.0,
   8.0,
   9.0,
   10.0,
   11.0,
   12.0,
   13.0,
   14.0,
   15.0,
   16.0
  ],
  "final_distinct": 16.0
 },
 "drift": {
  "delta_hat": 0.020083071663975716,
  "delta_min_step": -0.015242491848766804,
  "per_step_drift": [
   0.12003447115421295,
   0.09272940456867218,
   0.03002162091434002,
   0.042449310421943665,
   0.0017144799930974841,
   0.021968703716993332,
   0.007933570072054863,
   0.009941606782376766,
   -0.005149747710675001,
   -0.010460364632308483,
   0.005479536950588226,
   -0.015242491848766804,
   -0.003351100953295827,
   -0.006303025409579277,
   0.009480107575654984
  ],
  "m1_mean": 0.16798128187656403,
  "frac_negative_drift_samples": 0.05416667088866234
 },
 "ece": 0.18445436728531672,
 "aurc": 0.049955692142248154,
 "ssp_param_count": 2144,
 "total_param_count": 28784,
 "ssp_param_frac": 0.0744858254585881,
 "variant": "d16",
 "seed": 0,
 "experiment": "A4_dssp",
 "dataset": "synthetic",
 "per_class_acc": [
  0.1,
  0.9333333333333333,
  1.0,
  1.0,
  0.8,
  0.9333333333333333,
  1.0,
  1.0
 ],
 "per_class_exit": [
  16.0,
  15.500000953674316,
  9.300000190734863,
  13.733333587646484,
  14.266667366027832,
  16.0,
  10.600000381469727,
  4.5
 ],
 "exit_hist": [
  0,
  0,
  0,
  13,
  4,
  16,
  6,
  12,
  7,
  14,
  11,
  5,
  6,
  0,
  4,
  5,
  137
 ]
}