{
 "acc_full_T": 0.03356890380382538,
 "theta_rows": [
  {
   "theta": 0.7,
   "accuracy": 0.03356890380382538,
   "avg_slices": 16.0,
   "slice_utilization": 1.0,
   "exit_rate": 0.0,
   "risk_exited": 0.0,
   "energy_pj": 3090.0224,
   "energy_fixed_order_pj": 3052.3392,
   "energy_ratio": 1.0123456790123457,
   "ssp_overhead_frac": 0.012195121951219513,
   "risk_bound_thm1": 0.28500000000000003,
   "bound_satisfied": true
  }
 ],
 "revisit": {
  "revisit_rate": 0.0,
  "distinct_curve": [
   1.0,
   2.0,
   3.0,
   4.0,
   5.0,
   6.0,
   7.0,
   8.0,
   9.0,
   10.0,
   11.0,
   12.0,
   13.0,
   14.0,
   15.0,
   16.0
  ],
  "final_distinct": 16.0
 },
 "drift": {
  "delta_hat": 0.001481368555687368,
  "delta_min_step": -0.010778803378343582,
  "per_step_drift": [
   0.016048135235905647,
   0.01711229979991913,
   0.015221568755805492,
   0.008718893863260746,
   0.005990587640553713,
   0.00220773508772254,
   0.000962369202170521,
   -0.0026646675541996956,
   -0.0026342158671468496,
   -0.004658597055822611,
   -0.00409449078142643,
   -0.006788475438952446,
   -0.005232844967395067,
   -0.007188967429101467,
   -0.010778803378343582
  ],
  "m1_mean": 0.014395466074347496,
  "frac_negative_drift_samples": 0.3087455928325653
 },
 "ece": 0.08305848238065378,
 "aurc": 0.9617027044296265,
 "ssp_param_count": 1920,
 "total_param_count": 30120,
 "ssp_param_frac": 0.06374501992031872,
 "variant": "d64_rank8",
 "seed": 0,
 "experiment": "A4_dssp",
 "dataset": "shd",
 "per_class_acc": [
  0.0,
  0.0,
  0.0,
  0.0,
  0.0,
  0.0,
  0.0,
  0.0,
  0.0,
  0.3883495145631068,
  0.0,
  0.11570247933884298,
  0.049586776859504134,
  0.0,
  0.02608695652173913,
  0.0,
  0.1016949152542373,
  0.0,
  0.008130081300813009,
  0.0
 ],
 "per_class_exit": [
  16.0,
  16.0,
  16.0,
  16.0,
  16.0,
  15.999999046325684,
  15.999999046325684,
  15.999999046325684,
  16.0,
  16.0,
  15.999999046325684,
  15.999999046325684,
  15.999999046325684,
  16.0,
  15.999999046325684,
  16.0,
  16.0,
  15.999999046325684,
  15.999999046325684,
  16.0
 ],
 "exit_hist": [
  0,
  0,
  0,
  0,
  0,
  0,
  0,
  0,
  0,
  0,
  0,
  0,
  0,
  0,
  0,
  0,
  2264
 ]
}