{
 "acc_full_T": 0.07994699478149414,
 "theta_rows": [
  {
   "theta": 0.7,
   "accuracy": 0.07994699478149414,
   "avg_slices": 16.0,
   "slice_utilization": 1.0,
   "exit_rate": 0.0,
   "risk_exited": 0.0,
   "energy_pj": 3090.0224,
   "energy_fixed_order_pj": 3052.3392,
   "energy_ratio": 1.0123456790123457,
   "ssp_overhead_frac": 0.012195121951219513,
   "risk_bound_thm1": 0.28500000000000003,
   "bound_satisfied": true
  }
 ],
 "revisit": {
  "revisit_rate": 0.0,
  "distinct_curve": [
   1.0,
   2.0,
   3.0,
   4.0,
   5.0,
   6.0,
   7.0,
   8.0,
   9.0,
   10.0,
   11.0,
   12.0,
   13.0,
   14.0,
   15.0,
   16.0
  ],
  "final_distinct": 16.0
 },
 "drift": {
  "delta_hat": 0.0018631969578564167,
  "delta_min_step": -0.004651091992855072,
  "per_step_drift": [
   0.02429100126028061,
   0.013716887682676315,
   0.005023590754717588,
   0.0010738526470959187,
   0.0017726575024425983,
   0.0004947477136738598,
   0.0005234627751633525,
   -0.0005849146982654929,
   -0.0010055958991870284,
   -0.002677933545783162,
   -0.002489957259967923,
   -0.0016466862289234996,
   -0.0036063329316675663,
   -0.004651091992855072,
   -0.002285737544298172
  ],
  "m1_mean": 0.02523788809776306,
  "frac_negative_drift_samples": 0.34584805369377136
 },
 "ece": 0.05785923478031012,
 "aurc": 0.8825429677963257,
 "ssp_param_count": 8576,
 "total_param_count": 36776,
 "ssp_param_frac": 0.2331955623232543,
 "variant": "no_spread",
 "seed": 0,
 "experiment": "A3_geometry",
 "dataset": "shd",
 "per_class_acc": [
  0.0,
  0.0,
  0.0,
  0.0,
  0.0,
  0.0,
  0.8623853211009175,
  0.0,
  0.0,
  0.6601941747572816,
  0.0,
  0.04132231404958678,
  0.09917355371900827,
  0.0,
  0.017391304347826087,
  0.0,
  0.0,
  0.0,
  0.0,
  0.0
 ],
 "per_class_exit": [
  16.0,
  16.0,
  16.0,
  16.0,
  16.0,
  15.999999046325684,
  15.999999046325684,
  15.999999046325684,
  16.0,
  16.0,
  15.999999046325684,
  15.999999046325684,
  15.999999046325684,
  16.0,
  15.999999046325684,
  16.0,
  16.0,
  15.999999046325684,
  15.999999046325684,
  16.0
 ],
 "exit_hist": [
  0,
  0,
  0,
  0,
  0,
  0,
  0,
  0,
  0,
  0,
  0,
  0,
  0,
  0,
  0,
  0,
  2264
 ]
}