{
 "acc_full_T": 0.16333332657814026,
 "theta_rows": [
  {
   "theta": 0.7,
   "accuracy": 0.16333332657814026,
   "avg_slices": 1.0,
   "slice_utilization": 0.0625,
   "exit_rate": 1.0,
   "risk_exited": 0.8366666666666667,
   "energy_pj": 193.1264,
   "energy_fixed_order_pj": 3052.3392,
   "energy_ratio": 0.06327160493827161,
   "ssp_overhead_frac": 0.012195121951219513,
   "risk_bound_thm1": 0.27,
   "bound_satisfied": false
  }
 ],
 "revisit": {
  "revisit_rate": 0.0,
  "distinct_curve": [
   1.0,
   2.0,
   3.0,
   4.0,
   5.0,
   6.0,
   7.0,
   8.0,
   9.0,
   10.0,
   11.0,
   12.0,
   13.0,
   14.0,
   15.0,
   16.0
  ],
  "final_distinct": 16.0
 },
 "drift": {
  "delta_hat": 0.01664303056895733,
  "delta_min_step": 4.589557647705078e-06,
  "per_step_drift": [
   0.1949462592601776,
   0.03545236587524414,
   0.010743498802185059,
   0.004310309886932373,
   0.002007126808166504,
   0.0010132193565368652,
   0.0005345344543457031,
   0.0002892613410949707,
   0.0001583099365234375,
   8.744001388549805e-05,
   4.851818084716797e-05,
   2.682209014892578e-05,
   1.5020370483398438e-05,
   8.225440979003906e-06,
   4.589557647705078e-06
  ],
  "m1_mean": 0.7375519275665283,
  "frac_negative_drift_samples": 0.0
 },
 "ece": 0.8300385177135468,
 "aurc": 0.5407825708389282,
 "ssp_param_count": 8576,
 "total_param_count": 35476,
 "ssp_param_frac": 0.24174089525312886,
 "variant": "full",
 "seed": 0,
 "experiment": "A3_geometry",
 "dataset": "nmnist",
 "per_class_acc": [
  1.0,
  0.0,
  0.0,
  0.0,
  0.0,
  0.0,
  0.0,
  0.0,
  0.0,
  0.0
 ],
 "per_class_exit": [
  0.9999999403953552,
  1.0,
  1.0,
  1.0,
  1.0,
  1.0,
  NaN,
  NaN,
  NaN,
  NaN
 ],
 "exit_hist": [
  0,
  6000,
  0,
  0,
  0,
  0,
  0,
  0,
  0,
  0,
  0,
  0,
  0,
  0,
  0,
  0,
  0
 ]
}