{
 "acc_full_T": 0.446035236120224,
 "theta_rows": [
  {
   "theta": 0.5,
   "accuracy": 0.4240087866783142,
   "avg_slices": 12.703743934631348,
   "slice_utilization": 0.7939839959144592,
   "exit_rate": 0.3909691572189331,
   "risk_exited": 0.447887323943662,
   "energy_pj": 9508.530781777345,
   "energy_fixed_order_pj": 11938.037760000001,
   "energy_ratio": 0.7964902585278256,
   "ssp_overhead_frac": 0.003146633102580239,
   "risk_bound_thm1": 0.45,
   "bound_satisfied": true
  },
  {
   "theta": 0.7,
   "accuracy": 0.4328193664550781,
   "avg_slices": 14.461453437805176,
   "slice_utilization": 0.9038408398628235,
   "exit_rate": 0.18722465634346008,
   "risk_exited": 0.45294117647058824,
   "energy_pj": 10824.14569044922,
   "energy_fixed_order_pj": 11938.037760000001,
   "energy_ratio": 0.906693872816936,
   "ssp_overhead_frac": 0.003146633102580239,
   "risk_bound_thm1": 0.27,
   "bound_satisfied": false
  },
  {
   "theta": 0.9,
   "accuracy": 0.4449338912963867,
   "avg_slices": 15.592510223388672,
   "slice_utilization": 0.974531888961792,
   "exit_rate": 0.06387665122747421,
   "risk_exited": 0.13793103448275862,
   "energy_pj": 11670.721968828126,
   "energy_fixed_order_pj": 11938.037760000001,
   "energy_ratio": 0.9776080628537168,
   "ssp_overhead_frac": 0.003146633102580239,
   "risk_bound_thm1": 0.08999999999999998,
   "bound_satisfied": false
  }
 ],
 "revisit": {
  "revisit_rate": 0.0,
  "distinct_curve": [
   1.0,
   2.0,
   3.0,
   4.0,
   5.0,
   6.0,
   7.0,
   8.0,
   9.0,
   10.0,
   11.0,
   12.0,
   13.0,
   14.0,
   15.0,
   16.0
  ],
  "final_distinct": 16.0
 },
 "drift": {
  "delta_hat": 0.013474843464791775,
  "delta_min_step": -0.007427274249494076,
  "per_step_drift": [
   0.06432127952575684,
   0.03713952377438545,
   0.023122891783714294,
   0.02163994498550892,
   0.01923586241900921,
   0.00567506393417716,
   0.008097110316157341,
   0.009002907201647758,
   0.005009374115616083,
   0.007266218774020672,
   0.0045313118025660515,
   0.0023919378872960806,
   -0.003207098925486207,
   -0.007427274249494076,
   0.005323571152985096
  ],
  "m1_mean": 0.06685838103294373,
  "frac_negative_drift_samples": 0.19933919608592987
 },
 "ece": 0.053060446988232646,
 "aurc": 0.3863163888454437,
 "ssp_param_count": 8576,
 "total_param_count": 44052,
 "ssp_param_frac": 0.19467901570870788,
 "variant": "random",
 "seed": 0,
 "experiment": "A5_policy",
 "dataset": "modelnet10",
 "per_class_acc": [
  0.0,
  0.32,
  0.96,
  0.0,
  0.5116279069767442,
  0.77,
  0.08139534883720931,
  0.84,
  0.31,
  0.34
 ],
 "per_class_exit": [
  13.139999389648438,
  14.380000114440918,
  5.269999980926514,
  14.616278648376465,
  15.860465049743652,
  12.359999656677246,
  14.220930099487305,
  13.559999465942383,
  9.630000114440918,
  15.139999389648438
 ],
 "exit_hist": [
  0,
  0,
  27,
  39,
  27,
  31,
  40,
  28,
  21,
  25,
  23,
  24,
  19,
  24,
  15,
  12,
  553
 ]
}