{
 "acc_full_T": 0.07508833706378937,
 "theta_rows": [
  {
   "theta": 0.7,
   "accuracy": 0.07508833706378937,
   "avg_slices": 16.0,
   "slice_utilization": 1.0,
   "exit_rate": 0.0,
   "risk_exited": 0.0,
   "energy_pj": 3071.1808,
   "energy_fixed_order_pj": 3052.3392,
   "energy_ratio": 1.0061728395061729,
   "ssp_overhead_frac": 0.006134969325153374,
   "risk_bound_thm1": 0.28500000000000003,
   "bound_satisfied": true
  }
 ],
 "revisit": {
  "revisit_rate": 0.0,
  "distinct_curve": [
   1.0,
   2.0,
   3.0,
   4.0,
   5.0,
   6.0,
   7.0,
   8.0,
   9.0,
   10.0,
   11.0,
   12.0,
   13.0,
   14.0,
   15.0,
   16.0
  ],
  "final_distinct": 16.0
 },
 "drift": {
  "delta_hat": 0.0023084054701030254,
  "delta_min_step": -0.008583001792430878,
  "per_step_drift": [
   0.017742032185196877,
   0.016531992703676224,
   0.012166843749582767,
   0.005857952870428562,
   0.0034270414616912603,
   0.0013799755834043026,
   -7.897031173342839e-05,
   -0.0002758745977189392,
   -0.0006585345836356282,
   -0.0008637343998998404,
   -0.0025900963228195906,
   -0.0024709198623895645,
   -0.0028695014771074057,
   -0.004089122172445059,
   -0.008583001792430878
  ],
  "m1_mean": 0.01436244510114193,
  "frac_negative_drift_samples": 0.18021202087402344
 },
 "ece": 0.0613340188655624,
 "aurc": 0.9177283048629761,
 "ssp_param_count": 4288,
 "total_param_count": 32488,
 "ssp_param_frac": 0.13198719527210045,
 "variant": "d32",
 "seed": 0,
 "experiment": "A4_dssp",
 "dataset": "shd",
 "per_class_acc": [
  0.0,
  0.0,
  0.0,
  0.0,
  0.0,
  0.0,
  0.5688073394495413,
  0.0,
  0.0,
  0.0,
  0.0,
  0.03305785123966942,
  0.0,
  0.0,
  0.0,
  0.0,
  0.0,
  0.8512396694214877,
  0.008130081300813009,
  0.0
 ],
 "per_class_exit": [
  16.0,
  16.0,
  16.0,
  16.0,
  16.0,
  15.999999046325684,
  15.999999046325684,
  15.999999046325684,
  16.0,
  16.0,
  15.999999046325684,
  15.999999046325684,
  15.999999046325684,
  16.0,
  15.999999046325684,
  16.0,
  16.0,
  15.999999046325684,
  15.999999046325684,
  16.0
 ],
 "exit_hist": [
  0,
  0,
  0,
  0,
  0,
  0,
  0,
  0,
  0,
  0,
  0,
  0,
  0,
  0,
  0,
  0,
  2264
 ]
}