{
 "acc_full_T": 0.4479999840259552,
 "theta_rows": [
  {
   "theta": 0.7,
   "accuracy": 0.4544999897480011,
   "avg_slices": 14.571499824523926,
   "slice_utilization": 0.9107187390327454,
   "exit_rate": 0.21229998767375946,
   "risk_exited": 0.25577013659915215,
   "energy_pj": 5479.424828094482,
   "energy_fixed_order_pj": 6014.238719999999,
   "energy_ratio": 0.9110753801429556,
   "ssp_overhead_frac": 0.0003914507163548109,
   "risk_bound_thm1": 0.27,
   "bound_satisfied": true
  }
 ],
 "revisit": {
  "revisit_rate": 0.0,
  "distinct_curve": [
   1.0,
   2.0,
   3.0,
   4.0,
   5.0,
   6.0,
   7.0,
   8.0,
   9.0,
   10.0,
   11.0,
   12.0,
   13.0,
   14.0,
   15.0,
   16.0
  ],
  "final_distinct": 16.0
 },
 "drift": {
  "delta_hat": 0.01743747666478157,
  "delta_min_step": -0.0037651732563972473,
  "per_step_drift": [
   0.039645299315452576,
   0.0501926988363266,
   0.04253452643752098,
   0.03500702977180481,
   0.025071389973163605,
   0.020255140960216522,
   0.017063552513718605,
   0.015263448469340801,
   0.010022963397204876,
   0.007816149853169918,
   0.00307937222532928,
   0.002697852673009038,
   -0.0009502824395895004,
   -0.002371829468756914,
   -0.0037651732563972473
  ],
  "m1_mean": 0.04273127764463425,
  "frac_negative_drift_samples": 0.10719999670982361
 },
 "ece": 0.07720622423485203,
 "aurc": 0.4002755880355835,
 "ssp_param_count": 536,
 "total_param_count": 60204,
 "ssp_param_frac": 0.008903062919407349,
 "variant": "d4",
 "seed": 0,
 "experiment": "A4_dssp",
 "dataset": "cifar10",
 "per_class_acc": [
  0.613,
  0.5,
  0.353,
  0.336,
  0.378,
  0.327,
  0.526,
  0.423,
  0.596,
  0.428
 ],
 "per_class_exit": [
  14.17300033569336,
  14.080000877380371,
  15.32300090789795,
  15.643000602722168,
  15.134000778198242,
  15.794000625610352,
  13.802000999450684,
  14.132000923156738,
  12.759000778198242,
  14.875000953674316
 ],
 "exit_hist": [
  0,
  0,
  0,
  7,
  86,
  168,
  189,
  244,
  241,
  221,
  211,
  202,
  172,
  140,
  127,
  115,
  7877
 ]
}