{
 "acc_full_T": 0.5033039450645447,
 "theta_rows": [
  {
   "theta": 0.7,
   "accuracy": 0.49339205026626587,
   "avg_slices": 13.549558639526367,
   "slice_utilization": 0.846847414970398,
   "exit_rate": 0.29845812916755676,
   "risk_exited": 0.35793357933579334,
   "energy_pj": 10141.608337382813,
   "energy_fixed_order_pj": 11938.037760000001,
   "energy_ratio": 0.8495205444368449,
   "ssp_overhead_frac": 0.003146633102580239,
   "risk_bound_thm1": 0.27,
   "bound_satisfied": false
  }
 ],
 "revisit": {
  "revisit_rate": 0.0,
  "distinct_curve": [
   1.0,
   2.0,
   3.0,
   4.0,
   5.0,
   6.0,
   7.0,
   8.0,
   9.0,
   10.0,
   11.0,
   12.0,
   13.0,
   14.0,
   15.0,
   16.0
  ],
  "final_distinct": 16.0
 },
 "drift": {
  "delta_hat": 0.01807359606027603,
  "delta_min_step": -0.007341328542679548,
  "per_step_drift": [
   0.07845493406057358,
   0.07152940332889557,
   0.05199895799160004,
   0.03555210679769516,
   0.019927339628338814,
   0.02007725089788437,
   0.008737046271562576,
   0.0032815253362059593,
   -0.005034999921917915,
   -0.004316081292927265,
   -0.007341328542679548,
   9.308932203566656e-05,
   -0.0028199756052345037,
   -0.0014250086387619376,
   0.0023896575439721346
  ],
  "m1_mean": 0.07080408185720444,
  "frac_negative_drift_samples": 0.14757709205150604
 },
 "ece": 0.04579766245495066,
 "aurc": 0.30872872471809387,
 "ssp_param_count": 8576,
 "total_param_count": 44052,
 "ssp_param_frac": 0.19467901570870788,
 "variant": "no_centroid",
 "seed": 0,
 "experiment": "A3_geometry",
 "dataset": "modelnet10",
 "per_class_acc": [
  0.0,
  0.53,
  0.83,
  0.0,
  0.7093023255813954,
  0.82,
  0.20930232558139536,
  0.55,
  0.59,
  0.46
 ],
 "per_class_exit": [
  12.880000114440918,
  15.269999504089355,
  4.920000076293945,
  14.651163101196289,
  16.0,
  14.329999923706055,
  15.372093200683594,
  15.319999694824219,
  12.019999504089355,
  15.149999618530273
 ],
 "exit_hist": [
  0,
  0,
  29,
  26,
  32,
  22,
  13,
  14,
  9,
  22,
  18,
  19,
  23,
  8,
  18,
  18,
  637
 ]
}