{
 "acc_full_T": 0.4465000033378601,
 "theta_rows": [
  {
   "theta": 0.7,
   "accuracy": 0.45569998025894165,
   "avg_slices": 14.550600051879883,
   "slice_utilization": 0.9094125032424927,
   "exit_rate": 0.20999999344348907,
   "risk_exited": 0.23047619047619047,
   "energy_pj": 5537.9630359375,
   "energy_fixed_order_pj": 6014.238719999999,
   "energy_ratio": 0.9208086498996668,
   "ssp_overhead_frac": 0.012376237623762377,
   "risk_bound_thm1": 0.27,
   "bound_satisfied": true
  }
 ],
 "revisit": {
  "revisit_rate": 0.0,
  "distinct_curve": [
   1.0,
   2.0,
   3.0,
   4.0,
   5.0,
   6.0,
   7.0,
   8.0,
   9.0,
   10.0,
   11.0,
   12.0,
   13.0,
   14.0,
   15.0,
   16.0
  ],
  "final_distinct": 16.0
 },
 "drift": {
  "delta_hat": 0.0177511777728796,
  "delta_min_step": -0.0032432135194540024,
  "per_step_drift": [
   0.04059761390089989,
   0.05072753503918648,
   0.04245957359671593,
   0.03376457840204239,
   0.025957530364394188,
   0.021127186715602875,
   0.01766769401729107,
   0.012021939270198345,
   0.009616789408028126,
   0.007416450418531895,
   0.0038355407305061817,
   0.004314335063099861,
   0.0008942554122768342,
   -0.0032432135194540024,
   -0.000890132097993046
  ],
  "m1_mean": 0.04159929230809212,
  "frac_negative_drift_samples": 0.10109999775886536
 },
 "ece": 0.08084248809534039,
 "aurc": 0.399265855550766,
 "ssp_param_count": 17152,
 "total_param_count": 76820,
 "ssp_param_frac": 0.22327518875292893,
 "variant": "d128",
 "seed": 0,
 "experiment": "A4_dssp",
 "dataset": "cifar10",
 "per_class_acc": [
  0.634,
  0.471,
  0.354,
  0.333,
  0.393,
  0.318,
  0.522,
  0.451,
  0.567,
  0.422
 ],
 "per_class_exit": [
  14.292000770568848,
  14.074000358581543,
  15.35400104522705,
  15.723000526428223,
  15.1850004196167,
  15.833001136779785,
  13.599000930786133,
  13.980000495910645,
  12.709000587463379,
  14.757000923156738
 ],
 "exit_hist": [
  0,
  0,
  0,
  8,
  100,
  195,
  207,
  231,
  230,
  223,
  205,
  177,
  148,
  155,
  102,
  119,
  7900
 ]
}