{
 "acc_full_T": 0.13689999282360077,
 "theta_rows": [
  {
   "theta": 0.7,
   "accuracy": 0.13809999823570251,
   "avg_slices": 15.87299919128418,
   "slice_utilization": 0.9920624494552612,
   "exit_rate": 0.01759999990463257,
   "risk_exited": 0.2840909090909091,
   "energy_pj": 6003.884483867188,
   "energy_fixed_order_pj": 6014.238719999999,
   "energy_ratio": 0.9982783795896928,
   "ssp_overhead_frac": 0.006226650062266501,
   "risk_bound_thm1": 0.29700000000000004,
   "bound_satisfied": true
  }
 ],
 "revisit": {
  "revisit_rate": 0.0,
  "distinct_curve": [
   1.0,
   2.0,
   3.0,
   4.0,
   5.0,
   6.0,
   7.0,
   8.0,
   9.0,
   10.0,
   11.0,
   12.0,
   13.0,
   14.0,
   15.0,
   16.0
  ],
  "final_distinct": 16.0
 },
 "drift": {
  "delta_hat": 0.005774141289293766,
  "delta_min_step": -0.002651377348229289,
  "per_step_drift": [
   0.012409364804625511,
   0.019368404522538185,
   0.01866224966943264,
   0.014802892692387104,
   0.010908461175858974,
   0.007740295026451349,
   0.0044180662371218204,
   0.00499836727976799,
   0.0017275596037507057,
   -0.00011318278120597824,
   -0.0011068852618336678,
   -0.0006549234967678785,
   -0.0017042222898453474,
   -0.002192949177697301,
   -0.002651377348229289
  ],
  "m1_mean": 0.009004542604088783,
  "frac_negative_drift_samples": 0.11369999498128891
 },
 "ece": 0.057414908504129086,
 "aurc": 0.7702915072441101,
 "ssp_param_count": 8576,
 "total_param_count": 79944,
 "ssp_param_frac": 0.10727509256479535,
 "variant": "no_spread",
 "seed": 0,
 "experiment": "A3_geometry",
 "dataset": "cifar100",
 "per_class_acc": [
  0.22,
  0.31,
  0.18,
  0.0,
  0.0,
  0.11,
  0.02,
  0.01,
  0.1,
  0.02,
  0.0,
  0.0,
  0.04,
  0.05,
  0.06,
  0.04,
  0.0,
  0.2,
  0.29,
  0.01,
  0.34,
  0.37,
  0.0,
  0.44,
  0.49,
  0.02,
  0.02,
  0.26,
  0.08,
  0.0,
  0.16,
  0.04,
  0.0,
  0.36,
  0.0,
  0.0,
  0.17,
  0.03,
  0.11,
  0.03,
  0.0,
  0.19,
  0.14,
  0.29,
  0.01,
  0.03,
  0.02,
  0.14,
  0.05,
  0.25,
  0.01,
  0.02,
  0.52,
  0.48,
  0.36,
  0.0,
  0.09,
  0.12,
  0.07,
  0.02,
  0.53,
  0.18,
  0.27,
  0.22,
  0.04,
  0.02,
  0.0,
  0.28,
  0.41,
  0.14,
  0.18,
  0.49,
  0.0,
  0.43,
  0.01,
  0.06,
  0.36,
  0.01,
  0.06,
  0.15,
  0.04,
  0.04,
  0.4,
  0.1,
  0.03,
  0.15,
  0.18,
  0.08,
  0.16,
  0.1,
  0.05,
  0.02,
  0.14,
  0.02,
  0.37,
  0.24,
  0.2,
  0.05,
  0.05,
  0.04
 ],
 "per_class_exit": [
  16.0,
  15.889999389648438,
  16.0,
  16.0,
  16.0,
  16.0,
  15.789999961853027,
  16.0,
  16.0,
  16.0,
  16.0,
  16.0,
  15.960000038146973,
  16.0,
  16.0,
  15.949999809265137,
  16.0,
  16.0,
  16.0,
  16.0,
  15.929999351501465,
  16.0,
  15.799999237060547,
  15.90999984741211,
  15.9399995803833,
  16.0,
  15.9399995803833,
  16.0,
  16.0,
  16.0,
  15.969999313354492,
  16.0,
  16.0,
  15.889999389648438,
  16.0,
  16.0,
  16.0,
  15.989999771118164,
  16.0,
  15.9399995803833,
  16.0,
  16.0,
  16.0,
  16.0,
  16.0,
  16.0,
  16.0,
  15.90999984741211,
  16.0,
  15.6899995803833,
  16.0,
  16.0,
  15.869999885559082,
  14.179999351501465,
  15.9399995803833,
  16.0,
  16.0,
  15.819999694824219,
  16.0,
  15.839999198913574,
  12.269999504089355,
  16.0,
  15.589999198913574,
  16.0,
  16.0,
  15.969999313354492,
  16.0,
  15.979999542236328,
  15.670000076293945,
  16.0,
  16.0,
  15.59999942779541,
  16.0,
  16.0,
  16.0,
  16.0,
  15.420000076293945,
  16.0,
  16.0,
  16.0,
  16.0,
  16.0,
  14.170000076293945,
  15.75,
  15.960000038146973,
  16.0,
  16.0,
  16.0,
  16.0,
  16.0,
  16.0,
  16.0,
  15.769999504089355,
  16.0,
  15.119999885559082,
  16.0,
  15.880000114440918,
  16.0,
  16.0,
  16.0
 ],
 "exit_hist": [
  0,
  0,
  0,
  0,
  8,
  15,
  20,
  17,
  29,
  14,
  22,
  17,
  21,
  3,
  6,
  4,
  9824
 ]
}