{
 "acc_full_T": 0.3991085886955261,
 "theta_rows": [
  {
   "theta": 0.7,
   "accuracy": 0.40478119254112244,
   "avg_slices": 14.004861831665039,
   "slice_utilization": 0.8753038644790649,
   "exit_rate": 0.220016211271286,
   "risk_exited": 0.2430939226519337,
   "energy_pj": 10482.394836210939,
   "energy_fixed_order_pj": 11938.037760000001,
   "energy_ratio": 0.8780668185967387,
   "ssp_overhead_frac": 0.003146633102580239,
   "risk_bound_thm1": 0.29250000000000004,
   "bound_satisfied": true
  }
 ],
 "revisit": {
  "revisit_rate": 0.0,
  "distinct_curve": [
   1.0,
   2.0,
   3.0,
   4.0,
   5.0,
   6.0,
   7.0,
   8.0,
   9.0,
   10.0,
   11.0,
   12.0,
   13.0,
   14.0,
   15.0,
   16.0
  ],
  "final_distinct": 16.0
 },
 "drift": {
  "delta_hat": 0.014110368676483631,
  "delta_min_step": -0.02143584005534649,
  "per_step_drift": [
   0.062304429709911346,
   0.060195982456207275,
   0.050989456474781036,
   0.038803886622190475,
   0.028381049633026123,
   0.017896099016070366,
   0.010761315934360027,
   0.009669939056038857,
   0.0030867927707731724,
   4.624914708983852e-06,
   -0.007811187766492367,
   -0.011658851988613605,
   -0.01386465597897768,
   -0.015667513012886047,
   -0.02143584005534649
  ],
  "m1_mean": 0.04034176468849182,
  "frac_negative_drift_samples": 0.12965963780879974
 },
 "ece": 0.015158170774999346,
 "aurc": 0.3915034234523773,
 "ssp_param_count": 8576,
 "total_param_count": 47952,
 "ssp_param_frac": 0.1788455121788455,
 "variant": "d64",
 "seed": 0,
 "experiment": "A4_dssp",
 "dataset": "modelnet40",
 "per_class_acc": [
  0.92,
  0.0,
  0.49,
  0.15,
  0.87,
  0.62,
  0.0,
  0.05,
  0.86,
  0.1,
  0.0,
  0.4,
  0.011627906976744186,
  0.35,
  0.5930232558139535,
  0.0,
  0.11,
  0.86,
  0.8,
  0.05,
  0.3,
  0.13,
  0.84,
  0.1511627906976744,
  0.35,
  0.03,
  0.24,
  0.0,
  0.0,
  0.0,
  0.79,
  0.0,
  0.0,
  0.35,
  0.0,
  0.54,
  0.36,
  0.61,
  0.15,
  0.0
 ],
 "per_class_exit": [
  3.929999828338623,
  15.699999809265137,
  13.579999923706055,
  15.5,
  7.139999866485596,
  15.679999351501465,
  16.0,
  15.859999656677246,
  11.010000228881836,
  16.0,
  16.0,
  15.350000381469727,
  15.651163101196289,
  16.0,
  16.0,
  15.699999809265137,
  16.0,
  7.190000057220459,
  13.300000190734863,
  13.90000057220459,
  15.25,
  14.719999313354492,
  14.649999618530273,
  15.848836898803711,
  15.40000057220459,
  15.380000114440918,
  15.539999961853027,
  15.699999809265137,
  15.809999465942383,
  15.850000381469727,
  15.019999504089355,
  15.199999809265137,
  13.75,
  14.789999961853027,
  16.0,
  16.0,
  13.929999351501465,
  15.779999732971191,
  15.0,
  14.75
 ],
 "exit_hist": [
  0,
  0,
  10,
  74,
  81,
  62,
  46,
  62,
  42,
  42,
  32,
  27,
  26,
  18,
  14,
  7,
  1925
 ]
}