{
 "acc_full_T": 0.16333332657814026,
 "theta_rows": [
  {
   "theta": 0.5,
   "accuracy": 0.16333332657814026,
   "avg_slices": 1.0,
   "slice_utilization": 0.0625,
   "exit_rate": 1.0,
   "risk_exited": 0.8366666666666667,
   "energy_pj": 193.1264,
   "energy_fixed_order_pj": 3052.3392,
   "energy_ratio": 0.06327160493827161,
   "ssp_overhead_frac": 0.012195121951219513,
   "risk_bound_thm1": 0.45,
   "bound_satisfied": false
  },
  {
   "theta": 0.7,
   "accuracy": 0.16333332657814026,
   "avg_slices": 1.0,
   "slice_utilization": 0.0625,
   "exit_rate": 1.0,
   "risk_exited": 0.8366666666666667,
   "energy_pj": 193.1264,
   "energy_fixed_order_pj": 3052.3392,
   "energy_ratio": 0.06327160493827161,
   "ssp_overhead_frac": 0.012195121951219513,
   "risk_bound_thm1": 0.27,
   "bound_satisfied": false
  },
  {
   "theta": 0.9,
   "accuracy": 0.16333332657814026,
   "avg_slices": 2.0,
   "slice_utilization": 0.125,
   "exit_rate": 1.0,
   "risk_exited": 0.8366666666666667,
   "energy_pj": 386.2528,
   "energy_fixed_order_pj": 3052.3392,
   "energy_ratio": 0.12654320987654322,
   "ssp_overhead_frac": 0.012195121951219513,
   "risk_bound_thm1": 0.08999999999999998,
   "bound_satisfied": false
  }
 ],
 "revisit": {
  "revisit_rate": 0.0,
  "distinct_curve": [
   1.0,
   2.0,
   3.0,
   4.0,
   5.0,
   6.0,
   7.0,
   8.0,
   9.0,
   10.0,
   11.0,
   12.0,
   13.0,
   14.0,
   15.0,
   16.0
  ],
  "final_distinct": 16.0
 },
 "drift": {
  "delta_hat": 0.01663212850689888,
  "delta_min_step": 4.708766937255859e-06,
  "per_step_drift": [
   0.19481520354747772,
   0.03542923927307129,
   0.010737716220319271,
   0.004308581352233887,
   0.002006053924560547,
   0.0010127425193786621,
   0.000534355640411377,
   0.00028902292251586914,
   0.0001583695411682129,
   8.738040924072266e-05,
   4.857778549194336e-05,
   2.6702880859375e-05,
   1.5079975128173828e-05,
   8.106231689453125e-06,
   4.708766937255859e-06
  ],
  "m1_mean": 0.737718403339386,
  "frac_negative_drift_samples": 0.0
 },
 "ece": 0.8300414383411407,
 "aurc": 0.5407825708389282,
 "ssp_param_count": 8576,
 "total_param_count": 35476,
 "ssp_param_frac": 0.24174089525312886,
 "variant": "ssp",
 "seed": 0,
 "experiment": "A5_policy",
 "dataset": "nmnist",
 "per_class_acc": [
  1.0,
  0.0,
  0.0,
  0.0,
  0.0,
  0.0,
  0.0,
  0.0,
  0.0,
  0.0
 ],
 "per_class_exit": [
  0.9999999403953552,
  1.0,
  1.0,
  1.0,
  1.0,
  1.0,
  NaN,
  NaN,
  NaN,
  NaN
 ],
 "exit_hist": [
  0,
  6000,
  0,
  0,
  0,
  0,
  0,
  0,
  0,
  0,
  0,
  0,
  0,
  0,
  0,
  0,
  0
 ]
}