{
 "acc_full_T": 0.16333332657814026,
 "theta_rows": [
  {
   "theta": 0.7,
   "accuracy": 0.16333332657814026,
   "avg_slices": 1.0,
   "slice_utilization": 0.0625,
   "exit_rate": 1.0,
   "risk_exited": 0.8366666666666667,
   "energy_pj": 193.1264,
   "energy_fixed_order_pj": 3052.3392,
   "energy_ratio": 0.06327160493827161,
   "ssp_overhead_frac": 0.012195121951219513,
   "risk_bound_thm1": 0.27,
   "bound_satisfied": false
  }
 ],
 "revisit": {
  "revisit_rate": 0.0,
  "distinct_curve": [
   1.0,
   2.0,
   3.0,
   4.0,
   5.0,
   6.0,
   7.0,
   8.0,
   9.0,
   10.0,
   11.0,
   12.0,
   13.0,
   14.0,
   15.0,
   16.0
  ],
  "final_distinct": 16.0
 },
 "drift": {
  "delta_hat": 0.016513986513018608,
  "delta_min_step": 4.470348358154297e-06,
  "per_step_drift": [
   0.19332355260849,
   0.035210609436035156,
   0.010698676109313965,
   0.004297852516174316,
   0.002001941204071045,
   0.0010105371475219727,
   0.0005326271057128906,
   0.00028765201568603516,
   0.0001575946807861328,
   8.678436279296875e-05,
   4.792213439941406e-05,
   2.658367156982422e-05,
   1.4722347259521484e-05,
   8.344650268554688e-06,
   4.470348358154297e-06
  ],
  "m1_mean": 0.7394054532051086,
  "frac_negative_drift_samples": 0.0
 },
 "ece": 0.8300177156925201,
 "aurc": 0.5407825708389282,
 "ssp_param_count": 1920,
 "total_param_count": 28820,
 "ssp_param_frac": 0.06662040249826509,
 "variant": "d64_rank8",
 "seed": 0,
 "experiment": "A4_dssp",
 "dataset": "nmnist",
 "per_class_acc": [
  1.0,
  0.0,
  0.0,
  0.0,
  0.0,
  0.0,
  0.0,
  0.0,
  0.0,
  0.0
 ],
 "per_class_exit": [
  0.9999999403953552,
  1.0,
  1.0,
  1.0,
  1.0,
  1.0,
  NaN,
  NaN,
  NaN,
  NaN
 ],
 "exit_hist": [
  0,
  6000,
  0,
  0,
  0,
  0,
  0,
  0,
  0,
  0,
  0,
  0,
  0,
  0,
  0,
  0,
  0
 ]
}