acc_full_T,accuracy,aurc,avg_slices,bound_satisfied,dataset,delta_hat,ece,energy_fixed_order_pj,energy_pj,energy_ratio,exit_rate,experiment,final_distinct,revisit_rate,risk_bound_thm1,risk_exited,seed,slice_utilization,ssp_overhead_frac,ssp_params,theta,variant
0.8791667222976685,0.9541667103767395,0.025911375880241394,6.654167175292969,True,synthetic,0.01890513487160206,0.23483032341474186,1571.38944,669.189896484375,0.42585872060103386,0.8708333969116211,A2_masking,16.0,0.0,0.4375,0.014354066985645933,0,0.41588544845581055,0.0234192037470726,8576,0.5,mask_on
0.8791667222976685,0.8791667222976685,0.025911375880241394,12.266667366027832,True,synthetic,0.01890513487160206,0.23483032341474186,1571.38944,1233.6224276660155,0.7850520031915293,0.4750000238418579,A2_masking,16.0,0.0,0.26250000000000007,0.0,0,0.7666667103767395,0.023419203747072605,8576,0.7,mask_on
0.8791667222976685,0.8791667222976685,0.025911375880241394,16.0,True,synthetic,0.01890513487160206,0.23483032341474186,1571.38944,1609.0726399999999,1.023980815347722,0.0,A2_masking,16.0,0.0,0.08749999999999998,0.0,0,1.0,0.0234192037470726,8576,0.9,mask_on
0.9291667342185974,0.9125000238418579,0.009883579798042774,4.162500381469727,True,synthetic,0.03579951077699661,0.0854362249280028,1571.38944,418.61034236328123,0.26639503340641085,0.9000000357627869,A2_masking,2.0916666984558105,0.8692708611488342,0.4375,0.05092592592592592,0,0.2601562738418579,0.0234192037470726,8576,0.5,mask_off
0.9291667342185974,0.9291667342185974,0.009883579798042774,6.258333683013916,True,synthetic,0.03579951077699661,0.0854362249280028,1571.38944,629.3820938330077,0.40052585171566873,0.8125000596046448,A2_masking,2.0916666984558105,0.8692708611488342,0.26250000000000007,0.02564102564102564,0,0.39114585518836975,0.0234192037470726,8576,0.7,mask_off
0.9291667342185974,0.9291667342185974,0.009883579798042774,12.725000381469727,True,synthetic,0.03579951077699661,0.0854362249280028,1571.38944,1279.7156223632812,0.8143847666198402,0.30000001192092896,A2_masking,2.0916666984558105,0.8692708611488342,0.08749999999999998,0.0,0,0.7953125238418579,0.0234192037470726,8576,0.9,mask_off
