{
 "acc_full_T": 0.4867841303348541,
 "theta_rows": [
  {
   "theta": 0.7,
   "accuracy": 0.5209251046180725,
   "avg_slices": 13.308369636535645,
   "slice_utilization": 0.8317731022834778,
   "exit_rate": 0.2830396294593811,
   "risk_exited": 0.2529182879377432,
   "energy_pj": 9961.08257498047,
   "energy_fixed_order_pj": 11938.037760000001,
   "energy_ratio": 0.8343986486922009,
   "ssp_overhead_frac": 0.003146633102580239,
   "risk_bound_thm1": 0.27,
   "bound_satisfied": true
  }
 ],
 "revisit": {
  "revisit_rate": 0.0,
  "distinct_curve": [
   1.0,
   2.0,
   3.0,
   4.0,
   5.0,
   6.0,
   7.0,
   8.0,
   9.0,
   10.0,
   11.0,
   12.0,
   13.0,
   14.0,
   15.0,
   16.0
  ],
  "final_distinct": 16.0
 },
 "drift": {
  "delta_hat": 0.014418767765164375,
  "delta_min_step": -0.020452216267585754,
  "per_step_drift": [
   0.09111238270998001,
   0.08748818933963776,
   0.049368247389793396,
   0.028415633365511894,
   0.030712833628058434,
   0.009436707012355328,
   0.01531737856566906,
   0.00012383033754304051,
   -0.004687423352152109,
   -0.00900381151586771,
   -0.015195994637906551,
   -0.011532066389918327,
   -0.01629515551030636,
   -0.018527047708630562,
   -0.020452216267585754
  ],
  "m1_mean": 0.05793481320142746,
  "frac_negative_drift_samples": 0.15418501198291779
 },
 "ece": 0.031913036077290624,
 "aurc": 0.34573084115982056,
 "ssp_param_count": 1920,
 "total_param_count": 37396,
 "ssp_param_frac": 0.05134238956038079,
 "variant": "d64_rank8",
 "seed": 0,
 "experiment": "A4_dssp",
 "dataset": "modelnet10",
 "per_class_acc": [
  0.0,
  0.16,
  0.87,
  0.0,
  0.7790697674418605,
  0.78,
  0.2558139534883721,
  0.65,
  0.36,
  0.71
 ],
 "per_class_exit": [
  14.139999389648438,
  12.069999694824219,
  5.730000019073486,
  15.267441749572754,
  15.965116500854492,
  12.739999771118164,
  15.418604850769043,
  15.559999465942383,
  11.859999656677246,
  15.6899995803833
 ],
 "exit_hist": [
  0,
  0,
  1,
  46,
  46,
  24,
  28,
  25,
  24,
  19,
  13,
  10,
  10,
  2,
  3,
  6,
  651
 ]
}