{
 "acc_full_T": 0.44829997420310974,
 "theta_rows": [
  {
   "theta": 0.7,
   "accuracy": 0.45579999685287476,
   "avg_slices": 14.534799575805664,
   "slice_utilization": 0.908424973487854,
   "exit_rate": 0.21709999442100525,
   "risk_exited": 0.2551819438046983,
   "energy_pj": 5497.717009726562,
   "energy_fixed_order_pj": 6014.238719999999,
   "energy_ratio": 0.91411685928665,
   "ssp_overhead_frac": 0.006226650062266501,
   "risk_bound_thm1": 0.27,
   "bound_satisfied": true
  }
 ],
 "revisit": {
  "revisit_rate": 0.0,
  "distinct_curve": [
   1.0,
   2.0,
   3.0,
   4.0,
   5.0,
   6.0,
   7.0,
   8.0,
   9.0,
   10.0,
   11.0,
   12.0,
   13.0,
   14.0,
   15.0,
   16.0
  ],
  "final_distinct": 16.0
 },
 "drift": {
  "delta_hat": 0.0176752507686615,
  "delta_min_step": -0.004353839438408613,
  "per_step_drift": [
   0.04144437611103058,
   0.04739241302013397,
   0.04429319500923157,
   0.03405255824327469,
   0.02469678781926632,
   0.02100599929690361,
   0.018272120505571365,
   0.01533903181552887,
   0.008266711607575417,
   0.008101224899291992,
   0.0053832619450986385,
   0.0043465755879879,
   -0.0013467192184180021,
   -0.0017649390501901507,
   -0.004353839438408613
  ],
  "m1_mean": 0.0418999120593071,
  "frac_negative_drift_samples": 0.10379999876022339
 },
 "ece": 0.07909522246611994,
 "aurc": 0.4070064425468445,
 "ssp_param_count": 1920,
 "total_param_count": 61588,
 "ssp_param_frac": 0.031174904202117295,
 "variant": "d64_rank8",
 "seed": 0,
 "experiment": "A4_dssp",
 "dataset": "cifar10",
 "per_class_acc": [
  0.625,
  0.489,
  0.354,
  0.309,
  0.388,
  0.346,
  0.519,
  0.46,
  0.565,
  0.428
 ],
 "per_class_exit": [
  14.021000862121582,
  14.020000457763672,
  15.318000793457031,
  15.61400032043457,
  15.144001007080078,
  15.802000999450684,
  13.926000595092773,
  13.827000617980957,
  12.862000465393066,
  14.814001083374023
 ],
 "exit_hist": [
  0,
  0,
  0,
  10,
  87,
  164,
  219,
  241,
  226,
  244,
  218,
  187,
  178,
  162,
  123,
  112,
  7829
 ]
}