{
 "acc_full_T": 0.8958333730697632,
 "theta_rows": [
  {
   "theta": 0.7,
   "accuracy": 0.9083333611488342,
   "avg_slices": 14.020833969116211,
   "slice_utilization": 0.8763021230697632,
   "exit_rate": 0.28333336114883423,
   "risk_exited": 0.0,
   "energy_pj": 1410.0337706054684,
   "energy_fixed_order_pj": 1571.38944,
   "energy_ratio": 0.8973165624719156,
   "ssp_overhead_frac": 0.023419203747072605,
   "risk_bound_thm1": 0.26250000000000007,
   "bound_satisfied": true
  }
 ],
 "revisit": {
  "revisit_rate": 0.0,
  "distinct_curve": [
   1.0,
   2.0,
   3.0,
   4.0,
   5.0,
   6.0,
   7.0,
   8.0,
   9.0,
   10.0,
   11.0,
   12.0,
   13.0,
   14.0,
   15.0,
   16.0
  ],
  "final_distinct": 16.0
 },
 "drift": {
  "delta_hat": 0.016900746151804924,
  "delta_min_step": -0.02766134776175022,
  "per_step_drift": [
   0.09778045862913132,
   0.07925260812044144,
   0.023980019614100456,
   0.03690161556005478,
   0.004862952046096325,
   0.008305518887937069,
   0.02156362682580948,
   -0.021937008947134018,
   0.017577258870005608,
   -0.005194749683141708,
   0.005433336365967989,
   0.007940741255879402,
   0.006717895623296499,
   -0.0020117568783462048,
   -0.02766134776175022
  ],
  "m1_mean": 0.14747877418994904,
  "frac_negative_drift_samples": 0.125
 },
 "ece": 0.27960121484652634,
 "aurc": 0.019009076058864594,
 "ssp_param_count": 8576,
 "total_param_count": 35216,
 "ssp_param_frac": 0.24352567014993184,
 "variant": "no_centroid",
 "seed": 0,
 "experiment": "A3_geometry",
 "dataset": "synthetic",
 "per_class_acc": [
  0.7333333333333333,
  0.8666666666666667,
  1.0,
  1.0,
  0.8666666666666667,
  0.8,
  1.0,
  0.9
 ],
 "per_class_exit": [
  16.0,
  16.0,
  13.90000057220459,
  16.0,
  15.966667175292969,
  16.0,
  11.600000381469727,
  6.700000286102295
 ],
 "exit_hist": [
  0,
  0,
  0,
  0,
  7,
  9,
  4,
  9,
  6,
  4,
  4,
  4,
  4,
  5,
  8,
  4,
  172
 ]
}