{
 "acc_full_T": 0.8375000357627869,
 "theta_rows": [
  {
   "theta": 0.7,
   "accuracy": 0.8458333611488342,
   "avg_slices": 12.545833587646484,
   "slice_utilization": 0.7841145992279053,
   "exit_rate": 0.45000001788139343,
   "risk_exited": 0.0,
   "energy_pj": 1261.6973482421874,
   "energy_fixed_order_pj": 1571.38944,
   "energy_ratio": 0.8029183066434425,
   "ssp_overhead_frac": 0.0234192037470726,
   "risk_bound_thm1": 0.26250000000000007,
   "bound_satisfied": true
  }
 ],
 "revisit": {
  "revisit_rate": 0.0,
  "distinct_curve": [
   1.0,
   2.0,
   3.0,
   4.0,
   5.0,
   6.0,
   7.0,
   8.0,
   9.0,
   10.0,
   11.0,
   12.0,
   13.0,
   14.0,
   15.0,
   16.0
  ],
  "final_distinct": 16.0
 },
 "drift": {
  "delta_hat": 0.019464801996946335,
  "delta_min_step": -0.023333480581641197,
  "per_step_drift": [
   0.12559261918067932,
   0.10761136561632156,
   0.02324804849922657,
   0.021549545228481293,
   -0.00486110569909215,
   0.028479307889938354,
   0.01439670566469431,
   -0.008321664296090603,
   0.015501684509217739,
   0.007913944311439991,
   -0.008164516650140285,
   -0.008840404450893402,
   -0.023333480581641197,
   -0.007369411177933216,
   0.00856943428516388
  ],
  "m1_mean": 0.15266050398349762,
  "frac_negative_drift_samples": 0.0625
 },
 "ece": 0.19242516331774034,
 "aurc": 0.03929474577307701,
 "ssp_param_count": 8576,
 "total_param_count": 35216,
 "ssp_param_frac": 0.24352567014993184,
 "variant": "no_dist",
 "seed": 0,
 "experiment": "A3_geometry",
 "dataset": "synthetic",
 "per_class_acc": [
  0.26666666666666666,
  0.7333333333333333,
  1.0,
  1.0,
  0.9333333333333333,
  0.8333333333333334,
  1.0,
  0.9333333333333333
 ],
 "per_class_exit": [
  16.0,
  15.533333778381348,
  11.40000057220459,
  8.666666984558105,
  15.566667556762695,
  16.0,
  11.800000190734863,
  5.400000095367432
 ],
 "exit_hist": [
  0,
  0,
  0,
  7,
  12,
  12,
  4,
  9,
  11,
  12,
  10,
  9,
  11,
  2,
  5,
  4,
  132
 ]
}