{
 "acc_full_T": 0.1445000022649765,
 "theta_rows": [
  {
   "theta": 0.7,
   "accuracy": 0.1459999978542328,
   "avg_slices": 15.879999160766602,
   "slice_utilization": 0.9924999475479126,
   "exit_rate": 0.01759999990463257,
   "risk_exited": 0.26136363636363635,
   "energy_pj": 6006.532188164062,
   "energy_fixed_order_pj": 6014.238719999999,
   "energy_ratio": 0.9987186188984635,
   "ssp_overhead_frac": 0.006226650062266501,
   "risk_bound_thm1": 0.29700000000000004,
   "bound_satisfied": true
  }
 ],
 "revisit": {
  "revisit_rate": 0.0,
  "distinct_curve": [
   1.0,
   2.0,
   3.0,
   4.0,
   5.0,
   6.0,
   7.0,
   8.0,
   9.0,
   10.0,
   11.0,
   12.0,
   13.0,
   14.0,
   15.0,
   16.0
  ],
  "final_distinct": 16.0
 },
 "drift": {
  "delta_hat": 0.0056868186220526695,
  "delta_min_step": -0.003678438952192664,
  "per_step_drift": [
   0.012371247634291649,
   0.01856124959886074,
   0.017142796888947487,
   0.014004235155880451,
   0.011664276011288166,
   0.00935098435729742,
   0.005302690900862217,
   0.0025441700126975775,
   0.0024719461798667908,
   0.0003108816163148731,
   5.1070837798761204e-05,
   -0.0007495899335481226,
   -0.001424894668161869,
   -0.002620343817397952,
   -0.003678438952192664
  ],
  "m1_mean": 0.008507857099175453,
  "frac_negative_drift_samples": 0.10869999974966049
 },
 "ece": 0.047792068503974015,
 "aurc": 0.7533017992973328,
 "ssp_param_count": 8576,
 "total_param_count": 79944,
 "ssp_param_frac": 0.10727509256479535,
 "variant": "no_cz",
 "seed": 0,
 "experiment": "A3_geometry",
 "dataset": "cifar100",
 "per_class_acc": [
  0.32,
  0.32,
  0.21,
  0.0,
  0.0,
  0.12,
  0.04,
  0.01,
  0.08,
  0.06,
  0.01,
  0.0,
  0.04,
  0.06,
  0.07,
  0.04,
  0.0,
  0.19,
  0.32,
  0.01,
  0.33,
  0.4,
  0.0,
  0.46,
  0.58,
  0.01,
  0.0,
  0.29,
  0.0,
  0.01,
  0.14,
  0.01,
  0.0,
  0.38,
  0.0,
  0.0,
  0.21,
  0.02,
  0.16,
  0.01,
  0.01,
  0.26,
  0.2,
  0.23,
  0.0,
  0.01,
  0.03,
  0.19,
  0.06,
  0.22,
  0.0,
  0.03,
  0.49,
  0.54,
  0.3,
  0.0,
  0.07,
  0.17,
  0.08,
  0.01,
  0.55,
  0.16,
  0.3,
  0.26,
  0.05,
  0.0,
  0.0,
  0.27,
  0.3,
  0.24,
  0.21,
  0.51,
  0.0,
  0.44,
  0.01,
  0.08,
  0.41,
  0.0,
  0.08,
  0.2,
  0.05,
  0.05,
  0.35,
  0.09,
  0.01,
  0.19,
  0.22,
  0.04,
  0.23,
  0.09,
  0.03,
  0.01,
  0.04,
  0.01,
  0.54,
  0.22,
  0.2,
  0.09,
  0.05,
  0.06
 ],
 "per_class_exit": [
  15.979999542236328,
  16.0,
  15.949999809265137,
  16.0,
  16.0,
  15.969999313354492,
  15.710000038146973,
  16.0,
  16.0,
  16.0,
  16.0,
  16.0,
  16.0,
  15.90999984741211,
  16.0,
  15.949999809265137,
  15.979999542236328,
  16.0,
  16.0,
  15.949999809265137,
  15.899999618530273,
  15.880000114440918,
  15.779999732971191,
  15.839999198913574,
  15.920000076293945,
  16.0,
  16.0,
  16.0,
  16.0,
  16.0,
  16.0,
  16.0,
  16.0,
  15.899999618530273,
  16.0,
  16.0,
  16.0,
  16.0,
  16.0,
  15.880000114440918,
  16.0,
  16.0,
  16.0,
  15.9399995803833,
  16.0,
  16.0,
  16.0,
  15.920000076293945,
  16.0,
  15.899999618530273,
  16.0,
  16.0,
  15.960000038146973,
  14.079999923706055,
  15.630000114440918,
  16.0,
  16.0,
  15.84999942779541,
  16.0,
  16.0,
  13.25,
  16.0,
  15.969999313354492,
  16.0,
  16.0,
  16.0,
  16.0,
  15.989999771118164,
  15.789999961853027,
  16.0,
  15.929999351501465,
  15.609999656677246,
  16.0,
  16.0,
  16.0,
  16.0,
  15.460000038146973,
  16.0,
  16.0,
  16.0,
  16.0,
  16.0,
  13.889999389648438,
  15.649999618530273,
  15.880000114440918,
  16.0,
  16.0,
  16.0,
  16.0,
  16.0,
  16.0,
  16.0,
  15.769999504089355,
  16.0,
  15.109999656677246,
  16.0,
  16.0,
  16.0,
  16.0,
  15.920000076293945
 ],
 "exit_hist": [
  0,
  0,
  0,
  0,
  6,
  11,
  15,
  14,
  31,
  27,
  14,
  20,
  14,
  12,
  6,
  6,
  9824
 ]
}