{
 "acc_full_T": 0.13849999010562897,
 "theta_rows": [
  {
   "theta": 0.7,
   "accuracy": 0.13989999890327454,
   "avg_slices": 15.867799758911133,
   "slice_utilization": 0.9917374849319458,
   "exit_rate": 0.01939999870955944,
   "risk_exited": 0.2268041237113402,
   "energy_pj": 6001.917823945312,
   "energy_fixed_order_pj": 6014.238719999999,
   "energy_ratio": 0.9979513789478102,
   "ssp_overhead_frac": 0.0062266500622665,
   "risk_bound_thm1": 0.29700000000000004,
   "bound_satisfied": true
  }
 ],
 "revisit": {
  "revisit_rate": 0.0,
  "distinct_curve": [
   1.0,
   2.0,
   3.0,
   4.0,
   5.0,
   6.0,
   7.0,
   8.0,
   9.0,
   10.0,
   11.0,
   12.0,
   13.0,
   14.0,
   15.0,
   16.0
  ],
  "final_distinct": 16.0
 },
 "drift": {
  "delta_hat": 0.005976553540676832,
  "delta_min_step": -0.0031626184936612844,
  "per_step_drift": [
   0.011782119981944561,
   0.01825600303709507,
   0.018892627209424973,
   0.0160685945302248,
   0.010883630253374577,
   0.008473745547235012,
   0.005599550902843475,
   0.0031709372997283936,
   0.0016124496469274163,
   0.0006748362793587148,
   0.0013528370764106512,
   -0.0003201398067176342,
   -0.0010904929367825389,
   -0.002545775379985571,
   -0.0031626184936612844
  ],
  "m1_mean": 0.008519533090293407,
  "frac_negative_drift_samples": 0.11019999533891678
 },
 "ece": 0.058407551295729984,
 "aurc": 0.7574010491371155,
 "ssp_param_count": 8576,
 "total_param_count": 79944,
 "ssp_param_frac": 0.10727509256479535,
 "variant": "no_cx",
 "seed": 0,
 "experiment": "A3_geometry",
 "dataset": "cifar100",
 "per_class_acc": [
  0.22,
  0.34,
  0.18,
  0.0,
  0.0,
  0.11,
  0.01,
  0.0,
  0.09,
  0.07,
  0.0,
  0.0,
  0.07,
  0.1,
  0.07,
  0.03,
  0.01,
  0.25,
  0.29,
  0.01,
  0.32,
  0.38,
  0.0,
  0.43,
  0.49,
  0.03,
  0.0,
  0.25,
  0.09,
  0.0,
  0.14,
  0.04,
  0.0,
  0.38,
  0.0,
  0.0,
  0.15,
  0.03,
  0.09,
  0.03,
  0.0,
  0.13,
  0.18,
  0.24,
  0.0,
  0.05,
  0.03,
  0.19,
  0.05,
  0.26,
  0.0,
  0.03,
  0.56,
  0.46,
  0.33,
  0.0,
  0.08,
  0.14,
  0.07,
  0.02,
  0.5,
  0.12,
  0.3,
  0.23,
  0.02,
  0.0,
  0.0,
  0.28,
  0.42,
  0.12,
  0.22,
  0.46,
  0.0,
  0.48,
  0.01,
  0.04,
  0.38,
  0.0,
  0.08,
  0.15,
  0.02,
  0.0,
  0.47,
  0.12,
  0.01,
  0.12,
  0.19,
  0.13,
  0.22,
  0.12,
  0.02,
  0.0,
  0.09,
  0.03,
  0.38,
  0.23,
  0.22,
  0.05,
  0.05,
  0.05
 ],
 "per_class_exit": [
  16.0,
  15.889999389648438,
  16.0,
  16.0,
  16.0,
  16.0,
  15.479999542236328,
  16.0,
  16.0,
  16.0,
  16.0,
  16.0,
  16.0,
  16.0,
  16.0,
  16.0,
  16.0,
  16.0,
  16.0,
  15.989999771118164,
  15.869999885559082,
  16.0,
  15.969999313354492,
  15.75,
  15.979999542236328,
  16.0,
  16.0,
  16.0,
  16.0,
  16.0,
  16.0,
  16.0,
  16.0,
  16.0,
  16.0,
  16.0,
  16.0,
  15.979999542236328,
  16.0,
  15.90999984741211,
  16.0,
  16.0,
  16.0,
  16.0,
  15.929999351501465,
  16.0,
  16.0,
  15.920000076293945,
  16.0,
  15.84999942779541,
  16.0,
  16.0,
  15.799999237060547,
  13.809999465942383,
  15.920000076293945,
  16.0,
  16.0,
  15.90999984741211,
  16.0,
  15.899999618530273,
  12.550000190734863,
  16.0,
  15.630000114440918,
  16.0,
  16.0,
  16.0,
  16.0,
  15.979999542236328,
  15.869999885559082,
  16.0,
  16.0,
  15.239999771118164,
  16.0,
  16.0,
  16.0,
  16.0,
  15.179999351501465,
  16.0,
  16.0,
  16.0,
  16.0,
  16.0,
  13.949999809265137,
  15.719999313354492,
  16.0,
  16.0,
  16.0,
  16.0,
  16.0,
  16.0,
  16.0,
  16.0,
  15.799999237060547,
  16.0,
  15.139999389648438,
  16.0,
  15.859999656677246,
  16.0,
  16.0,
  16.0
 ],
 "exit_hist": [
  0,
  0,
  0,
  0,
  4,
  18,
  20,
  27,
  26,
  20,
  12,
  15,
  17,
  10,
  15,
  10,
  9806
 ]
}