{
 "acc_full_T": 0.48458147048950195,
 "theta_rows": [
  {
   "theta": 0.7,
   "accuracy": 0.4900880753993988,
   "avg_slices": 14.040748596191406,
   "slice_utilization": 0.8775467872619629,
   "exit_rate": 0.22356827557086945,
   "risk_exited": 0.31527093596059114,
   "energy_pj": 10479.28687979004,
   "energy_fixed_order_pj": 11938.037760000001,
   "energy_ratio": 0.877806477954216,
   "ssp_overhead_frac": 0.00029584048281166794,
   "risk_bound_thm1": 0.27,
   "bound_satisfied": false
  }
 ],
 "revisit": {
  "revisit_rate": 0.0,
  "distinct_curve": [
   1.0,
   2.0,
   3.0,
   4.0,
   5.0,
   6.0,
   7.0,
   8.0,
   9.0,
   10.0,
   11.0,
   12.0,
   13.0,
   14.0,
   15.0,
   16.0
  ],
  "final_distinct": 16.0
 },
 "drift": {
  "delta_hat": 0.013768809847533703,
  "delta_min_step": -0.024161580950021744,
  "per_step_drift": [
   0.07973212003707886,
   0.06790345907211304,
   0.04185457155108452,
   0.03350646421313286,
   0.023681681603193283,
   0.014440528117120266,
   0.009617251344025135,
   0.008762998506426811,
   0.001993976067751646,
   -0.007460338994860649,
   -0.00045894065988250077,
   -0.007777934428304434,
   -0.01858997903764248,
   -0.024161580950021744,
   -0.016512153670191765
  ],
  "m1_mean": 0.048279158771038055,
  "frac_negative_drift_samples": 0.15088105201721191
 },
 "ece": 0.07603396432824872,
 "aurc": 0.38230714201927185,
 "ssp_param_count": 804,
 "total_param_count": 36280,
 "ssp_param_frac": 0.022160970231532524,
 "variant": "d6",
 "seed": 0,
 "experiment": "A4_dssp",
 "dataset": "modelnet10",
 "per_class_acc": [
  0.0,
  0.22,
  0.88,
  0.0,
  0.5930232558139535,
  0.8,
  0.3953488372093023,
  0.64,
  0.38,
  0.63
 ],
 "per_class_exit": [
  15.739999771118164,
  15.299999237060547,
  6.869999885559082,
  15.313953399658203,
  16.0,
  14.179999351501465,
  15.10465145111084,
  15.979999542236328,
  11.539999961853027,
  15.829999923706055
 ],
 "exit_hist": [
  0,
  0,
  0,
  17,
  36,
  23,
  23,
  18,
  14,
  25,
  17,
  6,
  7,
  6,
  5,
  6,
  705
 ]
}