{
 "acc_full_T": 0.47466957569122314,
 "theta_rows": [
  {
   "theta": 0.7,
   "accuracy": 0.5033039450645447,
   "avg_slices": 13.592510223388672,
   "slice_utilization": 0.849531888961792,
   "exit_rate": 0.25550660490989685,
   "risk_exited": 0.23275862068965517,
   "energy_pj": 10173.756848828125,
   "energy_fixed_order_pj": 11938.037760000001,
   "energy_ratio": 0.8522134921466461,
   "ssp_overhead_frac": 0.0031466331025802393,
   "risk_bound_thm1": 0.27,
   "bound_satisfied": true
  }
 ],
 "revisit": {
  "revisit_rate": 0.0,
  "distinct_curve": [
   1.0,
   2.0,
   3.0,
   4.0,
   5.0,
   6.0,
   7.0,
   8.0,
   9.0,
   10.0,
   11.0,
   12.0,
   13.0,
   14.0,
   15.0,
   16.0
  ],
  "final_distinct": 16.0
 },
 "drift": {
  "delta_hat": 0.012845618650317192,
  "delta_min_step": -0.023615779355168343,
  "per_step_drift": [
   0.08754497766494751,
   0.07526139914989471,
   0.050705306231975555,
   0.03665805608034134,
   0.025607269257307053,
   0.006852526683360338,
   0.01068019401282072,
   0.0036961135920137167,
   -0.002889897208660841,
   -0.01247082557529211,
   -0.012273497879505157,
   -0.01566290110349655,
   -0.01847981847822666,
   -0.023615779355168343,
   -0.018928859382867813
  ],
  "m1_mean": 0.057802945375442505,
  "frac_negative_drift_samples": 0.18281938135623932
 },
 "ece": 0.02338577322637858,
 "aurc": 0.35223332047462463,
 "ssp_param_count": 8576,
 "total_param_count": 44052,
 "ssp_param_frac": 0.19467901570870788,
 "variant": "no_cy",
 "seed": 0,
 "experiment": "A3_geometry",
 "dataset": "modelnet10",
 "per_class_acc": [
  0.0,
  0.12,
  0.81,
  0.0,
  0.6976744186046512,
  0.77,
  0.23255813953488372,
  0.67,
  0.47,
  0.67
 ],
 "per_class_exit": [
  15.519999504089355,
  13.109999656677246,
  6.139999866485596,
  15.337209701538086,
  16.0,
  12.729999542236328,
  15.488371849060059,
  15.789999961853027,
  11.739999771118164,
  15.880000114440918
 ],
 "exit_hist": [
  0,
  0,
  0,
  25,
  38,
  46,
  28,
  21,
  16,
  19,
  13,
  6,
  10,
  4,
  3,
  3,
  676
 ]
}