{
 "acc_full_T": 0.45249998569488525,
 "theta_rows": [
  {
   "theta": 0.7,
   "accuracy": 0.46230000257492065,
   "avg_slices": 14.471099853515625,
   "slice_utilization": 0.9044437408447266,
   "exit_rate": 0.22419999539852142,
   "risk_exited": 0.2528991971454059,
   "energy_pj": 5473.622900625,
   "energy_fixed_order_pj": 6014.238719999999,
   "energy_ratio": 0.9101106815768364,
   "ssp_overhead_frac": 0.006226650062266501,
   "risk_bound_thm1": 0.27,
   "bound_satisfied": true
  }
 ],
 "revisit": {
  "revisit_rate": 0.0,
  "distinct_curve": [
   1.0,
   2.0,
   3.0,
   4.0,
   5.0,
   6.0,
   7.0,
   8.0,
   9.0,
   10.0,
   11.0,
   12.0,
   13.0,
   14.0,
   15.0,
   16.0
  ],
  "final_distinct": 16.0
 },
 "drift": {
  "delta_hat": 0.017787102609872818,
  "delta_min_step": -0.004034553654491901,
  "per_step_drift": [
   0.04068635776638985,
   0.0496017150580883,
   0.04252280294895172,
   0.03621543571352959,
   0.026228297501802444,
   0.020847514271736145,
   0.017658835276961327,
   0.01547115109860897,
   0.01003297884017229,
   0.008368954062461853,
   0.004513363353908062,
   0.0013685079757124186,
   0.00023955242068041116,
   -0.002914352808147669,
   -0.004034553654491901
  ],
  "m1_mean": 0.044018637388944626,
  "frac_negative_drift_samples": 0.10729999840259552
 },
 "ece": 0.07878627265923677,
 "aurc": 0.39641785621643066,
 "ssp_param_count": 8576,
 "total_param_count": 68244,
 "ssp_param_frac": 0.12566672527987807,
 "variant": "full",
 "seed": 0,
 "experiment": "A3_geometry",
 "dataset": "cifar10",
 "per_class_acc": [
  0.604,
  0.536,
  0.355,
  0.318,
  0.389,
  0.33,
  0.523,
  0.443,
  0.597,
  0.43
 ],
 "per_class_exit": [
  14.033000946044922,
  14.03600025177002,
  15.28600025177002,
  15.678000450134277,
  15.015000343322754,
  15.74000072479248,
  13.652000427246094,
  13.981000900268555,
  12.470000267028809,
  14.820000648498535
 ],
 "exit_hist": [
  0,
  0,
  0,
  9,
  100,
  184,
  241,
  227,
  239,
  264,
  176,
  227,
  178,
  145,
  145,
  107,
  7758
 ]
}