{
 "acc_full_T": 0.061395760625600815,
 "theta_rows": [
  {
   "theta": 0.5,
   "accuracy": 0.061395760625600815,
   "avg_slices": 16.0,
   "slice_utilization": 1.0,
   "exit_rate": 0.0,
   "risk_exited": 0.0,
   "energy_pj": 3090.0224,
   "energy_fixed_order_pj": 3052.3392,
   "energy_ratio": 1.0123456790123457,
   "ssp_overhead_frac": 0.012195121951219513,
   "risk_bound_thm1": 0.475,
   "bound_satisfied": true
  },
  {
   "theta": 0.7,
   "accuracy": 0.061395760625600815,
   "avg_slices": 16.0,
   "slice_utilization": 1.0,
   "exit_rate": 0.0,
   "risk_exited": 0.0,
   "energy_pj": 3090.0224,
   "energy_fixed_order_pj": 3052.3392,
   "energy_ratio": 1.0123456790123457,
   "ssp_overhead_frac": 0.012195121951219513,
   "risk_bound_thm1": 0.28500000000000003,
   "bound_satisfied": true
  },
  {
   "theta": 0.9,
   "accuracy": 0.061395760625600815,
   "avg_slices": 16.0,
   "slice_utilization": 1.0,
   "exit_rate": 0.0,
   "risk_exited": 0.0,
   "energy_pj": 3090.0224,
   "energy_fixed_order_pj": 3052.3392,
   "energy_ratio": 1.0123456790123457,
   "ssp_overhead_frac": 0.012195121951219513,
   "risk_bound_thm1": 0.09499999999999997,
   "bound_satisfied": true
  }
 ],
 "revisit": {
  "revisit_rate": 0.0,
  "distinct_curve": [
   1.0,
   2.0,
   3.0,
   4.0,
   5.0,
   6.0,
   7.0,
   8.0,
   9.0,
   10.0,
   11.0,
   12.0,
   13.0,
   14.0,
   15.0,
   16.0
  ],
  "final_distinct": 16.0
 },
 "drift": {
  "delta_hat": 0.002007173141464591,
  "delta_min_step": -0.010673177428543568,
  "per_step_drift": [
   0.01537944097071886,
   0.017427297309041023,
   0.013011898845434189,
   0.006559865549206734,
   0.003725393209606409,
   0.00130660948343575,
   0.0011928408639505506,
   0.0007911023567430675,
   -0.0005883151316083968,
   -0.002590570831671357,
   -0.002160202944651246,
   -0.0032515833154320717,
   -0.0054090493358671665,
   -0.004613956902176142,
   -0.010673177428543568
  ],
  "m1_mean": 0.015225164592266083,
  "frac_negative_drift_samples": 0.22084805369377136
 },
 "ece": 0.06533576919245912,
 "aurc": 0.9512500762939453,
 "ssp_param_count": 8576,
 "total_param_count": 36776,
 "ssp_param_frac": 0.2331955623232543,
 "variant": "ssp",
 "seed": 0,
 "experiment": "A5_policy",
 "dataset": "shd",
 "per_class_acc": [
  0.6699029126213593,
  0.0,
  0.0,
  0.0,
  0.0,
  0.0,
  0.5412844036697247,
  0.0,
  0.0,
  0.0,
  0.0,
  0.08264462809917356,
  0.0,
  0.0,
  0.0,
  0.0,
  0.0,
  0.0,
  0.008130081300813009,
  0.0
 ],
 "per_class_exit": [
  16.0,
  16.0,
  16.0,
  16.0,
  16.0,
  15.999999046325684,
  15.999999046325684,
  15.999999046325684,
  16.0,
  16.0,
  15.999999046325684,
  15.999999046325684,
  15.999999046325684,
  16.0,
  15.999999046325684,
  16.0,
  16.0,
  15.999999046325684,
  15.999999046325684,
  16.0
 ],
 "exit_hist": [
  0,
  0,
  0,
  0,
  0,
  0,
  0,
  0,
  0,
  0,
  0,
  0,
  0,
  0,
  0,
  0,
  2264
 ]
}