{
 "acc_full_T": 0.492290735244751,
 "theta_rows": [
  {
   "theta": 0.7,
   "accuracy": 0.5187224745750427,
   "avg_slices": 13.558369636535645,
   "slice_utilization": 0.8473981022834778,
   "exit_rate": 0.26541849970817566,
   "risk_exited": 0.21161825726141079,
   "energy_pj": 10148.203214980469,
   "energy_fixed_order_pj": 11938.037760000001,
   "energy_ratio": 0.8500729700305847,
   "ssp_overhead_frac": 0.003146633102580239,
   "risk_bound_thm1": 0.27,
   "bound_satisfied": true
  }
 ],
 "revisit": {
  "revisit_rate": 0.0,
  "distinct_curve": [
   1.0,
   2.0,
   3.0,
   4.0,
   5.0,
   6.0,
   7.0,
   8.0,
   9.0,
   10.0,
   11.0,
   12.0,
   13.0,
   14.0,
   15.0,
   16.0
  ],
  "final_distinct": 16.0
 },
 "drift": {
  "delta_hat": 0.013284755870699883,
  "delta_min_step": -0.02628292702138424,
  "per_step_drift": [
   0.08909324556589127,
   0.06599991768598557,
   0.054722368717193604,
   0.030199920758605003,
   0.02355768345296383,
   0.004947991576045752,
   0.015226897783577442,
   0.006628711707890034,
   -0.012387113645672798,
   -0.010094507597386837,
   -0.004020211286842823,
   -0.0028959487099200487,
   -0.015590965747833252,
   -0.02628292702138424,
   -0.01983373798429966
  ],
  "m1_mean": 0.059377457946538925,
  "frac_negative_drift_samples": 0.17070484161376953
 },
 "ece": 0.057484721302318686,
 "aurc": 0.3302609920501709,
 "ssp_param_count": 8576,
 "total_param_count": 44052,
 "ssp_param_frac": 0.19467901570870788,
 "variant": "no_count",
 "seed": 0,
 "experiment": "A3_geometry",
 "dataset": "modelnet10",
 "per_class_acc": [
  0.0,
  0.16,
  0.84,
  0.0,
  0.7325581395348837,
  0.77,
  0.313953488372093,
  0.59,
  0.52,
  0.69
 ],
 "per_class_exit": [
  15.279999732971191,
  13.359999656677246,
  5.949999809265137,
  15.279069900512695,
  16.0,
  12.729999542236328,
  15.534883499145508,
  16.0,
  11.619999885559082,
  15.549999237060547
 ],
 "exit_hist": [
  0,
  0,
  0,
  24,
  36,
  36,
  22,
  34,
  28,
  24,
  10,
  9,
  10,
  1,
  4,
  3,
  667
 ]
}