{
 "acc_full_T": 0.8791667222976685,
 "theta_rows": [
  {
   "theta": 0.7,
   "accuracy": 0.8833333849906921,
   "avg_slices": 11.916666984558105,
   "slice_utilization": 0.7447916865348816,
   "exit_rate": 0.48750001192092896,
   "risk_exited": 0.0,
   "energy_pj": 1184.3908582617187,
   "energy_fixed_order_pj": 1571.38944,
   "energy_ratio": 0.7537220424885372,
   "ssp_overhead_frac": 0.011848341232227489,
   "risk_bound_thm1": 0.26250000000000007,
   "bound_satisfied": true
  }
 ],
 "revisit": {
  "revisit_rate": 0.0,
  "distinct_curve": [
   1.0,
   2.0,
   3.0,
   4.0,
   5.0,
   6.0,
   7.0,
   8.0,
   9.0,
   10.0,
   11.0,
   12.0,
   13.0,
   14.0,
   15.0,
   16.0
  ],
  "final_distinct": 16.0
 },
 "drift": {
  "delta_hat": 0.019134754315018654,
  "delta_min_step": -0.031076008453965187,
  "per_step_drift": [
   0.12568388879299164,
   0.08742839097976685,
   0.04728833958506584,
   0.03355179727077484,
   0.002110847504809499,
   0.029809392988681793,
   -0.031076008453965187,
   0.03232613578438759,
   0.013273980468511581,
   -0.014954112470149994,
   0.0091672008857131,
   -0.030683929100632668,
   -0.016460707411170006,
   0.021976912394165993,
   -0.022420823574066162
  ],
  "m1_mean": 0.16100957989692688,
  "frac_negative_drift_samples": 0.11666667461395264
 },
 "ece": 0.24146416317559094,
 "aurc": 0.02438449114561081,
 "ssp_param_count": 4288,
 "total_param_count": 30928,
 "ssp_param_frac": 0.1386445938954992,
 "variant": "d32",
 "seed": 0,
 "experiment": "A4_dssp",
 "dataset": "synthetic",
 "per_class_acc": [
  0.5333333333333333,
  0.8333333333333334,
  1.0,
  1.0,
  0.9,
  0.8,
  0.9666666666666667,
  1.0
 ],
 "per_class_exit": [
  16.0,
  15.566667556762695,
  10.066667556762695,
  7.933333873748779,
  15.700000762939453,
  16.0,
  9.066667556762695,
  5.000000476837158
 ],
 "exit_hist": [
  0,
  0,
  0,
  7,
  13,
  16,
  15,
  16,
  9,
  9,
  7,
  7,
  6,
  6,
  3,
  3,
  123
 ]
}