{
 "acc_full_T": 0.16333332657814026,
 "theta_rows": [
  {
   "theta": 0.7,
   "accuracy": 0.16333332657814026,
   "avg_slices": 1.0,
   "slice_utilization": 0.0625,
   "exit_rate": 1.0,
   "risk_exited": 0.8366666666666667,
   "energy_pj": 195.4816,
   "energy_fixed_order_pj": 3052.3392,
   "energy_ratio": 0.0640432098765432,
   "ssp_overhead_frac": 0.024096385542168676,
   "risk_bound_thm1": 0.27,
   "bound_satisfied": false
  }
 ],
 "revisit": {
  "revisit_rate": 0.0,
  "distinct_curve": [
   1.0,
   2.0,
   3.0,
   4.0,
   5.0,
   6.0,
   7.0,
   8.0,
   9.0,
   10.0,
   11.0,
   12.0,
   13.0,
   14.0,
   15.0,
   16.0
  ],
  "final_distinct": 16.0
 },
 "drift": {
  "delta_hat": 0.01666092500090599,
  "delta_min_step": 4.76837158203125e-06,
  "per_step_drift": [
   0.19502823054790497,
   0.035549163818359375,
   0.01078867819160223,
   0.004332184791564941,
   0.002017796039581299,
   0.001018822193145752,
   0.0005373954772949219,
   0.0002906322479248047,
   0.00015932321548461914,
   8.791685104370117e-05,
   4.869699478149414e-05,
   2.7060508728027344e-05,
   1.4960765838623047e-05,
   8.285045623779297e-06,
   4.76837158203125e-06
  ],
  "m1_mean": 0.737172544002533,
  "frac_negative_drift_samples": 0.0
 },
 "ece": 0.8299855887889862,
 "aurc": 0.5407825708389282,
 "ssp_param_count": 17152,
 "total_param_count": 44052,
 "ssp_param_frac": 0.38935803141741576,
 "variant": "d128",
 "seed": 0,
 "experiment": "A4_dssp",
 "dataset": "nmnist",
 "per_class_acc": [
  1.0,
  0.0,
  0.0,
  0.0,
  0.0,
  0.0,
  0.0,
  0.0,
  0.0,
  0.0
 ],
 "per_class_exit": [
  0.9999999403953552,
  1.0,
  1.0,
  1.0,
  1.0,
  1.0,
  NaN,
  NaN,
  NaN,
  NaN
 ],
 "exit_hist": [
  0,
  6000,
  0,
  0,
  0,
  0,
  0,
  0,
  0,
  0,
  0,
  0,
  0,
  0,
  0,
  0,
  0
 ]
}