{
 "acc_full_T": 0.44849997758865356,
 "theta_rows": [
  {
   "theta": 0.7,
   "accuracy": 0.45729997754096985,
   "avg_slices": 14.511899948120117,
   "slice_utilization": 0.9069937467575073,
   "exit_rate": 0.2175000011920929,
   "risk_exited": 0.25517241379310346,
   "energy_pj": 5455.944986383057,
   "energy_fixed_order_pj": 6014.238719999999,
   "energy_ratio": 0.9071713379516564,
   "ssp_overhead_frac": 0.00019576367409263536,
   "risk_bound_thm1": 0.27,
   "bound_satisfied": true
  }
 ],
 "revisit": {
  "revisit_rate": 0.0,
  "distinct_curve": [
   1.0,
   2.0,
   3.0,
   4.0,
   5.0,
   6.0,
   7.0,
   8.0,
   9.0,
   10.0,
   11.0,
   12.0,
   13.0,
   14.0,
   15.0,
   16.0
  ],
  "final_distinct": 16.0
 },
 "drift": {
  "delta_hat": 0.017659632489085197,
  "delta_min_step": -0.004528104793280363,
  "per_step_drift": [
   0.04136377200484276,
   0.049991022795438766,
   0.04444589093327522,
   0.03209962695837021,
   0.026219133287668228,
   0.023263445124030113,
   0.018894147127866745,
   0.012301369570195675,
   0.009128836914896965,
   0.007266794331371784,
   0.0037820423021912575,
   0.002472264925017953,
   0.00014959477994125336,
   -0.001955342711880803,
   -0.004528104793280363
  ],
  "m1_mean": 0.043794818222522736,
  "frac_negative_drift_samples": 0.10749999433755875
 },
 "ece": 0.07988284330943488,
 "aurc": 0.40263867378234863,
 "ssp_param_count": 268,
 "total_param_count": 59936,
 "ssp_param_frac": 0.004471436198611852,
 "variant": "d2",
 "seed": 0,
 "experiment": "A4_dssp",
 "dataset": "cifar10",
 "per_class_acc": [
  0.608,
  0.49,
  0.358,
  0.329,
  0.386,
  0.323,
  0.529,
  0.434,
  0.59,
  0.438
 ],
 "per_class_exit": [
  14.027000427246094,
  14.010000228881836,
  15.220000267028809,
  15.664000511169434,
  15.108000755310059,
  15.774001121520996,
  13.56100082397461,
  14.111001014709473,
  12.819000244140625,
  14.825000762939453
 ],
 "exit_hist": [
  0,
  0,
  0,
  4,
  86,
  180,
  237,
  238,
  249,
  231,
  215,
  194,
  162,
  141,
  127,
  111,
  7825
 ]
}