{
 "acc_full_T": 0.16333332657814026,
 "theta_rows": [
  {
   "theta": 0.7,
   "accuracy": 0.16333332657814026,
   "avg_slices": 1.0,
   "slice_utilization": 0.0625,
   "exit_rate": 1.0,
   "risk_exited": 0.8366666666666667,
   "energy_pj": 191.0656,
   "energy_fixed_order_pj": 3052.3392,
   "energy_ratio": 0.06259645061728394,
   "ssp_overhead_frac": 0.0015408320493066256,
   "risk_bound_thm1": 0.27,
   "bound_satisfied": false
  }
 ],
 "revisit": {
  "revisit_rate": 0.0,
  "distinct_curve": [
   1.0,
   2.0,
   3.0,
   4.0,
   5.0,
   6.0,
   7.0,
   8.0,
   9.0,
   10.0,
   11.0,
   12.0,
   13.0,
   14.0,
   15.0,
   16.0
  ],
  "final_distinct": 16.0
 },
 "drift": {
  "delta_hat": 0.016447599977254868,
  "delta_min_step": 4.410743713378906e-06,
  "per_step_drift": [
   0.19277571141719818,
   0.0349576473236084,
   0.010596930980682373,
   0.004252195358276367,
   0.001979351043701172,
   0.0009986162185668945,
   0.0005266070365905762,
   0.00028449296951293945,
   0.0001557469367980957,
   8.565187454223633e-05,
   4.774332046508789e-05,
   2.6285648345947266e-05,
   1.4603137969970703e-05,
   7.987022399902344e-06,
   4.410743713378906e-06
  ],
  "m1_mean": 0.7406160235404968,
  "frac_negative_drift_samples": 0.0
 },
 "ece": 0.8301261365413666,
 "aurc": 0.5407825708389282,
 "ssp_param_count": 1072,
 "total_param_count": 27972,
 "ssp_param_frac": 0.03832403832403832,
 "variant": "d8",
 "seed": 0,
 "experiment": "A4_dssp",
 "dataset": "nmnist",
 "per_class_acc": [
  1.0,
  0.0,
  0.0,
  0.0,
  0.0,
  0.0,
  0.0,
  0.0,
  0.0,
  0.0
 ],
 "per_class_exit": [
  0.9999999403953552,
  1.0,
  1.0,
  1.0,
  1.0,
  1.0,
  NaN,
  NaN,
  NaN,
  NaN
 ],
 "exit_hist": [
  0,
  6000,
  0,
  0,
  0,
  0,
  0,
  0,
  0,
  0,
  0,
  0,
  0,
  0,
  0,
  0,
  0
 ]
}