{
 "acc_full_T": 0.141199991106987,
 "theta_rows": [
  {
   "theta": 0.7,
   "accuracy": 0.14219999313354492,
   "avg_slices": 15.864399909973145,
   "slice_utilization": 0.9915249943733215,
   "exit_rate": 0.019199999049305916,
   "risk_exited": 0.2552083333333333,
   "energy_pj": 5965.60325267456,
   "energy_fixed_order_pj": 6014.238719999999,
   "energy_ratio": 0.9919132795371582,
   "ssp_overhead_frac": 0.0003914507163548109,
   "risk_bound_thm1": 0.29700000000000004,
   "bound_satisfied": true
  }
 ],
 "revisit": {
  "revisit_rate": 0.0,
  "distinct_curve": [
   1.0,
   2.0,
   3.0,
   4.0,
   5.0,
   6.0,
   7.0,
   8.0,
   9.0,
   10.0,
   11.0,
   12.0,
   13.0,
   14.0,
   15.0,
   16.0
  ],
  "final_distinct": 16.0
 },
 "drift": {
  "delta_hat": 0.005864456761628389,
  "delta_min_step": -0.003202777123078704,
  "per_step_drift": [
   0.012496606446802616,
   0.01861405558884144,
   0.01965109258890152,
   0.015895111486315727,
   0.011228050105273724,
   0.008965542539954185,
   0.005207437556236982,
   0.0029837172478437424,
   0.0018831363413482904,
   0.0003632910375017673,
   -0.0006886140909045935,
   -0.0007306438055820763,
   -0.003202777123078704,
   -0.0023564177099615335,
   -0.002342735882848501
  ],
  "m1_mean": 0.0082036592066288,
  "frac_negative_drift_samples": 0.1070999950170517
 },
 "ece": 0.054452833113583725,
 "aurc": 0.758195161819458,
 "ssp_param_count": 536,
 "total_param_count": 71904,
 "ssp_param_frac": 0.007454383622607922,
 "variant": "d4",
 "seed": 0,
 "experiment": "A4_dssp",
 "dataset": "cifar100",
 "per_class_acc": [
  0.26,
  0.29,
  0.2,
  0.0,
  0.0,
  0.05,
  0.02,
  0.0,
  0.11,
  0.07,
  0.0,
  0.0,
  0.04,
  0.13,
  0.1,
  0.03,
  0.0,
  0.22,
  0.32,
  0.02,
  0.33,
  0.45,
  0.0,
  0.47,
  0.47,
  0.03,
  0.0,
  0.23,
  0.01,
  0.01,
  0.13,
  0.0,
  0.0,
  0.37,
  0.0,
  0.0,
  0.14,
  0.02,
  0.1,
  0.03,
  0.0,
  0.17,
  0.18,
  0.2,
  0.0,
  0.02,
  0.07,
  0.18,
  0.06,
  0.24,
  0.0,
  0.01,
  0.5,
  0.46,
  0.34,
  0.0,
  0.11,
  0.15,
  0.04,
  0.02,
  0.59,
  0.13,
  0.34,
  0.28,
  0.02,
  0.0,
  0.0,
  0.29,
  0.46,
  0.12,
  0.21,
  0.5,
  0.01,
  0.44,
  0.0,
  0.08,
  0.43,
  0.0,
  0.07,
  0.16,
  0.05,
  0.06,
  0.38,
  0.14,
  0.01,
  0.15,
  0.2,
  0.07,
  0.19,
  0.09,
  0.03,
  0.02,
  0.13,
  0.01,
  0.39,
  0.29,
  0.19,
  0.08,
  0.04,
  0.07
 ],
 "per_class_exit": [
  15.929999351501465,
  15.889999389648438,
  16.0,
  16.0,
  16.0,
  16.0,
  15.559999465942383,
  16.0,
  16.0,
  15.90999984741211,
  16.0,
  16.0,
  15.969999313354492,
  16.0,
  16.0,
  16.0,
  16.0,
  16.0,
  16.0,
  16.0,
  15.889999389648438,
  15.9399995803833,
  15.880000114440918,
  15.869999885559082,
  16.0,
  16.0,
  16.0,
  16.0,
  15.969999313354492,
  16.0,
  16.0,
  16.0,
  16.0,
  15.859999656677246,
  16.0,
  16.0,
  16.0,
  16.0,
  16.0,
  15.889999389648438,
  16.0,
  16.0,
  16.0,
  15.899999618530273,
  15.979999542236328,
  16.0,
  16.0,
  15.589999198913574,
  16.0,
  15.84999942779541,
  16.0,
  16.0,
  15.839999198913574,
  14.130000114440918,
  15.609999656677246,
  16.0,
  16.0,
  15.90999984741211,
  16.0,
  16.0,
  12.960000038146973,
  16.0,
  15.469999313354492,
  16.0,
  16.0,
  16.0,
  16.0,
  16.0,
  15.65999984741211,
  16.0,
  16.0,
  15.4399995803833,
  16.0,
  16.0,
  16.0,
  16.0,
  15.469999313354492,
  16.0,
  16.0,
  16.0,
  16.0,
  16.0,
  13.699999809265137,
  15.710000038146973,
  15.920000076293945,
  16.0,
  16.0,
  16.0,
  16.0,
  15.920000076293945,
  16.0,
  16.0,
  15.75,
  16.0,
  15.15999984741211,
  15.929999351501465,
  15.979999542236328,
  16.0,
  16.0,
  16.0
 ],
 "exit_hist": [
  0,
  0,
  0,
  0,
  8,
  17,
  20,
  28,
  21,
  25,
  17,
  9,
  12,
  18,
  12,
  5,
  9808
 ]
}