{
 "acc_full_T": 0.16333332657814026,
 "theta_rows": [
  {
   "theta": 0.7,
   "accuracy": 0.16333332657814026,
   "avg_slices": 1.0,
   "slice_utilization": 0.0625,
   "exit_rate": 1.0,
   "risk_exited": 0.8366666666666667,
   "energy_pj": 191.35999999999999,
   "energy_fixed_order_pj": 3052.3392,
   "energy_ratio": 0.0626929012345679,
   "ssp_overhead_frac": 0.003076923076923077,
   "risk_bound_thm1": 0.27,
   "bound_satisfied": false
  }
 ],
 "revisit": {
  "revisit_rate": 0.0,
  "distinct_curve": [
   1.0,
   2.0,
   3.0,
   4.0,
   5.0,
   6.0,
   7.0,
   8.0,
   9.0,
   10.0,
   11.0,
   12.0,
   13.0,
   14.0,
   15.0,
   16.0
  ],
  "final_distinct": 16.0
 },
 "drift": {
  "delta_hat": 0.016751401126384735,
  "delta_min_step": 4.827976226806641e-06,
  "per_step_drift": [
   0.19632530212402344,
   0.03564709052443504,
   0.010777115821838379,
   0.004319131374359131,
   0.002010166645050049,
   0.0010151863098144531,
   0.0005358457565307617,
   0.0002900362014770508,
   0.0001590251922607422,
   8.803606033325195e-05,
   4.875659942626953e-05,
   2.7060508728027344e-05,
   1.5139579772949219e-05,
   8.285045623779297e-06,
   4.827976226806641e-06
  ],
  "m1_mean": 0.7360068559646606,
  "frac_negative_drift_samples": 0.0
 },
 "ece": 0.8300636112689972,
 "aurc": 0.5407825708389282,
 "ssp_param_count": 2144,
 "total_param_count": 29044,
 "ssp_param_frac": 0.07381903319102052,
 "variant": "d16",
 "seed": 0,
 "experiment": "A4_dssp",
 "dataset": "nmnist",
 "per_class_acc": [
  1.0,
  0.0,
  0.0,
  0.0,
  0.0,
  0.0,
  0.0,
  0.0,
  0.0,
  0.0
 ],
 "per_class_exit": [
  0.9999999403953552,
  1.0,
  1.0,
  1.0,
  1.0,
  1.0,
  NaN,
  NaN,
  NaN,
  NaN
 ],
 "exit_hist": [
  0,
  6000,
  0,
  0,
  0,
  0,
  0,
  0,
  0,
  0,
  0,
  0,
  0,
  0,
  0,
  0,
  0
 ]
}