{
 "acc_full_T": 0.13689999282360077,
 "theta_rows": [
  {
   "theta": 0.7,
   "accuracy": 0.13859999179840088,
   "avg_slices": 15.866799354553223,
   "slice_utilization": 0.9916749596595764,
   "exit_rate": 0.019899999722838402,
   "risk_exited": 0.24623115577889448,
   "energy_pj": 5968.841125769043,
   "energy_fixed_order_pj": 6014.238719999999,
   "energy_ratio": 0.9924516474412648,
   "ssp_overhead_frac": 0.0007825950853028644,
   "risk_bound_thm1": 0.29700000000000004,
   "bound_satisfied": true
  }
 ],
 "revisit": {
  "revisit_rate": 0.0,
  "distinct_curve": [
   1.0,
   2.0,
   3.0,
   4.0,
   5.0,
   6.0,
   7.0,
   8.0,
   9.0,
   10.0,
   11.0,
   12.0,
   13.0,
   14.0,
   15.0,
   16.0
  ],
  "final_distinct": 16.0
 },
 "drift": {
  "delta_hat": 0.005812680348753929,
  "delta_min_step": -0.0033933150116354227,
  "per_step_drift": [
   0.012211272493004799,
   0.018964428454637527,
   0.01858196035027504,
   0.015650121495127678,
   0.012273050844669342,
   0.008546466939151287,
   0.005275418516248465,
   0.0042648762464523315,
   0.0017630235524848104,
   0.00045558728743344545,
   -0.0004011389100924134,
   -0.002217691857367754,
   -0.0028220275416970253,
   -0.0019618270453065634,
   -0.0033933150116354227
  ],
  "m1_mean": 0.008139846846461296,
  "frac_negative_drift_samples": 0.10749999433755875
 },
 "ece": 0.05774000162047264,
 "aurc": 0.76376873254776,
 "ssp_param_count": 1072,
 "total_param_count": 72440,
 "ssp_param_frac": 0.014798453892876864,
 "variant": "d8",
 "seed": 0,
 "experiment": "A4_dssp",
 "dataset": "cifar100",
 "per_class_acc": [
  0.26,
  0.27,
  0.17,
  0.0,
  0.0,
  0.1,
  0.02,
  0.01,
  0.11,
  0.05,
  0.0,
  0.01,
  0.05,
  0.08,
  0.1,
  0.05,
  0.0,
  0.21,
  0.3,
  0.01,
  0.3,
  0.39,
  0.0,
  0.4,
  0.47,
  0.01,
  0.0,
  0.25,
  0.03,
  0.0,
  0.13,
  0.0,
  0.0,
  0.36,
  0.0,
  0.0,
  0.15,
  0.01,
  0.1,
  0.01,
  0.0,
  0.34,
  0.12,
  0.27,
  0.02,
  0.04,
  0.05,
  0.18,
  0.08,
  0.23,
  0.01,
  0.01,
  0.49,
  0.5,
  0.29,
  0.0,
  0.09,
  0.14,
  0.08,
  0.02,
  0.55,
  0.17,
  0.3,
  0.18,
  0.03,
  0.0,
  0.0,
  0.28,
  0.37,
  0.13,
  0.19,
  0.46,
  0.01,
  0.47,
  0.02,
  0.04,
  0.33,
  0.0,
  0.05,
  0.15,
  0.02,
  0.02,
  0.41,
  0.15,
  0.01,
  0.14,
  0.28,
  0.07,
  0.23,
  0.11,
  0.05,
  0.0,
  0.13,
  0.01,
  0.37,
  0.21,
  0.19,
  0.07,
  0.04,
  0.08
 ],
 "per_class_exit": [
  16.0,
  15.819999694824219,
  15.949999809265137,
  16.0,
  16.0,
  16.0,
  15.799999237060547,
  16.0,
  16.0,
  16.0,
  16.0,
  16.0,
  16.0,
  16.0,
  16.0,
  15.949999809265137,
  16.0,
  16.0,
  16.0,
  16.0,
  15.90999984741211,
  15.9399995803833,
  15.829999923706055,
  15.819999694824219,
  15.929999351501465,
  15.929999351501465,
  15.979999542236328,
  16.0,
  16.0,
  16.0,
  16.0,
  16.0,
  15.90999984741211,
  15.920000076293945,
  16.0,
  16.0,
  16.0,
  15.979999542236328,
  16.0,
  15.9399995803833,
  16.0,
  16.0,
  16.0,
  16.0,
  15.920000076293945,
  16.0,
  16.0,
  15.769999504089355,
  16.0,
  15.699999809265137,
  16.0,
  16.0,
  15.84999942779541,
  14.0,
  15.799999237060547,
  16.0,
  16.0,
  15.84999942779541,
  16.0,
  16.0,
  12.469999313354492,
  16.0,
  15.380000114440918,
  16.0,
  16.0,
  16.0,
  16.0,
  16.0,
  15.829999923706055,
  16.0,
  16.0,
  15.429999351501465,
  16.0,
  16.0,
  16.0,
  16.0,
  15.130000114440918,
  16.0,
  16.0,
  16.0,
  16.0,
  16.0,
  14.389999389648438,
  15.839999198913574,
  16.0,
  16.0,
  16.0,
  15.949999809265137,
  16.0,
  16.0,
  16.0,
  16.0,
  15.90999984741211,
  16.0,
  14.90999984741211,
  16.0,
  16.0,
  16.0,
  15.9399995803833,
  16.0
 ],
 "exit_hist": [
  0,
  0,
  0,
  0,
  2,
  14,
  22,
  26,
  18,
  29,
  23,
  17,
  15,
  14,
  9,
  10,
  9801
 ]
}