{
 "acc_full_T": 0.46475768089294434,
 "theta_rows": [
  {
   "theta": 0.7,
   "accuracy": 0.4999999701976776,
   "avg_slices": 13.450440406799316,
   "slice_utilization": 0.8406525254249573,
   "exit_rate": 0.26762112975120544,
   "risk_exited": 0.2551440329218107,
   "energy_pj": 10043.661210874023,
   "energy_fixed_order_pj": 11938.037760000001,
   "energy_ratio": 0.8413159191476726,
   "ssp_overhead_frac": 0.0007885191610156127,
   "risk_bound_thm1": 0.27,
   "bound_satisfied": true
  }
 ],
 "revisit": {
  "revisit_rate": 0.0,
  "distinct_curve": [
   1.0,
   2.0,
   3.0,
   4.0,
   5.0,
   6.0,
   7.0,
   8.0,
   9.0,
   10.0,
   11.0,
   12.0,
   13.0,
   14.0,
   15.0,
   16.0
  ],
  "final_distinct": 16.0
 },
 "drift": {
  "delta_hat": 0.013263430446386337,
  "delta_min_step": -0.02838810160756111,
  "per_step_drift": [
   0.08363444358110428,
   0.06935656070709229,
   0.0532674714922905,
   0.036851830780506134,
   0.026060737669467926,
   0.003945761825889349,
   0.0071490793488919735,
   0.00683540478348732,
   -0.00466022128239274,
   -0.0039430540055036545,
   -0.00843028910458088,
   -0.018356982618570328,
   -0.013257007114589214,
   -0.02838810160756111,
   -0.011114183813333511
  ],
  "m1_mean": 0.05883518233895302,
  "frac_negative_drift_samples": 0.17841409146785736
 },
 "ece": 0.06272660330745894,
 "aurc": 0.3889157176017761,
 "ssp_param_count": 2144,
 "total_param_count": 37620,
 "ssp_param_frac": 0.05699096225412015,
 "variant": "d16",
 "seed": 0,
 "experiment": "A4_dssp",
 "dataset": "modelnet10",
 "per_class_acc": [
  0.0,
  0.16,
  0.83,
  0.0,
  0.5348837209302325,
  0.73,
  0.45348837209302323,
  0.6,
  0.38,
  0.67
 ],
 "per_class_exit": [
  15.5,
  12.579999923706055,
  6.059999942779541,
  15.093023300170898,
  16.0,
  12.949999809265137,
  15.662790298461914,
  16.0,
  10.90999984741211,
  15.670000076293945
 ],
 "exit_hist": [
  0,
  0,
  0,
  27,
  39,
  39,
  33,
  26,
  28,
  21,
  13,
  5,
  3,
  4,
  0,
  5,
  665
 ]
}