{
 "acc_full_T": 0.4495999813079834,
 "theta_rows": [
  {
   "theta": 0.7,
   "accuracy": 0.4578999876976013,
   "avg_slices": 14.569099426269531,
   "slice_utilization": 0.9105687141418457,
   "exit_rate": 0.20979999005794525,
   "risk_exited": 0.24356530028598666,
   "energy_pj": 5479.594474965819,
   "energy_fixed_order_pj": 6014.238719999999,
   "energy_ratio": 0.9111035876816376,
   "ssp_overhead_frac": 0.0005870611717740989,
   "risk_bound_thm1": 0.27,
   "bound_satisfied": true
  }
 ],
 "revisit": {
  "revisit_rate": 0.0,
  "distinct_curve": [
   1.0,
   2.0,
   3.0,
   4.0,
   5.0,
   6.0,
   7.0,
   8.0,
   9.0,
   10.0,
   11.0,
   12.0,
   13.0,
   14.0,
   15.0,
   16.0
  ],
  "final_distinct": 16.0
 },
 "drift": {
  "delta_hat": 0.01707136631011963,
  "delta_min_step": -0.00504917511716485,
  "per_step_drift": [
   0.03764167055487633,
   0.04910944402217865,
   0.04424404352903366,
   0.03585929796099663,
   0.024024389684200287,
   0.02369692362844944,
   0.015909211710095406,
   0.014369221404194832,
   0.0104784294962883,
   0.009006031788885593,
   0.00034779118141159415,
   0.001118562533520162,
   -3.6409328458830714e-05,
   -0.00504917511716485,
   -0.004648955538868904
  ],
  "m1_mean": 0.0424240417778492,
  "frac_negative_drift_samples": 0.10489999502897263
 },
 "ece": 0.07145751574741982,
 "aurc": 0.40594249963760376,
 "ssp_param_count": 804,
 "total_param_count": 60472,
 "ssp_param_frac": 0.013295409445693875,
 "variant": "d6",
 "seed": 0,
 "experiment": "A4_dssp",
 "dataset": "cifar10",
 "per_class_acc": [
  0.621,
  0.492,
  0.367,
  0.339,
  0.377,
  0.316,
  0.53,
  0.412,
  0.616,
  0.426
 ],
 "per_class_exit": [
  14.082000732421875,
  14.019001007080078,
  15.396000862121582,
  15.6850004196167,
  15.063000679016113,
  15.828001022338867,
  13.802000999450684,
  14.30000114440918,
  12.578001022338867,
  14.938000679016113
 ],
 "exit_hist": [
  0,
  0,
  0,
  5,
  96,
  171,
  221,
  217,
  223,
  243,
  189,
  194,
  179,
  142,
  99,
  119,
  7902
 ]
}