{
 "acc_full_T": 0.9375000596046448,
 "theta_rows": [
  {
   "theta": 0.7,
   "accuracy": 0.9375000596046448,
   "avg_slices": 11.416666984558105,
   "slice_utilization": 0.7135416865348816,
   "exit_rate": 0.5041667222976685,
   "risk_exited": 0.008264462809917356,
   "energy_pj": 1148.1404053027343,
   "energy_fixed_order_pj": 1571.38944,
   "energy_ratio": 0.7306529979625765,
   "ssp_overhead_frac": 0.0234192037470726,
   "risk_bound_thm1": 0.26250000000000007,
   "bound_satisfied": true
  }
 ],
 "revisit": {
  "revisit_rate": 0.0,
  "distinct_curve": [
   1.0,
   2.0,
   3.0,
   4.0,
   5.0,
   6.0,
   7.0,
   8.0,
   9.0,
   10.0,
   11.0,
   12.0,
   13.0,
   14.0,
   15.0,
   16.0
  ],
  "final_distinct": 16.0
 },
 "drift": {
  "delta_hat": 0.021740272641181946,
  "delta_min_step": -0.014688119292259216,
  "per_step_drift": [
   0.14115534722805023,
   0.09122609347105026,
   0.05639834329485893,
   0.031178856268525124,
   0.004102163016796112,
   0.007027495186775923,
   0.0005018698866479099,
   -0.014688119292259216,
   -0.011418729089200497,
   -0.012221497483551502,
   0.005797926336526871,
   0.006474998779594898,
   -0.008764408528804779,
   0.008061283268034458,
   0.02127247489988804
  ],
  "m1_mean": 0.18073321878910065,
  "frac_negative_drift_samples": 0.05000000447034836
 },
 "ece": 0.2552181692580655,
 "aurc": 0.008725719526410103,
 "ssp_param_count": 1920,
 "total_param_count": 28560,
 "ssp_param_frac": 0.06722689075630252,
 "variant": "d64_rank8",
 "seed": 0,
 "experiment": "A4_dssp",
 "dataset": "synthetic",
 "per_class_acc": [
  0.9333333333333333,
  0.8,
  1.0,
  1.0,
  0.8666666666666667,
  0.9,
  1.0,
  1.0
 ],
 "per_class_exit": [
  15.833333969116211,
  15.30000114440918,
  9.40000057220459,
  11.066667556762695,
  14.933334350585938,
  16.0,
  5.033333778381348,
  3.766666889190674
 ],
 "exit_hist": [
  0,
  0,
  6,
  12,
  20,
  20,
  8,
  10,
  13,
  5,
  3,
  6,
  1,
  7,
  8,
  2,
  119
 ]
}