{
 "acc_full_T": 0.4096434414386749,
 "theta_rows": [
  {
   "theta": 0.7,
   "accuracy": 0.4088330566883087,
   "avg_slices": 14.03200912475586,
   "slice_utilization": 0.8770005702972412,
   "exit_rate": 0.22568881511688232,
   "risk_exited": 0.22980251346499103,
   "energy_pj": 10502.714111640626,
   "energy_fixed_order_pj": 11938.037760000001,
   "energy_ratio": 0.87976888017823,
   "ssp_overhead_frac": 0.003146633102580239,
   "risk_bound_thm1": 0.29250000000000004,
   "bound_satisfied": true
  }
 ],
 "revisit": {
  "revisit_rate": 0.0,
  "distinct_curve": [
   1.0,
   2.0,
   3.0,
   4.0,
   5.0,
   6.0,
   7.0,
   8.0,
   9.0,
   10.0,
   11.0,
   12.0,
   13.0,
   14.0,
   15.0,
   16.0
  ],
  "final_distinct": 16.0
 },
 "drift": {
  "delta_hat": 0.014822705648839474,
  "delta_min_step": -0.021001717075705528,
  "per_step_drift": [
   0.058821890503168106,
   0.05825377255678177,
   0.04510390758514404,
   0.040467772632837296,
   0.02599918283522129,
   0.022191813215613365,
   0.012556400150060654,
   0.010596204549074173,
   0.0021757534705102444,
   0.0050903246738016605,
   -0.003228304907679558,
   -0.0075138527899980545,
   -0.011091111227869987,
   -0.016081461682915688,
   -0.021001717075705528
  ],
  "m1_mean": 0.04092178866267204,
  "frac_negative_drift_samples": 0.12034035474061966
 },
 "ece": 0.02045466860284502,
 "aurc": 0.37353968620300293,
 "ssp_param_count": 8576,
 "total_param_count": 47952,
 "ssp_param_frac": 0.1788455121788455,
 "variant": "no_count",
 "seed": 0,
 "experiment": "A3_geometry",
 "dataset": "modelnet40",
 "per_class_acc": [
  0.95,
  0.0,
  0.61,
  0.1,
  0.83,
  0.55,
  0.1,
  0.04,
  0.88,
  0.0,
  0.0,
  0.4,
  0.023255813953488372,
  0.25,
  0.6976744186046512,
  0.0,
  0.08,
  0.91,
  0.85,
  0.0,
  0.25,
  0.19,
  0.85,
  0.11627906976744186,
  0.25,
  0.06,
  0.38,
  0.0,
  0.0,
  0.0,
  0.69,
  0.0,
  0.0,
  0.38,
  0.05,
  0.56,
  0.42,
  0.54,
  0.1,
  0.0
 ],
 "per_class_exit": [
  3.8499999046325684,
  15.779999732971191,
  14.429999351501465,
  14.949999809265137,
  7.210000038146973,
  15.369999885559082,
  16.0,
  15.899999618530273,
  10.899999618530273,
  16.0,
  16.0,
  15.65000057220459,
  15.55813980102539,
  16.0,
  16.0,
  15.600000381469727,
  16.0,
  7.25,
  13.550000190734863,
  12.90000057220459,
  15.949999809265137,
  14.6899995803833,
  14.289999961853027,
  15.906976699829102,
  14.699999809265137,
  15.399999618530273,
  15.50999927520752,
  15.800000190734863,
  16.0,
  16.0,
  15.0,
  15.0,
  13.699999809265137,
  14.519999504089355,
  15.90000057220459,
  16.0,
  14.799999237060547,
  15.789999961853027,
  14.800000190734863,
  14.949999809265137
 ],
 "exit_hist": [
  0,
  0,
  18,
  81,
  55,
  52,
  63,
  47,
  43,
  47,
  31,
  37,
  33,
  10,
  21,
  19,
  1911
 ]
}