{
 "acc_full_T": 0.1453000009059906,
 "theta_rows": [
  {
   "theta": 0.5,
   "accuracy": 0.14509999752044678,
   "avg_slices": 15.394299507141113,
   "slice_utilization": 0.9621437191963196,
   "exit_rate": 0.06920000165700912,
   "risk_exited": 0.5621387283236994,
   "energy_pj": 5822.81866439453,
   "energy_fixed_order_pj": 6014.238719999999,
   "energy_ratio": 0.9681721886148428,
   "ssp_overhead_frac": 0.006226650062266501,
   "risk_bound_thm1": 0.495,
   "bound_satisfied": false
  },
  {
   "theta": 0.7,
   "accuracy": 0.1453000009059906,
   "avg_slices": 15.84060001373291,
   "slice_utilization": 0.9900375008583069,
   "exit_rate": 0.020099999383091927,
   "risk_exited": 0.4577114427860697,
   "energy_pj": 5991.629653066406,
   "energy_fixed_order_pj": 6014.238719999999,
   "energy_ratio": 0.9962407433448878,
   "ssp_overhead_frac": 0.006226650062266501,
   "risk_bound_thm1": 0.29700000000000004,
   "bound_satisfied": false
  },
  {
   "theta": 0.9,
   "accuracy": 0.1453000009059906,
   "avg_slices": 15.989599227905273,
   "slice_utilization": 0.9993499517440796,
   "exit_rate": 0.001500000013038516,
   "risk_exited": 0.4,
   "energy_pj": 6047.987878710937,
   "energy_fixed_order_pj": 6014.238719999999,
   "energy_ratio": 1.005611542920421,
   "ssp_overhead_frac": 0.0062266500622665,
   "risk_bound_thm1": 0.09899999999999999,
   "bound_satisfied": false
  }
 ],
 "revisit": {
  "revisit_rate": 0.8168562650680542,
  "distinct_curve": [
   1.0,
   2.0,
   2.4621999263763428,
   2.6659998893737793,
   2.7755000591278076,
   2.830199956893921,
   2.864000082015991,
   2.886199951171875,
   2.900099992752075,
   2.9093000888824463,
   2.915299892425537,
   2.9196999073028564,
   2.9233999252319336,
   2.9263999462127686,
   2.928999900817871,
   2.930299997329712
  ],
  "final_distinct": 2.930299997329712
 },
 "drift": {
  "delta_hat": 0.008284838870167732,
  "delta_min_step": 0.00016123056411743164,
  "per_step_drift": [
   0.014511159621179104,
   0.024028567597270012,
   0.023818211629986763,
   0.017116958275437355,
   0.014058773405849934,
   0.008824322372674942,
   0.007375601679086685,
   0.004428727552294731,
   0.003644892480224371,
   0.0015317740617319942,
   0.0024599728640168905,
   0.0006275292253121734,
   0.0006546093500219285,
   0.00016123056411743164,
   0.0010302455630153418
  ],
  "m1_mean": 0.015616146847605705,
  "frac_negative_drift_samples": 0.13859999179840088
 },
 "ece": 0.10773552413342,
 "aurc": 0.7606933116912842,
 "ssp_param_count": 8576,
 "total_param_count": 79944,
 "ssp_param_frac": 0.10727509256479535,
 "variant": "mask_off",
 "seed": 0,
 "experiment": "A2_masking",
 "dataset": "cifar100",
 "per_class_acc": [
  0.43,
  0.18,
  0.2,
  0.0,
  0.03,
  0.03,
  0.03,
  0.0,
  0.06,
  0.1,
  0.0,
  0.0,
  0.03,
  0.07,
  0.06,
  0.05,
  0.07,
  0.34,
  0.25,
  0.0,
  0.21,
  0.33,
  0.0,
  0.33,
  0.35,
  0.03,
  0.0,
  0.11,
  0.0,
  0.03,
  0.23,
  0.02,
  0.01,
  0.13,
  0.02,
  0.04,
  0.21,
  0.0,
  0.0,
  0.04,
  0.0,
  0.37,
  0.08,
  0.4,
  0.0,
  0.06,
  0.0,
  0.14,
  0.18,
  0.23,
  0.0,
  0.04,
  0.59,
  0.59,
  0.34,
  0.0,
  0.15,
  0.12,
  0.13,
  0.07,
  0.62,
  0.15,
  0.34,
  0.11,
  0.03,
  0.0,
  0.09,
  0.19,
  0.21,
  0.12,
  0.31,
  0.39,
  0.0,
  0.17,
  0.01,
  0.4,
  0.38,
  0.04,
  0.03,
  0.01,
  0.02,
  0.04,
  0.64,
  0.11,
  0.01,
  0.21,
  0.17,
  0.0,
  0.24,
  0.25,
  0.06,
  0.22,
  0.0,
  0.07,
  0.41,
  0.33,
  0.24,
  0.23,
  0.14,
  0.03
 ],
 "per_class_exit": [
  14.40999984741211,
  15.0,
  15.969999313354492,
  15.839999198913574,
  15.769999504089355,
  15.529999732971191,
  14.489999771118164,
  15.799999237060547,
  15.920000076293945,
  15.949999809265137,
  15.460000038146973,
  15.829999923706055,
  15.359999656677246,
  15.630000114440918,
  15.649999618530273,
  15.829999923706055,
  15.679999351501465,
  15.469999313354492,
  15.949999809265137,
  16.0,
  15.710000038146973,
  15.670000076293945,
  15.569999694824219,
  13.979999542236328,
  14.059999465942383,
  15.529999732971191,
  15.679999351501465,
  16.0,
  15.630000114440918,
  15.739999771118164,
  15.839999198913574,
  15.880000114440918,
  15.569999694824219,
  15.519999504089355,
  15.839999198913574,
  15.979999542236328,
  15.25999927520752,
  15.529999732971191,
  15.859999656677246,
  15.579999923706055,
  15.179999351501465,
  15.00999927520752,
  15.949999809265137,
  15.670000076293945,
  16.0,
  15.920000076293945,
  15.75999927520752,
  15.359999656677246,
  15.799999237060547,
  14.869999885559082,
  15.809999465942383,
  15.6899995803833,
  14.84999942779541,
  12.550000190734863,
  14.399999618530273,
  15.899999618530273,
  15.75,
  15.569999694824219,
  15.819999694824219,
  15.149999618530273,
  10.619999885559082,
  15.920000076293945,
  14.739999771118164,
  15.819999694824219,
  15.920000076293945,
  15.799999237060547,
  15.809999465942383,
  15.719999313354492,
  15.079999923706055,
  15.50999927520752,
  14.569999694824219,
  13.829999923706055,
  15.729999542236328,
  15.380000114440918,
  15.929999351501465,
  15.679999351501465,
  14.149999618530273,
  15.920000076293945,
  15.739999771118164,
  15.710000038146973,
  15.889999389648438,
  15.960000038146973,
  11.6899995803833,
  14.880000114440918,
  15.899999618530273,
  15.779999732971191,
  15.90999984741211,
  15.739999771118164,
  15.969999313354492,
  15.359999656677246,
  15.630000114440918,
  15.869999885559082,
  14.489999771118164,
  15.65999984741211,
  14.489999771118164,
  15.319999694824219,
  15.15999984741211,
  15.920000076293945,
  16.0,
  15.25
 ],
 "exit_hist": [
  0,
  0,
  0,
  40,
  89,
  106,
  95,
  72,
  89,
  50,
  44,
  35,
  24,
  23,
  14,
  11,
  9308
 ]
}