{
 "acc_full_T": 0.13899999856948853,
 "theta_rows": [
  {
   "theta": 0.7,
   "accuracy": 0.1410999894142151,
   "avg_slices": 15.872299194335938,
   "slice_utilization": 0.9920186996459961,
   "exit_rate": 0.01889999955892563,
   "risk_exited": 0.24338624338624337,
   "energy_pj": 6041.002152499999,
   "energy_fixed_order_pj": 6014.238719999999,
   "energy_ratio": 1.004450011671635,
   "ssp_overhead_frac": 0.012376237623762377,
   "risk_bound_thm1": 0.29700000000000004,
   "bound_satisfied": true
  }
 ],
 "revisit": {
  "revisit_rate": 0.0,
  "distinct_curve": [
   1.0,
   2.0,
   3.0,
   4.0,
   5.0,
   6.0,
   7.0,
   8.0,
   9.0,
   10.0,
   11.0,
   12.0,
   13.0,
   14.0,
   15.0,
   16.0
  ],
  "final_distinct": 16.0
 },
 "drift": {
  "delta_hat": 0.005891249980777502,
  "delta_min_step": -0.003158902982249856,
  "per_step_drift": [
   0.011932183057069778,
   0.01820022612810135,
   0.01906699873507023,
   0.015352017246186733,
   0.012369340285658836,
   0.008138694800436497,
   0.005564987193793058,
   0.003223413834348321,
   0.0022915012668818235,
   0.0005023652920499444,
   0.00026260531740263104,
   -0.0005211440729908645,
   -0.002553623402491212,
   -0.003158902982249856,
   -0.002301908563822508
  ],
  "m1_mean": 0.00807828176766634,
  "frac_negative_drift_samples": 0.10999999940395355
 },
 "ece": 0.05603015541775515,
 "aurc": 0.7667433619499207,
 "ssp_param_count": 17152,
 "total_param_count": 88520,
 "ssp_param_frac": 0.19376412110257568,
 "variant": "d128",
 "seed": 0,
 "experiment": "A4_dssp",
 "dataset": "cifar100",
 "per_class_acc": [
  0.25,
  0.35,
  0.23,
  0.0,
  0.01,
  0.14,
  0.02,
  0.03,
  0.14,
  0.09,
  0.0,
  0.0,
  0.05,
  0.06,
  0.06,
  0.04,
  0.01,
  0.23,
  0.3,
  0.01,
  0.3,
  0.4,
  0.0,
  0.43,
  0.48,
  0.02,
  0.01,
  0.19,
  0.07,
  0.0,
  0.14,
  0.01,
  0.0,
  0.36,
  0.01,
  0.0,
  0.13,
  0.03,
  0.11,
  0.02,
  0.0,
  0.29,
  0.17,
  0.26,
  0.01,
  0.02,
  0.05,
  0.16,
  0.06,
  0.21,
  0.01,
  0.02,
  0.52,
  0.48,
  0.31,
  0.0,
  0.1,
  0.13,
  0.07,
  0.0,
  0.51,
  0.18,
  0.32,
  0.18,
  0.01,
  0.0,
  0.0,
  0.25,
  0.31,
  0.1,
  0.16,
  0.49,
  0.0,
  0.41,
  0.01,
  0.1,
  0.39,
  0.0,
  0.12,
  0.16,
  0.05,
  0.03,
  0.35,
  0.13,
  0.03,
  0.15,
  0.24,
  0.13,
  0.18,
  0.1,
  0.03,
  0.01,
  0.09,
  0.02,
  0.41,
  0.25,
  0.2,
  0.1,
  0.02,
  0.08
 ],
 "per_class_exit": [
  15.979999542236328,
  15.889999389648438,
  16.0,
  16.0,
  16.0,
  16.0,
  15.880000114440918,
  16.0,
  16.0,
  16.0,
  16.0,
  16.0,
  15.9399995803833,
  16.0,
  16.0,
  16.0,
  16.0,
  15.949999809265137,
  16.0,
  16.0,
  15.90999984741211,
  15.859999656677246,
  15.989999771118164,
  15.739999771118164,
  15.929999351501465,
  16.0,
  16.0,
  16.0,
  16.0,
  16.0,
  16.0,
  16.0,
  16.0,
  15.9399995803833,
  16.0,
  16.0,
  16.0,
  15.989999771118164,
  16.0,
  15.920000076293945,
  16.0,
  16.0,
  16.0,
  16.0,
  16.0,
  15.989999771118164,
  16.0,
  15.779999732971191,
  16.0,
  15.75999927520752,
  16.0,
  16.0,
  15.859999656677246,
  14.069999694824219,
  15.799999237060547,
  16.0,
  16.0,
  15.859999656677246,
  16.0,
  15.719999313354492,
  13.09999942779541,
  16.0,
  15.630000114440918,
  16.0,
  16.0,
  16.0,
  16.0,
  16.0,
  16.0,
  16.0,
  16.0,
  15.089999198913574,
  16.0,
  16.0,
  16.0,
  16.0,
  15.039999961853027,
  16.0,
  16.0,
  16.0,
  16.0,
  16.0,
  14.119999885559082,
  15.799999237060547,
  15.889999389648438,
  16.0,
  16.0,
  15.949999809265137,
  16.0,
  16.0,
  16.0,
  16.0,
  15.839999198913574,
  16.0,
  15.130000114440918,
  16.0,
  15.880000114440918,
  16.0,
  16.0,
  16.0
 ],
 "exit_hist": [
  0,
  0,
  0,
  0,
  3,
  16,
  18,
  21,
  24,
  21,
  24,
  19,
  14,
  12,
  9,
  8,
  9811
 ]
}