{
 "acc_full_T": 0.8666667342185974,
 "theta_rows": [
  {
   "theta": 0.7,
   "accuracy": 0.8666667342185974,
   "avg_slices": 12.450000762939453,
   "slice_utilization": 0.7781250476837158,
   "exit_rate": 0.42916667461395264,
   "risk_exited": 0.0,
   "energy_pj": 1252.0597247265625,
   "energy_fixed_order_pj": 1571.38944,
   "energy_ratio": 0.7967851207696564,
   "ssp_overhead_frac": 0.0234192037470726,
   "risk_bound_thm1": 0.26250000000000007,
   "bound_satisfied": true
  }
 ],
 "revisit": {
  "revisit_rate": 0.0,
  "distinct_curve": [
   1.0,
   2.0,
   3.0,
   4.0,
   5.0,
   6.0,
   7.0,
   8.0,
   9.0,
   10.0,
   11.0,
   12.0,
   13.0,
   14.0,
   15.0,
   16.0
  ],
  "final_distinct": 16.0
 },
 "drift": {
  "delta_hat": 0.019532984122633934,
  "delta_min_step": -0.021590035408735275,
  "per_step_drift": [
   0.11573434621095657,
   0.09951450675725937,
   0.035791900008916855,
   0.028887586668133736,
   0.019184540957212448,
   0.003734771627932787,
   -0.01165182888507843,
   0.018622208386659622,
   0.0019604661501944065,
   0.013064313679933548,
   -0.008794918656349182,
   -0.021590035408735275,
   -0.008223100565373898,
   0.0013035216834396124,
   0.005456490442156792
  ],
  "m1_mean": 0.1570093184709549,
  "frac_negative_drift_samples": 0.09166666865348816
 },
 "ece": 0.21621487136195894,
 "aurc": 0.037274498492479324,
 "ssp_param_count": 8576,
 "total_param_count": 35216,
 "ssp_param_frac": 0.24352567014993184,
 "variant": "no_count",
 "seed": 0,
 "experiment": "A3_geometry",
 "dataset": "synthetic",
 "per_class_acc": [
  0.4,
  0.8,
  1.0,
  1.0,
  0.8666666666666667,
  0.8666666666666667,
  1.0,
  1.0
 ],
 "per_class_exit": [
  16.0,
  15.766667366027832,
  10.40000057220459,
  9.866666793823242,
  15.600000381469727,
  16.0,
  10.40000057220459,
  5.566667079925537
 ],
 "exit_hist": [
  0,
  0,
  0,
  4,
  11,
  10,
  9,
  16,
  11,
  16,
  11,
  5,
  5,
  3,
  2,
  0,
  137
 ]
}