{
 "acc_full_T": 0.8250000476837158,
 "theta_rows": [
  {
   "theta": 0.7,
   "accuracy": 0.8458333611488342,
   "avg_slices": 11.737500190734863,
   "slice_utilization": 0.733593761920929,
   "exit_rate": 0.5083333849906921,
   "risk_exited": 0.0,
   "energy_pj": 1208.0498116308593,
   "energy_fixed_order_pj": 1571.38944,
   "energy_ratio": 0.7687781150106617,
   "ssp_overhead_frac": 0.045766590389016024,
   "risk_bound_thm1": 0.26250000000000007,
   "bound_satisfied": true
  }
 ],
 "revisit": {
  "revisit_rate": 0.0,
  "distinct_curve": [
   1.0,
   2.0,
   3.0,
   4.0,
   5.0,
   6.0,
   7.0,
   8.0,
   9.0,
   10.0,
   11.0,
   12.0,
   13.0,
   14.0,
   15.0,
   16.0
  ],
  "final_distinct": 16.0
 },
 "drift": {
  "delta_hat": 0.01922236569225788,
  "delta_min_step": -0.032002680003643036,
  "per_step_drift": [
   0.11358577758073807,
   0.10035035014152527,
   0.04260741174221039,
   0.02817094512283802,
   0.02308782935142517,
   0.02984253503382206,
   -0.002599970903247595,
   0.0042162067256867886,
   0.013627099804580212,
   0.0012717563658952713,
   0.001966779585927725,
   -0.021646488457918167,
   -0.032002680003643036,
   -0.017914684489369392,
   0.0037726648151874542
  ],
  "m1_mean": 0.15424999594688416,
  "frac_negative_drift_samples": 0.09166666865348816
 },
 "ece": 0.1824957305726816,
 "aurc": 0.05814946070313454,
 "ssp_param_count": 17152,
 "total_param_count": 43792,
 "ssp_param_frac": 0.391669711362806,
 "variant": "d128",
 "seed": 0,
 "experiment": "A4_dssp",
 "dataset": "synthetic",
 "per_class_acc": [
  0.1,
  0.8666666666666667,
  0.9666666666666667,
  1.0,
  0.8333333333333334,
  0.8666666666666667,
  0.9666666666666667,
  1.0
 ],
 "per_class_exit": [
  15.166666984558105,
  15.100000381469727,
  8.833333969116211,
  8.533333778381348,
  15.766667366027832,
  16.0,
  9.633334159851074,
  4.866666793823242
 ],
 "exit_hist": [
  0,
  0,
  0,
  8,
  12,
  15,
  13,
  16,
  14,
  9,
  17,
  6,
  4,
  2,
  1,
  5,
  118
 ]
}