{
 "acc_full_T": 0.49449336528778076,
 "theta_rows": [
  {
   "theta": 0.7,
   "accuracy": 0.5231277346611023,
   "avg_slices": 13.459250450134277,
   "slice_utilization": 0.8412031531333923,
   "exit_rate": 0.27533039450645447,
   "risk_exited": 0.232,
   "energy_pj": 10105.713459257813,
   "energy_fixed_order_pj": 11938.037760000001,
   "energy_ratio": 0.8465137791001436,
   "ssp_overhead_frac": 0.006273525721455457,
   "risk_bound_thm1": 0.27,
   "bound_satisfied": true
  }
 ],
 "revisit": {
  "revisit_rate": 0.0,
  "distinct_curve": [
   1.0,
   2.0,
   3.0,
   4.0,
   5.0,
   6.0,
   7.0,
   8.0,
   9.0,
   10.0,
   11.0,
   12.0,
   13.0,
   14.0,
   15.0,
   16.0
  ],
  "final_distinct": 16.0
 },
 "drift": {
  "delta_hat": 0.01436652522534132,
  "delta_min_step": -0.01558768842369318,
  "per_step_drift": [
   0.0919041857123375,
   0.07830434292554855,
   0.041717082262039185,
   0.02837611548602581,
   0.029093509539961815,
   0.012718814425170422,
   0.00710567831993103,
   0.0038982927799224854,
   -0.012656249105930328,
   -0.0035632753279060125,
   -0.008149621076881886,
   -0.01558768842369318,
   -0.012418153695762157,
   -0.012779598124325275,
   -0.012465578503906727
  ],
  "m1_mean": 0.057275667786598206,
  "frac_negative_drift_samples": 0.15859030187129974
 },
 "ece": 0.041195562023475685,
 "aurc": 0.3465437591075897,
 "ssp_param_count": 17152,
 "total_param_count": 52628,
 "ssp_param_frac": 0.3259101618910086,
 "variant": "d128",
 "seed": 0,
 "experiment": "A4_dssp",
 "dataset": "modelnet10",
 "per_class_acc": [
  0.0,
  0.14,
  0.88,
  0.0,
  0.8372093023255814,
  0.82,
  0.16279069767441862,
  0.73,
  0.46,
  0.6
 ],
 "per_class_exit": [
  15.019999504089355,
  12.859999656677246,
  6.190000057220459,
  15.174418449401855,
  16.0,
  12.40999984741211,
  15.709301948547363,
  15.779999732971191,
  11.399999618530273,
  15.739999771118164
 ],
 "exit_hist": [
  0,
  0,
  0,
  32,
  32,
  34,
  33,
  27,
  34,
  15,
  12,
  9,
  11,
  4,
  3,
  4,
  658
 ]
}