{
 "acc_full_T": 0.448199987411499,
 "theta_rows": [
  {
   "theta": 0.7,
   "accuracy": 0.45729997754096985,
   "avg_slices": 14.476200103759766,
   "slice_utilization": 0.9047625064849854,
   "exit_rate": 0.2238999903202057,
   "risk_exited": 0.2585975882090219,
   "energy_pj": 5475.552045390625,
   "energy_fixed_order_pj": 6014.238719999999,
   "energy_ratio": 0.9104314444955429,
   "ssp_overhead_frac": 0.006226650062266501,
   "risk_bound_thm1": 0.27,
   "bound_satisfied": true
  }
 ],
 "revisit": {
  "revisit_rate": 0.0,
  "distinct_curve": [
   1.0,
   2.0,
   3.0,
   4.0,
   5.0,
   6.0,
   7.0,
   8.0,
   9.0,
   10.0,
   11.0,
   12.0,
   13.0,
   14.0,
   15.0,
   16.0
  ],
  "final_distinct": 16.0
 },
 "drift": {
  "delta_hat": 0.018091965466737747,
  "delta_min_step": -0.002722769742831588,
  "per_step_drift": [
   0.04084343463182449,
   0.05043095350265503,
   0.045938532799482346,
   0.034496765583753586,
   0.02686518244445324,
   0.020797671750187874,
   0.018007153645157814,
   0.014098129235208035,
   0.010102939791977406,
   0.008748680353164673,
   0.004340807441622019,
   0.00328692514449358,
   -0.001433429541066289,
   -0.0024214722216129303,
   -0.002722769742831588
  ],
  "m1_mean": 0.04190509393811226,
  "frac_negative_drift_samples": 0.10119999945163727
 },
 "ece": 0.08367719924020628,
 "aurc": 0.3956819176673889,
 "ssp_param_count": 8576,
 "total_param_count": 68244,
 "ssp_param_frac": 0.12566672527987807,
 "variant": "no_spread",
 "seed": 0,
 "experiment": "A3_geometry",
 "dataset": "cifar10",
 "per_class_acc": [
  0.594,
  0.504,
  0.346,
  0.315,
  0.396,
  0.335,
  0.524,
  0.435,
  0.595,
  0.438
 ],
 "per_class_exit": [
  14.172000885009766,
  13.862000465393066,
  15.308000564575195,
  15.695000648498535,
  15.007000923156738,
  15.79900074005127,
  13.6510009765625,
  14.066000938415527,
  12.608000755310059,
  14.594000816345215
 ],
 "exit_hist": [
  0,
  0,
  0,
  5,
  97,
  205,
  215,
  247,
  235,
  232,
  210,
  224,
  163,
  147,
  145,
  114,
  7761
 ]
}