{
 "acc_full_T": 0.92083340883255,
 "theta_rows": [
  {
   "theta": 0.7,
   "accuracy": 0.9291667342185974,
   "avg_slices": 13.741667747497559,
   "slice_utilization": 0.8588542342185974,
   "exit_rate": 0.3083333373069763,
   "risk_exited": 0.0,
   "energy_pj": 1381.9588500292966,
   "energy_fixed_order_pj": 1571.38944,
   "energy_ratio": 0.8794502590200025,
   "ssp_overhead_frac": 0.023419203747072605,
   "risk_bound_thm1": 0.26250000000000007,
   "bound_satisfied": true
  }
 ],
 "revisit": {
  "revisit_rate": 0.0,
  "distinct_curve": [
   1.0,
   2.0,
   3.0,
   4.0,
   5.0,
   6.0,
   7.0,
   8.0,
   9.0,
   10.0,
   11.0,
   12.0,
   13.0,
   14.0,
   15.0,
   16.0
  ],
  "final_distinct": 16.0
 },
 "drift": {
  "delta_hat": 0.0179769117385149,
  "delta_min_step": -0.019451553001999855,
  "per_step_drift": [
   0.1058882623910904,
   0.0834018737077713,
   0.04621702432632446,
   0.02286776341497898,
   0.011181372217833996,
   0.02502693608403206,
   -0.00020592263899743557,
   0.008333354257047176,
   -0.01075719390064478,
   0.006215353030711412,
   -0.019451553001999855,
   -0.007560890167951584,
   8.280078873212915e-06,
   0.007222912739962339,
   -0.008733903989195824
  ],
  "m1_mean": 0.14209140837192535,
  "frac_negative_drift_samples": 0.10000000894069672
 },
 "ece": 0.2949660726348665,
 "aurc": 0.01725626550614834,
 "ssp_param_count": 8576,
 "total_param_count": 35216,
 "ssp_param_frac": 0.24352567014993184,
 "variant": "no_cz",
 "seed": 0,
 "experiment": "A3_geometry",
 "dataset": "synthetic",
 "per_class_acc": [
  0.9333333333333333,
  0.7333333333333333,
  1.0,
  1.0,
  0.9333333333333333,
  0.8333333333333334,
  1.0,
  0.9333333333333333
 ],
 "per_class_exit": [
  16.0,
  16.0,
  11.366666793823242,
  15.866667747497559,
  16.0,
  16.0,
  11.700000762939453,
  7.000000476837158
 ],
 "exit_hist": [
  0,
  0,
  0,
  2,
  5,
  7,
  7,
  9,
  4,
  4,
  9,
  15,
  7,
  2,
  2,
  1,
  166
 ]
}