{
 "acc_full_T": 0.05300353467464447,
 "theta_rows": [
  {
   "theta": 0.7,
   "accuracy": 0.05300353467464447,
   "avg_slices": 16.0,
   "slice_utilization": 1.0,
   "exit_rate": 0.0,
   "risk_exited": 0.0,
   "energy_pj": 3127.7056,
   "energy_fixed_order_pj": 3052.3392,
   "energy_ratio": 1.0246913580246912,
   "ssp_overhead_frac": 0.024096385542168676,
   "risk_bound_thm1": 0.28500000000000003,
   "bound_satisfied": true
  }
 ],
 "revisit": {
  "revisit_rate": 0.0,
  "distinct_curve": [
   1.0,
   2.0,
   3.0,
   4.0,
   5.0,
   6.0,
   7.0,
   8.0,
   9.0,
   10.0,
   11.0,
   12.0,
   13.0,
   14.0,
   15.0,
   16.0
  ],
  "final_distinct": 16.0
 },
 "drift": {
  "delta_hat": 0.0023179296404123306,
  "delta_min_step": -0.0028781441505998373,
  "per_step_drift": [
   0.013843951746821404,
   0.014369629323482513,
   0.011921861208975315,
   0.006091570481657982,
   0.002433470217511058,
   0.00029391577118076384,
   -0.0009728602017275989,
   -0.0017397738993167877,
   -0.0026634158566594124,
   -0.002799156354740262,
   -0.0020492554176598787,
   -0.002575454767793417,
   -0.0028781441505998373,
   0.0006138956523500383,
   0.0008787093102000654
  ],
  "m1_mean": 0.010332881473004818,
  "frac_negative_drift_samples": 0.11881625652313232
 },
 "ece": 0.07603476195539724,
 "aurc": 0.9633564949035645,
 "ssp_param_count": 17152,
 "total_param_count": 45352,
 "ssp_param_frac": 0.3781972129123302,
 "variant": "d128",
 "seed": 0,
 "experiment": "A4_dssp",
 "dataset": "shd",
 "per_class_acc": [
  0.0,
  0.0,
  0.0,
  0.0,
  0.0,
  0.0,
  0.03669724770642202,
  0.0,
  0.0,
  0.21359223300970873,
  0.0,
  0.5867768595041323,
  0.0,
  0.0,
  0.0,
  0.0,
  0.1864406779661017,
  0.0,
  0.008130081300813009,
  0.0
 ],
 "per_class_exit": [
  16.0,
  16.0,
  16.0,
  16.0,
  16.0,
  15.999999046325684,
  15.999999046325684,
  15.999999046325684,
  16.0,
  16.0,
  15.999999046325684,
  15.999999046325684,
  15.999999046325684,
  16.0,
  15.999999046325684,
  16.0,
  16.0,
  15.999999046325684,
  15.999999046325684,
  16.0
 ],
 "exit_hist": [
  0,
  0,
  0,
  0,
  0,
  0,
  0,
  0,
  0,
  0,
  0,
  0,
  0,
  0,
  0,
  0,
  2264
 ]
}