{
 "acc_full_T": 0.4680616557598114,
 "theta_rows": [
  {
   "theta": 0.7,
   "accuracy": 0.4889867603778839,
   "avg_slices": 13.68061637878418,
   "slice_utilization": 0.8550385236740112,
   "exit_rate": 0.2533039450645447,
   "risk_exited": 0.25217391304347825,
   "energy_pj": 10239.702769570313,
   "energy_fixed_order_pj": 11938.037760000001,
   "energy_ratio": 0.8577375089128811,
   "ssp_overhead_frac": 0.003146633102580239,
   "risk_bound_thm1": 0.27,
   "bound_satisfied": true
  }
 ],
 "revisit": {
  "revisit_rate": 0.0,
  "distinct_curve": [
   1.0,
   2.0,
   3.0,
   4.0,
   5.0,
   6.0,
   7.0,
   8.0,
   9.0,
   10.0,
   11.0,
   12.0,
   13.0,
   14.0,
   15.0,
   16.0
  ],
  "final_distinct": 16.0
 },
 "drift": {
  "delta_hat": 0.01382986456155777,
  "delta_min_step": -0.029646091163158417,
  "per_step_drift": [
   0.0874166265130043,
   0.07297568023204803,
   0.05816918984055519,
   0.03150346875190735,
   0.01790197379887104,
   0.007499175611883402,
   0.015689805150032043,
   0.008951324038207531,
   -0.004837111569941044,
   -0.01114888396114111,
   -0.0002307352115167305,
   -0.009466730989515781,
   -0.016609225422143936,
   -0.029646091163158417,
   -0.020720509812235832
  ],
  "m1_mean": 0.05356884375214577,
  "frac_negative_drift_samples": 0.15418501198291779
 },
 "ece": 0.026601254751078995,
 "aurc": 0.36636102199554443,
 "ssp_param_count": 8576,
 "total_param_count": 44052,
 "ssp_param_frac": 0.19467901570870788,
 "variant": "no_spread",
 "seed": 0,
 "experiment": "A3_geometry",
 "dataset": "modelnet10",
 "per_class_acc": [
  0.0,
  0.13,
  0.79,
  0.0,
  0.6976744186046512,
  0.73,
  0.2558139534883721,
  0.63,
  0.47,
  0.68
 ],
 "per_class_exit": [
  15.380000114440918,
  14.90999984741211,
  6.440000057220459,
  15.034883499145508,
  16.0,
  13.00999927520752,
  15.569766998291016,
  15.859999656677246,
  10.479999542236328,
  15.75
 ],
 "exit_hist": [
  0,
  0,
  0,
  4,
  50,
  34,
  31,
  29,
  22,
  29,
  9,
  7,
  4,
  6,
  2,
  3,
  678
 ]
}