{
 "acc_full_T": 0.45229998230934143,
 "theta_rows": [
  {
   "theta": 0.7,
   "accuracy": 0.4617999792098999,
   "avg_slices": 14.472599983215332,
   "slice_utilization": 0.9045374989509583,
   "exit_rate": 0.22129999101161957,
   "risk_exited": 0.2697695436059648,
   "energy_pj": 5474.190317363281,
   "energy_fixed_order_pj": 6014.238719999999,
   "energy_ratio": 0.9102050271398741,
   "ssp_overhead_frac": 0.006226650062266501,
   "risk_bound_thm1": 0.27,
   "bound_satisfied": true
  }
 ],
 "revisit": {
  "revisit_rate": 0.0,
  "distinct_curve": [
   1.0,
   2.0,
   3.0,
   4.0,
   5.0,
   6.0,
   7.0,
   8.0,
   9.0,
   10.0,
   11.0,
   12.0,
   13.0,
   14.0,
   15.0,
   16.0
  ],
  "final_distinct": 16.0
 },
 "drift": {
  "delta_hat": 0.016970498487353325,
  "delta_min_step": -0.007272578310221434,
  "per_step_drift": [
   0.039737097918987274,
   0.04771651700139046,
   0.04463239759206772,
   0.03750182315707207,
   0.028773345053195953,
   0.023898134008049965,
   0.016408702358603477,
   0.011274764314293861,
   0.009084601886570454,
   0.006772617809474468,
   0.0031281160190701485,
   0.00012902154412586242,
   -0.0029910877346992493,
   -0.004235986154526472,
   -0.007272578310221434
  ],
  "m1_mean": 0.043759845197200775,
  "frac_negative_drift_samples": 0.1046999990940094
 },
 "ece": 0.06778876728238008,
 "aurc": 0.3964066207408905,
 "ssp_param_count": 8576,
 "total_param_count": 68244,
 "ssp_param_frac": 0.12566672527987807,
 "variant": "no_cz",
 "seed": 0,
 "experiment": "A3_geometry",
 "dataset": "cifar10",
 "per_class_acc": [
  0.609,
  0.511,
  0.389,
  0.323,
  0.413,
  0.321,
  0.546,
  0.399,
  0.584,
  0.428
 ],
 "per_class_exit": [
  14.006000518798828,
  14.120000839233398,
  15.090001106262207,
  15.65000057220459,
  14.967000961303711,
  15.736001014709473,
  13.688000679016113,
  13.925000190734863,
  12.782000541687012,
  14.762001037597656
 ],
 "exit_hist": [
  0,
  0,
  0,
  5,
  92,
  199,
  240,
  254,
  237,
  239,
  200,
  188,
  174,
  152,
  136,
  97,
  7787
 ]
}