{
 "acc_full_T": 0.21113073825836182,
 "theta_rows": [
  {
   "theta": 0.5,
   "accuracy": 0.21113073825836182,
   "avg_slices": 16.0,
   "slice_utilization": 1.0,
   "exit_rate": 0.0,
   "risk_exited": 0.0,
   "energy_pj": 3090.0224,
   "energy_fixed_order_pj": 3052.3392,
   "energy_ratio": 1.0123456790123457,
   "ssp_overhead_frac": 0.012195121951219513,
   "risk_bound_thm1": 0.475,
   "bound_satisfied": true
  },
  {
   "theta": 0.7,
   "accuracy": 0.21113073825836182,
   "avg_slices": 16.0,
   "slice_utilization": 1.0,
   "exit_rate": 0.0,
   "risk_exited": 0.0,
   "energy_pj": 3090.0224,
   "energy_fixed_order_pj": 3052.3392,
   "energy_ratio": 1.0123456790123457,
   "ssp_overhead_frac": 0.012195121951219513,
   "risk_bound_thm1": 0.28500000000000003,
   "bound_satisfied": true
  },
  {
   "theta": 0.9,
   "accuracy": 0.21113073825836182,
   "avg_slices": 16.0,
   "slice_utilization": 1.0,
   "exit_rate": 0.0,
   "risk_exited": 0.0,
   "energy_pj": 3090.0224,
   "energy_fixed_order_pj": 3052.3392,
   "energy_ratio": 1.0123456790123457,
   "ssp_overhead_frac": 0.012195121951219513,
   "risk_bound_thm1": 0.09499999999999997,
   "bound_satisfied": true
  }
 ],
 "revisit": {
  "revisit_rate": 0.8606172800064087,
  "distinct_curve": [
   1.0,
   1.9598056077957153,
   2.1404592990875244,
   2.179328680038452,
   2.20141339302063,
   2.2137808799743652,
   2.218197822570801,
   2.2221732139587402,
   2.2257068157196045,
   2.227473497390747,
   2.2283568382263184,
   2.2287986278533936,
   2.229681968688965,
   2.23012375831604,
   2.23012375831604,
   2.23012375831604
  ],
  "final_distinct": 2.23012375831604
 },
 "drift": {
  "delta_hat": 0.006156006827950478,
  "delta_min_step": -0.002511467318981886,
  "per_step_drift": [
   0.0038715917617082596,
   0.03465892747044563,
   0.023214252665638924,
   0.016415471211075783,
   0.006369159556925297,
   0.005173563491553068,
   0.0018727659480646253,
   0.0008616360719315708,
   -0.00014930350880604237,
   0.0027981174644082785,
   -0.002511467318981886,
   0.0007780349114909768,
   0.0011464928975328803,
   -0.001446800772100687,
   -0.0007123430259525776
  ],
  "m1_mean": 0.04377829656004906,
  "frac_negative_drift_samples": 0.15812720358371735
 },
 "ece": 0.0813361487710409,
 "aurc": 0.755348801612854,
 "ssp_param_count": 8576,
 "total_param_count": 36776,
 "ssp_param_frac": 0.2331955623232543,
 "variant": "mask_off",
 "seed": 0,
 "experiment": "A2_masking",
 "dataset": "shd",
 "per_class_acc": [
  0.0,
  0.0,
  0.5238095238095238,
  0.00980392156862745,
  0.0,
  0.01818181818181818,
  0.05504587155963303,
  0.03669724770642202,
  0.02631578947368421,
  0.941747572815534,
  0.00819672131147541,
  0.34710743801652894,
  0.6363636363636364,
  0.0,
  0.0,
  0.26785714285714285,
  0.7457627118644068,
  0.5537190082644629,
  0.008130081300813009,
  0.03571428571428571
 ],
 "per_class_exit": [
  16.0,
  16.0,
  16.0,
  16.0,
  16.0,
  15.999999046325684,
  15.999999046325684,
  15.999999046325684,
  16.0,
  16.0,
  15.999999046325684,
  15.999999046325684,
  15.999999046325684,
  16.0,
  15.999999046325684,
  16.0,
  16.0,
  15.999999046325684,
  15.999999046325684,
  16.0
 ],
 "exit_hist": [
  0,
  0,
  0,
  0,
  0,
  0,
  0,
  0,
  0,
  0,
  0,
  0,
  0,
  0,
  0,
  0,
  2264
 ]
}