{
 "acc_full_T": 0.38411667943000793,
 "theta_rows": [
  {
   "theta": 0.7,
   "accuracy": 0.3877633512020111,
   "avg_slices": 14.30834674835205,
   "slice_utilization": 0.8942716717720032,
   "exit_rate": 0.1888168603181839,
   "risk_exited": 0.2167381974248927,
   "energy_pj": 10709.548003574218,
   "energy_fixed_order_pj": 11938.037760000001,
   "energy_ratio": 0.8970944990187582,
   "ssp_overhead_frac": 0.0031466331025802393,
   "risk_bound_thm1": 0.29250000000000004,
   "bound_satisfied": true
  }
 ],
 "revisit": {
  "revisit_rate": 0.0,
  "distinct_curve": [
   1.0,
   2.0,
   3.0,
   4.0,
   5.0,
   6.0,
   7.0,
   8.0,
   9.0,
   10.0,
   11.0,
   12.0,
   13.0,
   14.0,
   15.0,
   16.0
  ],
  "final_distinct": 16.0
 },
 "drift": {
  "delta_hat": 0.013212259858846664,
  "delta_min_step": -0.0209625493735075,
  "per_step_drift": [
   0.05795474722981453,
   0.05537588894367218,
   0.04708090052008629,
   0.039774246513843536,
   0.023371824994683266,
   0.01700967364013195,
   0.009600209072232246,
   0.012213032692670822,
   0.004068718291819096,
   -0.0012034322135150433,
   -0.004858927335590124,
   -0.01468756701797247,
   -0.013222509995102882,
   -0.013330360874533653,
   -0.0209625493735075
  ],
  "m1_mean": 0.037822894752025604,
  "frac_negative_drift_samples": 0.13614262640476227
 },
 "ece": 0.027727205385646242,
 "aurc": 0.4098760783672333,
 "ssp_param_count": 1920,
 "total_param_count": 41296,
 "ssp_param_frac": 0.04649360712901976,
 "variant": "d64_rank8",
 "seed": 0,
 "experiment": "A4_dssp",
 "dataset": "modelnet40",
 "per_class_acc": [
  0.96,
  0.0,
  0.38,
  0.1,
  0.84,
  0.55,
  0.0,
  0.02,
  0.81,
  0.1,
  0.0,
  0.4,
  0.011627906976744186,
  0.35,
  0.6046511627906976,
  0.0,
  0.07,
  0.88,
  0.75,
  0.0,
  0.3,
  0.12,
  0.81,
  0.13953488372093023,
  0.3,
  0.0,
  0.22,
  0.0,
  0.0,
  0.0,
  0.71,
  0.1,
  0.0,
  0.32,
  0.1,
  0.58,
  0.38,
  0.67,
  0.05,
  0.0
 ],
 "per_class_exit": [
  4.190000057220459,
  15.839999198913574,
  15.059999465942383,
  15.699999809265137,
  8.819999694824219,
  15.299999237060547,
  16.0,
  15.960000038146973,
  11.739999771118164,
  16.0,
  16.0,
  15.699999809265137,
  15.872093200683594,
  16.0,
  16.0,
  15.850000381469727,
  16.0,
  7.329999923706055,
  14.600000381469727,
  13.350000381469727,
  15.5,
  14.829999923706055,
  15.309999465942383,
  15.95348834991455,
  15.350000381469727,
  15.609999656677246,
  15.269999504089355,
  15.699999809265137,
  16.0,
  16.0,
  15.460000038146973,
  15.050000190734863,
  14.050000190734863,
  14.769999504089355,
  16.0,
  16.0,
  15.139999389648438,
  15.859999656677246,
  15.100000381469727,
  15.199999809265137
 ],
 "exit_hist": [
  0,
  0,
  6,
  75,
  58,
  38,
  54,
  47,
  36,
  31,
  41,
  26,
  21,
  16,
  9,
  8,
  2002
 ]
}