{
 "acc_full_T": 0.8625000715255737,
 "theta_rows": [
  {
   "theta": 0.7,
   "accuracy": 0.8708333969116211,
   "avg_slices": 13.216667175292969,
   "slice_utilization": 0.8260416984558105,
   "exit_rate": 0.3375000059604645,
   "risk_exited": 0.0,
   "energy_pj": 1300.9514420654298,
   "energy_fixed_order_pj": 1571.38944,
   "energy_ratio": 0.8278988065908282,
   "ssp_overhead_frac": 0.0022431583669807087,
   "risk_bound_thm1": 0.26250000000000007,
   "bound_satisfied": true
  }
 ],
 "revisit": {
  "revisit_rate": 0.0,
  "distinct_curve": [
   1.0,
   2.0,
   3.0,
   4.0,
   5.0,
   6.0,
   7.0,
   8.0,
   9.0,
   10.0,
   11.0,
   12.0,
   13.0,
   14.0,
   15.0,
   16.0
  ],
  "final_distinct": 16.0
 },
 "drift": {
  "delta_hat": 0.018987590447068214,
  "delta_min_step": -0.026580587029457092,
  "per_step_drift": [
   0.11279582232236862,
   0.08084980398416519,
   0.03434325382113457,
   0.028789736330509186,
   0.02190755307674408,
   0.01175658404827118,
   -0.010591943748295307,
   0.011346641927957535,
   -0.001445552334189415,
   0.012734507210552692,
   -0.0017910965252667665,
   -0.0012494743568822742,
   0.006105163134634495,
   0.005843462888151407,
   -0.026580587029457092
  ],
  "m1_mean": 0.1502629965543747,
  "frac_negative_drift_samples": 0.08750000596046448
 },
 "ece": 0.22722348071943133,
 "aurc": 0.03742889687418938,
 "ssp_param_count": 804,
 "total_param_count": 27444,
 "ssp_param_frac": 0.02929602098819414,
 "variant": "d6",
 "seed": 0,
 "experiment": "A4_dssp",
 "dataset": "synthetic",
 "per_class_acc": [
  0.26666666666666666,
  0.9333333333333333,
  1.0,
  1.0,
  0.8666666666666667,
  0.9,
  0.9333333333333333,
  1.0
 ],
 "per_class_exit": [
  16.0,
  16.0,
  12.633334159851074,
  14.600000381469727,
  15.966667175292969,
  16.0,
  9.600000381469727,
  4.933333396911621
 ],
 "exit_hist": [
  0,
  0,
  1,
  6,
  11,
  7,
  7,
  10,
  6,
  7,
  6,
  8,
  5,
  2,
  3,
  2,
  159
 ]
}