{
 "acc_full_T": 0.8375000357627869,
 "theta_rows": [
  {
   "theta": 0.7,
   "accuracy": 0.8333333730697632,
   "avg_slices": 13.000000953674316,
   "slice_utilization": 0.8125000596046448,
   "exit_rate": 0.40416669845581055,
   "risk_exited": 0.010309278350515464,
   "energy_pj": 1307.371615908203,
   "energy_fixed_order_pj": 1571.38944,
   "energy_ratio": 0.8319844735040367,
   "ssp_overhead_frac": 0.0234192037470726,
   "risk_bound_thm1": 0.26250000000000007,
   "bound_satisfied": true
  }
 ],
 "revisit": {
  "revisit_rate": 0.0,
  "distinct_curve": [
   1.0,
   2.0,
   3.0,
   4.0,
   5.0,
   6.0,
   7.0,
   8.0,
   9.0,
   10.0,
   11.0,
   12.0,
   13.0,
   14.0,
   15.0,
   16.0
  ],
  "final_distinct": 16.0
 },
 "drift": {
  "delta_hat": 0.01837950386106968,
  "delta_min_step": -0.02606986276805401,
  "per_step_drift": [
   0.11125539988279343,
   0.10970009863376617,
   0.036986202001571655,
   0.030209634453058243,
   0.01160774752497673,
   0.005019260570406914,
   0.009181402623653412,
   0.003177544567734003,
   0.004233022220432758,
   0.0009515470010228455,
   0.0024628019891679287,
   -0.0037976254243403673,
   -0.005225579719990492,
   -0.02606986276805401,
   -0.013999021612107754
  ],
  "m1_mean": 0.14620935916900635,
  "frac_negative_drift_samples": 0.1041666716337204
 },
 "ece": 0.2102892073713597,
 "aurc": 0.040726255625486374,
 "ssp_param_count": 8576,
 "total_param_count": 35216,
 "ssp_param_frac": 0.24352567014993184,
 "variant": "no_spread",
 "seed": 0,
 "experiment": "A3_geometry",
 "dataset": "synthetic",
 "per_class_acc": [
  0.3333333333333333,
  0.7666666666666667,
  1.0,
  1.0,
  0.8,
  0.8,
  1.0,
  1.0
 ],
 "per_class_exit": [
  16.0,
  15.7333345413208,
  12.000000953674316,
  10.566667556762695,
  15.633334159851074,
  16.0,
  11.700000762939453,
  6.366666793823242
 ],
 "exit_hist": [
  0,
  0,
  0,
  2,
  9,
  13,
  2,
  13,
  13,
  10,
  5,
  7,
  8,
  9,
  2,
  4,
  143
 ]
}