{
 "acc_full_T": 0.04637809097766876,
 "theta_rows": [
  {
   "theta": 0.7,
   "accuracy": 0.04637809097766876,
   "avg_slices": 16.0,
   "slice_utilization": 1.0,
   "exit_rate": 0.0,
   "risk_exited": 0.0,
   "energy_pj": 3090.0224,
   "energy_fixed_order_pj": 3052.3392,
   "energy_ratio": 1.0123456790123457,
   "ssp_overhead_frac": 0.012195121951219513,
   "risk_bound_thm1": 0.28500000000000003,
   "bound_satisfied": true
  }
 ],
 "revisit": {
  "revisit_rate": 0.0,
  "distinct_curve": [
   1.0,
   2.0,
   3.0,
   4.0,
   5.0,
   6.0,
   7.0,
   8.0,
   9.0,
   10.0,
   11.0,
   12.0,
   13.0,
   14.0,
   15.0,
   16.0
  ],
  "final_distinct": 16.0
 },
 "drift": {
  "delta_hat": 0.00201846263371408,
  "delta_min_step": -0.011685935780405998,
  "per_step_drift": [
   0.016896789893507957,
   0.018510915338993073,
   0.016818540170788765,
   0.011909483931958675,
   0.0044762371107935905,
   0.001277462812140584,
   -0.0005659414455294609,
   -0.0016795021947473288,
   -0.0025897067971527576,
   -0.004379358142614365,
   -0.0033869477920234203,
   -0.006324585061520338,
   -0.005640535615384579,
   -0.0033599771559238434,
   -0.011685935780405998
  ],
  "m1_mean": 0.01543902512639761,
  "frac_negative_drift_samples": 0.2566254436969757
 },
 "ece": 0.07606029725018064,
 "aurc": 0.9502884745597839,
 "ssp_param_count": 8576,
 "total_param_count": 36776,
 "ssp_param_frac": 0.2331955623232543,
 "variant": "d64",
 "seed": 0,
 "experiment": "A4_dssp",
 "dataset": "shd",
 "per_class_acc": [
  0.0,
  0.0,
  0.0,
  0.0,
  0.0,
  0.0,
  0.045871559633027525,
  0.0,
  0.0,
  0.5631067961165048,
  0.0,
  0.1487603305785124,
  0.01652892561983471,
  0.0,
  0.0,
  0.0,
  0.17796610169491525,
  0.0,
  0.0,
  0.008928571428571428
 ],
 "per_class_exit": [
  16.0,
  16.0,
  16.0,
  16.0,
  16.0,
  15.999999046325684,
  15.999999046325684,
  15.999999046325684,
  16.0,
  16.0,
  15.999999046325684,
  15.999999046325684,
  15.999999046325684,
  16.0,
  15.999999046325684,
  16.0,
  16.0,
  15.999999046325684,
  15.999999046325684,
  16.0
 ],
 "exit_hist": [
  0,
  0,
  0,
  0,
  0,
  0,
  0,
  0,
  0,
  0,
  0,
  0,
  0,
  0,
  0,
  0,
  2264
 ]
}