{
 "acc_full_T": 0.5121145248413086,
 "theta_rows": [
  {
   "theta": 0.7,
   "accuracy": 0.5363435745239258,
   "avg_slices": 13.279735565185547,
   "slice_utilization": 0.8299834728240967,
   "exit_rate": 0.28744491934776306,
   "risk_exited": 0.24904214559386972,
   "energy_pj": 9924.012255351563,
   "energy_fixed_order_pj": 11938.037760000001,
   "energy_ratio": 0.8312934214870135,
   "ssp_overhead_frac": 0.001575795776867318,
   "risk_bound_thm1": 0.27,
   "bound_satisfied": true
  }
 ],
 "revisit": {
  "revisit_rate": 0.0,
  "distinct_curve": [
   1.0,
   2.0,
   3.0,
   4.0,
   5.0,
   6.0,
   7.0,
   8.0,
   9.0,
   10.0,
   11.0,
   12.0,
   13.0,
   14.0,
   15.0,
   16.0
  ],
  "final_distinct": 16.0
 },
 "drift": {
  "delta_hat": 0.01430522184818983,
  "delta_min_step": -0.02032390423119068,
  "per_step_drift": [
   0.09152097254991531,
   0.08049469441175461,
   0.048975102603435516,
   0.03243621811270714,
   0.02552732080221176,
   0.013684378936886787,
   0.0040878430008888245,
   0.008789627812802792,
   -0.006885513663291931,
   -0.011711875908076763,
   -0.01032628770917654,
   -0.01728753000497818,
   -0.010817386209964752,
   -0.013585356995463371,
   -0.02032390423119068
  ],
  "m1_mean": 0.05483187735080719,
  "frac_negative_drift_samples": 0.16960351169109344
 },
 "ece": 0.056242979546687666,
 "aurc": 0.32989364862442017,
 "ssp_param_count": 4288,
 "total_param_count": 39764,
 "ssp_param_frac": 0.10783623377929785,
 "variant": "d32",
 "seed": 0,
 "experiment": "A4_dssp",
 "dataset": "modelnet10",
 "per_class_acc": [
  0.0,
  0.18,
  0.85,
  0.011627906976744186,
  0.813953488372093,
  0.82,
  0.32558139534883723,
  0.78,
  0.42,
  0.61
 ],
 "per_class_exit": [
  15.519999504089355,
  12.300000190734863,
  6.269999980926514,
  15.069766998291016,
  15.872093200683594,
  12.399999618530273,
  15.616278648376465,
  15.380000114440918,
  10.639999389648438,
  15.789999961853027
 ],
 "exit_hist": [
  0,
  0,
  0,
  30,
  40,
  45,
  37,
  26,
  23,
  21,
  17,
  6,
  3,
  6,
  1,
  6,
  647
 ]
}