{
 "acc_full_T": 0.4129999876022339,
 "theta_rows": [
  {
   "theta": 0.5,
   "accuracy": 0.43039998412132263,
   "avg_slices": 13.707599639892578,
   "slice_utilization": 0.8567249774932861,
   "exit_rate": 0.32999998331069946,
   "risk_exited": 0.3618181818181818,
   "energy_pj": 5184.832670703125,
   "energy_fixed_order_pj": 6014.238719999999,
   "energy_ratio": 0.8620929284800862,
   "ssp_overhead_frac": 0.0062266500622665,
   "risk_bound_thm1": 0.45,
   "bound_satisfied": true
  },
  {
   "theta": 0.7,
   "accuracy": 0.41839998960494995,
   "avg_slices": 15.396499633789062,
   "slice_utilization": 0.9622812271118164,
   "exit_rate": 0.10649999976158142,
   "risk_exited": 0.23098591549295774,
   "energy_pj": 5823.6508515625,
   "energy_fixed_order_pj": 6014.238719999999,
   "energy_ratio": 0.9683105581087578,
   "ssp_overhead_frac": 0.0062266500622665,
   "risk_bound_thm1": 0.27,
   "bound_satisfied": true
  },
  {
   "theta": 0.9,
   "accuracy": 0.4131999909877777,
   "avg_slices": 15.984099388122559,
   "slice_utilization": 0.9990062117576599,
   "exit_rate": 0.004100000020116568,
   "risk_exited": 0.14634146341463414,
   "energy_pj": 6045.907591152343,
   "energy_fixed_order_pj": 6014.238719999999,
   "energy_ratio": 1.0052656491746879,
   "ssp_overhead_frac": 0.006226650062266501,
   "risk_bound_thm1": 0.08999999999999998,
   "bound_satisfied": false
  }
 ],
 "revisit": {
  "revisit_rate": 0.0,
  "distinct_curve": [
   1.0,
   2.0,
   3.0,
   4.0,
   5.0,
   6.0,
   7.0,
   8.0,
   9.0,
   10.0,
   11.0,
   12.0,
   13.0,
   14.0,
   15.0,
   16.0
  ],
  "final_distinct": 16.0
 },
 "drift": {
  "delta_hat": 0.014325507916510105,
  "delta_min_step": -0.0020650066435337067,
  "per_step_drift": [
   0.04395386204123497,
   0.04105568304657936,
   0.03301044926047325,
   0.020201122388243675,
   0.013992469757795334,
   0.01298025157302618,
   0.014107003808021545,
   0.007463398389518261,
   0.006910861935466528,
   0.0067397612147033215,
   0.004305584821850061,
   -0.0020650066435337067,
   0.00221441057510674,
   0.005473639350384474,
   0.004539127461612225
  ],
  "m1_mean": 0.037293724715709686,
  "frac_negative_drift_samples": 0.11649999767541885
 },
 "ece": 0.0646731248514829,
 "aurc": 0.44910749793052673,
 "ssp_param_count": 8576,
 "total_param_count": 68244,
 "ssp_param_frac": 0.12566672527987807,
 "variant": "fixed",
 "seed": 0,
 "experiment": "A5_policy",
 "dataset": "cifar10",
 "per_class_acc": [
  0.473,
  0.606,
  0.247,
  0.289,
  0.417,
  0.341,
  0.504,
  0.405,
  0.537,
  0.311
 ],
 "per_class_exit": [
  12.971000671386719,
  13.077000617980957,
  14.319000244140625,
  15.171000480651855,
  13.707000732421875,
  15.315000534057617,
  12.508000373840332,
  13.803000450134277,
  12.418000221252441,
  13.78700065612793
 ],
 "exit_hist": [
  0,
  0,
  0,
  77,
  257,
  308,
  280,
  320,
  292,
  302,
  282,
  277,
  252,
  169,
  245,
  239,
  6700
 ]
}