{
 "acc_full_T": 0.8416666984558105,
 "theta_rows": [
  {
   "theta": 0.7,
   "accuracy": 0.8666667342185974,
   "avg_slices": 11.683334350585938,
   "slice_utilization": 0.7302083969116211,
   "exit_rate": 0.5,
   "risk_exited": 0.0,
   "energy_pj": 1148.301657314453,
   "energy_fixed_order_pj": 1571.38944,
   "energy_ratio": 0.7307556154344864,
   "ssp_overhead_frac": 0.0007488392990864162,
   "risk_bound_thm1": 0.26250000000000007,
   "bound_satisfied": true
  }
 ],
 "revisit": {
  "revisit_rate": 0.0,
  "distinct_curve": [
   1.0,
   2.0,
   3.0,
   4.0,
   5.0,
   6.0,
   7.0,
   8.0,
   9.0,
   10.0,
   11.0,
   12.0,
   13.0,
   14.0,
   15.0,
   16.0
  ],
  "final_distinct": 16.0
 },
 "drift": {
  "delta_hat": 0.018687589094042778,
  "delta_min_step": -0.031725186854600906,
  "per_step_drift": [
   0.11333630234003067,
   0.10449638962745667,
   0.04455694183707237,
   0.03158015012741089,
   0.03020484559237957,
   0.008487257175147533,
   0.01503969356417656,
   -0.010339046828448772,
   -0.0009672518353909254,
   0.02508665807545185,
   -0.011137205176055431,
   -0.008153842762112617,
   -0.02112094685435295,
   -0.031725186854600906,
   -0.009030897170305252
  ],
  "m1_mean": 0.16720350086688995,
  "frac_negative_drift_samples": 0.0833333358168602
 },
 "ece": 0.18548876048449758,
 "aurc": 0.03666187450289726,
 "ssp_param_count": 268,
 "total_param_count": 26908,
 "ssp_param_frac": 0.009959863237698825,
 "variant": "d2",
 "seed": 0,
 "experiment": "A4_dssp",
 "dataset": "synthetic",
 "per_class_acc": [
  0.36666666666666664,
  0.5333333333333333,
  1.0,
  1.0,
  0.9,
  0.9333333333333333,
  1.0,
  1.0
 ],
 "per_class_exit": [
  15.133334159851074,
  15.40000057220459,
  10.200000762939453,
  8.833333969116211,
  15.500000953674316,
  16.0,
  8.066667556762695,
  4.333333492279053
 ],
 "exit_hist": [
  0,
  0,
  0,
  8,
  17,
  20,
  17,
  13,
  11,
  4,
  3,
  5,
  8,
  6,
  4,
  4,
  120
 ]
}