{
 "acc_full_T": 0.36550000309944153,
 "theta_rows": [
  {
   "theta": 0.5,
   "accuracy": 0.3675999939441681,
   "avg_slices": 12.713699340820312,
   "slice_utilization": 0.7946062088012695,
   "exit_rate": 0.38509997725486755,
   "risk_exited": 0.5076603479615684,
   "energy_pj": 4808.8947328125,
   "energy_fixed_order_pj": 6014.238719999999,
   "energy_ratio": 0.7995849444453877,
   "ssp_overhead_frac": 0.0062266500622665,
   "risk_bound_thm1": 0.45,
   "bound_satisfied": false
  },
  {
   "theta": 0.7,
   "accuracy": 0.3658999800682068,
   "avg_slices": 14.502699851989746,
   "slice_utilization": 0.9064187407493591,
   "exit_rate": 0.2021999955177307,
   "risk_exited": 0.44906033630069236,
   "energy_pj": 5485.575445839843,
   "energy_fixed_order_pj": 6014.238719999999,
   "energy_ratio": 0.9120980561675882,
   "ssp_overhead_frac": 0.006226650062266501,
   "risk_bound_thm1": 0.27,
   "bound_satisfied": false
  },
  {
   "theta": 0.9,
   "accuracy": 0.36550000309944153,
   "avg_slices": 15.738699913024902,
   "slice_utilization": 0.9836687445640564,
   "exit_rate": 0.04809999838471413,
   "risk_exited": 0.3264033264033264,
   "energy_pj": 5953.086437246093,
   "energy_fixed_order_pj": 6014.238719999999,
   "energy_ratio": 0.989832082562578,
   "ssp_overhead_frac": 0.006226650062266501,
   "risk_bound_thm1": 0.08999999999999998,
   "bound_satisfied": false
  }
 ],
 "revisit": {
  "revisit_rate": 0.7925812602043152,
  "distinct_curve": [
   1.0,
   2.0,
   2.5423998832702637,
   2.8292999267578125,
   2.9979000091552734,
   3.1047000885009766,
   3.1693999767303467,
   3.2156999111175537,
   3.2453999519348145,
   3.265500068664551,
   3.2820000648498535,
   3.2923998832702637,
   3.3013999462127686,
   3.308300018310547,
   3.313999891281128,
   3.318700075149536
  ],
  "final_distinct": 3.318700075149536
 },
 "drift": {
  "delta_hat": 0.02150670252740383,
  "delta_min_step": 0.0031522836070507765,
  "per_step_drift": [
   0.032276738435029984,
   0.047139137983322144,
   0.04720865935087204,
   0.041356492787599564,
   0.03330607712268829,
   0.026706993579864502,
   0.022251617163419724,
   0.01844211108982563,
   0.013060381636023521,
   0.010937979444861412,
   0.010090501047670841,
   0.0053314645774662495,
   0.006670616567134857,
   0.004669479094445705,
   0.0031522836070507765
  ],
  "m1_mean": 0.057623594999313354,
  "frac_negative_drift_samples": 0.10939999669790268
 },
 "ece": 0.2178312053192204,
 "aurc": 0.5242299437522888,
 "ssp_param_count": 8576,
 "total_param_count": 68244,
 "ssp_param_frac": 0.12566672527987807,
 "variant": "mask_off",
 "seed": 0,
 "experiment": "A2_masking",
 "dataset": "cifar10",
 "per_class_acc": [
  0.276,
  0.577,
  0.209,
  0.179,
  0.169,
  0.392,
  0.497,
  0.462,
  0.467,
  0.427
 ],
 "per_class_exit": [
  12.180000305175781,
  11.706000328063965,
  13.345000267028809,
  14.331000328063965,
  13.065000534057617,
  14.446001052856445,
  12.246000289916992,
  12.337000846862793,
  10.795000076293945,
  12.68600082397461
 ],
 "exit_hist": [
  0,
  0,
  13,
  248,
  490,
  510,
  496,
  451,
  350,
  300,
  257,
  217,
  170,
  140,
  112,
  97,
  6149
 ]
}