{
 "acc_full_T": 0.1002650186419487,
 "theta_rows": [
  {
   "theta": 0.5,
   "accuracy": 0.1002650186419487,
   "avg_slices": 16.0,
   "slice_utilization": 1.0,
   "exit_rate": 0.0,
   "risk_exited": 0.0,
   "energy_pj": 3090.0224,
   "energy_fixed_order_pj": 3052.3392,
   "energy_ratio": 1.0123456790123457,
   "ssp_overhead_frac": 0.012195121951219513,
   "risk_bound_thm1": 0.475,
   "bound_satisfied": true
  },
  {
   "theta": 0.7,
   "accuracy": 0.1002650186419487,
   "avg_slices": 16.0,
   "slice_utilization": 1.0,
   "exit_rate": 0.0,
   "risk_exited": 0.0,
   "energy_pj": 3090.0224,
   "energy_fixed_order_pj": 3052.3392,
   "energy_ratio": 1.0123456790123457,
   "ssp_overhead_frac": 0.012195121951219513,
   "risk_bound_thm1": 0.28500000000000003,
   "bound_satisfied": true
  },
  {
   "theta": 0.9,
   "accuracy": 0.1002650186419487,
   "avg_slices": 16.0,
   "slice_utilization": 1.0,
   "exit_rate": 0.0,
   "risk_exited": 0.0,
   "energy_pj": 3090.0224,
   "energy_fixed_order_pj": 3052.3392,
   "energy_ratio": 1.0123456790123457,
   "ssp_overhead_frac": 0.012195121951219513,
   "risk_bound_thm1": 0.09499999999999997,
   "bound_satisfied": true
  }
 ],
 "revisit": {
  "revisit_rate": 0.0,
  "distinct_curve": [
   1.0,
   2.0,
   3.0,
   4.0,
   5.0,
   6.0,
   7.0,
   8.0,
   9.0,
   10.0,
   11.0,
   12.0,
   13.0,
   14.0,
   15.0,
   16.0
  ],
  "final_distinct": 16.0
 },
 "drift": {
  "delta_hat": 0.0038244950119405985,
  "delta_min_step": -0.0011733092833310366,
  "per_step_drift": [
   0.019635450094938278,
   0.012885008007287979,
   0.00926427636295557,
   0.006755847483873367,
   0.0030961367301642895,
   0.0025499784387648106,
   0.0017033747863024473,
   0.00014519196702167392,
   0.0006783315329812467,
   -0.0011733092833310366,
   0.00046174085582606494,
   0.0005732076824642718,
   -5.891324326512404e-05,
   0.0013352205278351903,
   -0.00048411640455015004
  ],
  "m1_mean": 0.016403697431087494,
  "frac_negative_drift_samples": 0.0795053020119667
 },
 "ece": 0.06553116035398399,
 "aurc": 0.8654271960258484,
 "ssp_param_count": 8576,
 "total_param_count": 36776,
 "ssp_param_frac": 0.2331955623232543,
 "variant": "random",
 "seed": 0,
 "experiment": "A5_policy",
 "dataset": "shd",
 "per_class_acc": [
  0.0,
  0.0,
  0.0,
  0.0,
  0.0,
  0.0,
  0.0,
  0.0,
  0.0,
  0.0,
  0.0,
  0.09090909090909091,
  0.0,
  0.0,
  0.0,
  0.0,
  0.8728813559322034,
  0.9090909090909091,
  0.024390243902439025,
  0.0
 ],
 "per_class_exit": [
  16.0,
  16.0,
  16.0,
  16.0,
  16.0,
  15.999999046325684,
  15.999999046325684,
  15.999999046325684,
  16.0,
  16.0,
  15.999999046325684,
  15.999999046325684,
  15.999999046325684,
  16.0,
  15.999999046325684,
  16.0,
  16.0,
  15.999999046325684,
  15.999999046325684,
  16.0
 ],
 "exit_hist": [
  0,
  0,
  0,
  0,
  0,
  0,
  0,
  0,
  0,
  0,
  0,
  0,
  0,
  0,
  0,
  0,
  2264
 ]
}