{
 "acc_full_T": 0.39059966802597046,
 "theta_rows": [
  {
   "theta": 0.7,
   "accuracy": 0.3926256000995636,
   "avg_slices": 14.044975280761719,
   "slice_utilization": 0.8778109550476074,
   "exit_rate": 0.2098865509033203,
   "risk_exited": 0.22972972972972974,
   "energy_pj": 10482.44145804199,
   "energy_fixed_order_pj": 11938.037760000001,
   "energy_ratio": 0.8780707239145129,
   "ssp_overhead_frac": 0.00029584048281166794,
   "risk_bound_thm1": 0.29250000000000004,
   "bound_satisfied": true
  }
 ],
 "revisit": {
  "revisit_rate": 0.0,
  "distinct_curve": [
   1.0,
   2.0,
   3.0,
   4.0,
   5.0,
   6.0,
   7.0,
   8.0,
   9.0,
   10.0,
   11.0,
   12.0,
   13.0,
   14.0,
   15.0,
   16.0
  ],
  "final_distinct": 16.0
 },
 "drift": {
  "delta_hat": 0.013987097889184952,
  "delta_min_step": -0.020837459713220596,
  "per_step_drift": [
   0.061739686876535416,
   0.059703707695007324,
   0.0494922511279583,
   0.036770161241292953,
   0.030895918607711792,
   0.01781681925058365,
   0.011455424129962921,
   0.007904035970568657,
   0.005302940029650927,
   -0.006349904462695122,
   -0.006586305797100067,
   -0.01119240466505289,
   -0.013503416441380978,
   -0.01280499529093504,
   -0.020837459713220596
  ],
  "m1_mean": 0.03793510049581528,
  "frac_negative_drift_samples": 0.1272285282611847
 },
 "ece": 0.028151728738090548,
 "aurc": 0.3991301357746124,
 "ssp_param_count": 804,
 "total_param_count": 40180,
 "ssp_param_frac": 0.020009955201592832,
 "variant": "d6",
 "seed": 0,
 "experiment": "A4_dssp",
 "dataset": "modelnet40",
 "per_class_acc": [
  0.97,
  0.0,
  0.37,
  0.1,
  0.88,
  0.64,
  0.0,
  0.04,
  0.81,
  0.1,
  0.0,
  0.3,
  0.0,
  0.4,
  0.6627906976744186,
  0.0,
  0.03,
  0.91,
  0.75,
  0.05,
  0.25,
  0.18,
  0.84,
  0.13953488372093023,
  0.35,
  0.01,
  0.1,
  0.0,
  0.0,
  0.0,
  0.69,
  0.0,
  0.0,
  0.47,
  0.1,
  0.5,
  0.38,
  0.63,
  0.1,
  0.0
 ],
 "per_class_exit": [
  3.9099998474121094,
  16.0,
  14.25999927520752,
  15.5,
  7.319999694824219,
  15.269999504089355,
  16.0,
  16.0,
  10.389999389648438,
  16.0,
  16.0,
  15.600000381469727,
  15.639534950256348,
  15.949999809265137,
  16.0,
  15.699999809265137,
  15.969999313354492,
  7.009999752044678,
  13.0,
  13.25,
  14.65000057220459,
  14.809999465942383,
  15.309999465942383,
  15.779069900512695,
  15.350000381469727,
  15.769999504089355,
  15.299999237060547,
  15.25,
  15.779999732971191,
  16.0,
  15.579999923706055,
  15.25,
  12.699999809265137,
  13.969999313354492,
  16.0,
  16.0,
  15.059999465942383,
  15.809999465942383,
  14.699999809265137,
  14.75
 ],
 "exit_hist": [
  0,
  0,
  6,
  90,
  62,
  59,
  66,
  49,
  51,
  33,
  30,
  25,
  15,
  17,
  7,
  8,
  1950
 ]
}