{
 "acc_full_T": 0.13459999859333038,
 "theta_rows": [
  {
   "theta": 0.7,
   "accuracy": 0.1363999992609024,
   "avg_slices": 15.870399475097656,
   "slice_utilization": 0.9918999671936035,
   "exit_rate": 0.01889999955892563,
   "risk_exited": 0.24338624338624337,
   "energy_pj": 5969.027373266602,
   "energy_fixed_order_pj": 6014.238719999999,
   "energy_ratio": 0.9924826152006488,
   "ssp_overhead_frac": 0.0005870611717740989,
   "risk_bound_thm1": 0.29700000000000004,
   "bound_satisfied": true
  }
 ],
 "revisit": {
  "revisit_rate": 0.0,
  "distinct_curve": [
   1.0,
   2.0,
   3.0,
   4.0,
   5.0,
   6.0,
   7.0,
   8.0,
   9.0,
   10.0,
   11.0,
   12.0,
   13.0,
   14.0,
   15.0,
   16.0
  ],
  "final_distinct": 16.0
 },
 "drift": {
  "delta_hat": 0.005890904925763607,
  "delta_min_step": -0.002834042301401496,
  "per_step_drift": [
   0.012397955171763897,
   0.018826520070433617,
   0.019322827458381653,
   0.014769612811505795,
   0.010423361323773861,
   0.0075625889003276825,
   0.004692631307989359,
   0.0036803740076720715,
   0.002094545401632786,
   0.0010136804776266217,
   -0.00019291084026917815,
   -0.000963390339165926,
   -0.0012341400142759085,
   -0.002834042301401496,
   -0.0011960406554862857
  ],
  "m1_mean": 0.008170613087713718,
  "frac_negative_drift_samples": 0.10989999771118164
 },
 "ece": 0.06106466182187981,
 "aurc": 0.7623650431632996,
 "ssp_param_count": 804,
 "total_param_count": 72172,
 "ssp_param_frac": 0.011140054314692678,
 "variant": "d6",
 "seed": 0,
 "experiment": "A4_dssp",
 "dataset": "cifar100",
 "per_class_acc": [
  0.3,
  0.27,
  0.24,
  0.0,
  0.0,
  0.07,
  0.01,
  0.01,
  0.12,
  0.04,
  0.01,
  0.01,
  0.03,
  0.12,
  0.02,
  0.04,
  0.0,
  0.21,
  0.27,
  0.01,
  0.38,
  0.35,
  0.0,
  0.47,
  0.54,
  0.01,
  0.0,
  0.27,
  0.01,
  0.01,
  0.13,
  0.02,
  0.0,
  0.33,
  0.0,
  0.0,
  0.12,
  0.0,
  0.12,
  0.02,
  0.0,
  0.14,
  0.07,
  0.27,
  0.0,
  0.02,
  0.03,
  0.18,
  0.09,
  0.24,
  0.01,
  0.02,
  0.51,
  0.52,
  0.28,
  0.0,
  0.1,
  0.17,
  0.05,
  0.02,
  0.53,
  0.15,
  0.29,
  0.16,
  0.02,
  0.0,
  0.0,
  0.26,
  0.38,
  0.11,
  0.22,
  0.53,
  0.02,
  0.39,
  0.0,
  0.04,
  0.36,
  0.0,
  0.06,
  0.16,
  0.03,
  0.03,
  0.43,
  0.11,
  0.01,
  0.09,
  0.25,
  0.05,
  0.22,
  0.11,
  0.05,
  0.01,
  0.09,
  0.01,
  0.36,
  0.23,
  0.19,
  0.09,
  0.05,
  0.09
 ],
 "per_class_exit": [
  16.0,
  15.949999809265137,
  16.0,
  16.0,
  16.0,
  16.0,
  15.899999618530273,
  16.0,
  16.0,
  16.0,
  16.0,
  16.0,
  15.960000038146973,
  16.0,
  16.0,
  15.969999313354492,
  16.0,
  15.969999313354492,
  15.929999351501465,
  15.989999771118164,
  15.929999351501465,
  15.859999656677246,
  15.9399995803833,
  15.869999885559082,
  15.969999313354492,
  16.0,
  16.0,
  16.0,
  16.0,
  16.0,
  16.0,
  15.949999809265137,
  16.0,
  15.920000076293945,
  16.0,
  16.0,
  16.0,
  15.960000038146973,
  16.0,
  15.9399995803833,
  16.0,
  16.0,
  16.0,
  16.0,
  15.969999313354492,
  16.0,
  16.0,
  15.569999694824219,
  16.0,
  15.880000114440918,
  16.0,
  16.0,
  15.710000038146973,
  14.059999465942383,
  15.75999927520752,
  16.0,
  16.0,
  15.809999465942383,
  16.0,
  15.899999618530273,
  12.50999927520752,
  16.0,
  15.829999923706055,
  16.0,
  16.0,
  16.0,
  16.0,
  16.0,
  15.799999237060547,
  16.0,
  15.90999984741211,
  15.469999313354492,
  16.0,
  16.0,
  16.0,
  16.0,
  14.839999198913574,
  16.0,
  16.0,
  16.0,
  16.0,
  16.0,
  14.359999656677246,
  15.75999927520752,
  15.929999351501465,
  16.0,
  16.0,
  16.0,
  16.0,
  16.0,
  16.0,
  16.0,
  15.829999923706055,
  16.0,
  15.289999961853027,
  16.0,
  15.889999389648438,
  16.0,
  16.0,
  15.949999809265137
 ],
 "exit_hist": [
  0,
  0,
  0,
  0,
  8,
  17,
  22,
  25,
  13,
  19,
  20,
  11,
  17,
  20,
  11,
  6,
  9811
 ]
}