{
 "acc_full_T": 0.13619999587535858,
 "theta_rows": [
  {
   "theta": 0.7,
   "accuracy": 0.13759998977184296,
   "avg_slices": 15.864799499511719,
   "slice_utilization": 0.9915499687194824,
   "exit_rate": 0.020399998873472214,
   "risk_exited": 0.27941176470588236,
   "energy_pj": 6000.78299046875,
   "energy_fixed_order_pj": 6014.238719999999,
   "energy_ratio": 0.9977626878217348,
   "ssp_overhead_frac": 0.006226650062266501,
   "risk_bound_thm1": 0.29700000000000004,
   "bound_satisfied": true
  }
 ],
 "revisit": {
  "revisit_rate": 0.0,
  "distinct_curve": [
   1.0,
   2.0,
   3.0,
   4.0,
   5.0,
   6.0,
   7.0,
   8.0,
   9.0,
   10.0,
   11.0,
   12.0,
   13.0,
   14.0,
   15.0,
   16.0
  ],
  "final_distinct": 16.0
 },
 "drift": {
  "delta_hat": 0.005892427638173103,
  "delta_min_step": -0.002532712882384658,
  "per_step_drift": [
   0.012946218252182007,
   0.01852862536907196,
   0.017684752121567726,
   0.014891550876200199,
   0.011126776225864887,
   0.00820252951234579,
   0.005013701971620321,
   0.003736906684935093,
   0.003276479197666049,
   -0.0005756961763836443,
   0.0009600883349776268,
   -0.0010180670069530606,
   -0.0013550870353356004,
   -0.0024996534921228886,
   -0.002532712882384658
  ],
  "m1_mean": 0.007879437878727913,
  "frac_negative_drift_samples": 0.10539999604225159
 },
 "ece": 0.05846600807172311,
 "aurc": 0.7656935453414917,
 "ssp_param_count": 8576,
 "total_param_count": 79944,
 "ssp_param_frac": 0.10727509256479535,
 "variant": "no_count",
 "seed": 0,
 "experiment": "A3_geometry",
 "dataset": "cifar100",
 "per_class_acc": [
  0.27,
  0.27,
  0.23,
  0.0,
  0.02,
  0.1,
  0.01,
  0.01,
  0.09,
  0.04,
  0.0,
  0.01,
  0.06,
  0.12,
  0.05,
  0.05,
  0.0,
  0.16,
  0.33,
  0.01,
  0.35,
  0.37,
  0.0,
  0.44,
  0.51,
  0.02,
  0.0,
  0.3,
  0.01,
  0.01,
  0.1,
  0.02,
  0.0,
  0.34,
  0.0,
  0.0,
  0.14,
  0.01,
  0.15,
  0.02,
  0.0,
  0.15,
  0.14,
  0.29,
  0.0,
  0.07,
  0.07,
  0.18,
  0.06,
  0.25,
  0.02,
  0.01,
  0.51,
  0.52,
  0.27,
  0.0,
  0.06,
  0.12,
  0.08,
  0.01,
  0.56,
  0.13,
  0.33,
  0.22,
  0.03,
  0.0,
  0.0,
  0.26,
  0.4,
  0.11,
  0.23,
  0.45,
  0.0,
  0.37,
  0.0,
  0.09,
  0.3,
  0.0,
  0.0,
  0.15,
  0.03,
  0.05,
  0.42,
  0.15,
  0.02,
  0.07,
  0.26,
  0.07,
  0.22,
  0.12,
  0.03,
  0.01,
  0.1,
  0.01,
  0.36,
  0.18,
  0.2,
  0.1,
  0.07,
  0.09
 ],
 "per_class_exit": [
  16.0,
  15.899999618530273,
  16.0,
  15.929999351501465,
  16.0,
  16.0,
  15.519999504089355,
  16.0,
  16.0,
  16.0,
  16.0,
  16.0,
  15.989999771118164,
  16.0,
  16.0,
  15.9399995803833,
  15.920000076293945,
  16.0,
  16.0,
  15.989999771118164,
  15.699999809265137,
  15.9399995803833,
  15.90999984741211,
  15.899999618530273,
  15.989999771118164,
  16.0,
  15.969999313354492,
  16.0,
  16.0,
  16.0,
  16.0,
  16.0,
  16.0,
  15.920000076293945,
  16.0,
  16.0,
  16.0,
  16.0,
  16.0,
  15.920000076293945,
  16.0,
  16.0,
  16.0,
  15.969999313354492,
  16.0,
  16.0,
  16.0,
  15.739999771118164,
  16.0,
  15.739999771118164,
  16.0,
  16.0,
  16.0,
  14.069999694824219,
  15.75999927520752,
  16.0,
  16.0,
  15.969999313354492,
  16.0,
  15.779999732971191,
  12.59999942779541,
  16.0,
  15.719999313354492,
  16.0,
  16.0,
  16.0,
  16.0,
  15.979999542236328,
  15.859999656677246,
  16.0,
  16.0,
  15.4399995803833,
  16.0,
  15.969999313354492,
  16.0,
  16.0,
  15.489999771118164,
  16.0,
  16.0,
  15.929999351501465,
  16.0,
  16.0,
  13.75999927520752,
  15.649999618530273,
  15.869999885559082,
  16.0,
  15.90999984741211,
  16.0,
  16.0,
  15.90999984741211,
  16.0,
  16.0,
  15.84999942779541,
  16.0,
  15.1899995803833,
  16.0,
  15.880000114440918,
  16.0,
  16.0,
  16.0
 ],
 "exit_hist": [
  0,
  0,
  0,
  0,
  6,
  14,
  18,
  27,
  21,
  23,
  24,
  18,
  16,
  13,
  13,
  11,
  9796
 ]
}