{
 "acc_full_T": 0.1597999930381775,
 "theta_rows": [
  {
   "theta": 0.5,
   "accuracy": 0.15950000286102295,
   "avg_slices": 15.691299438476562,
   "slice_utilization": 0.9807062149047852,
   "exit_rate": 0.04479999840259552,
   "risk_exited": 0.4375,
   "energy_pj": 5935.1574390625,
   "energy_fixed_order_pj": 6014.238719999999,
   "energy_ratio": 0.9868509906873967,
   "ssp_overhead_frac": 0.0062266500622665,
   "risk_bound_thm1": 0.495,
   "bound_satisfied": true
  },
  {
   "theta": 0.7,
   "accuracy": 0.1597999930381775,
   "avg_slices": 15.93529987335205,
   "slice_utilization": 0.9959562420845032,
   "exit_rate": 0.009800000116229057,
   "risk_exited": 0.24489795918367346,
   "energy_pj": 6027.44941283203,
   "energy_fixed_order_pj": 6014.238719999999,
   "energy_ratio": 1.0021965694158597,
   "ssp_overhead_frac": 0.006226650062266501,
   "risk_bound_thm1": 0.29700000000000004,
   "bound_satisfied": true
  },
  {
   "theta": 0.9,
   "accuracy": 0.1597999930381775,
   "avg_slices": 15.999099731445312,
   "slice_utilization": 0.999943733215332,
   "exit_rate": 0.00029999998514540493,
   "risk_exited": 0.0,
   "energy_pj": 6051.5813978125,
   "energy_fixed_order_pj": 6014.238719999999,
   "energy_ratio": 1.006209044826957,
   "ssp_overhead_frac": 0.006226650062266501,
   "risk_bound_thm1": 0.09899999999999999,
   "bound_satisfied": true
  }
 ],
 "revisit": {
  "revisit_rate": 0.0,
  "distinct_curve": [
   1.0,
   2.0,
   3.0,
   4.0,
   5.0,
   6.0,
   7.0,
   8.0,
   9.0,
   10.0,
   11.0,
   12.0,
   13.0,
   14.0,
   15.0,
   16.0
  ],
  "final_distinct": 16.0
 },
 "drift": {
  "delta_hat": 0.0052922796458005905,
  "delta_min_step": 0.0003089116362389177,
  "per_step_drift": [
   0.015842042863368988,
   0.0149257592856884,
   0.012952188029885292,
   0.011274203658103943,
   0.007039465010166168,
   0.0050968145951628685,
   0.003014387795701623,
   0.0029128980822861195,
   0.001948881079442799,
   0.0005795613978989422,
   0.0003089116362389177,
   0.0009127111989073455,
   0.0009600669727660716,
   0.0006469694781117141,
   0.0009693282772786915
  ],
  "m1_mean": 0.011229380965232849,
  "frac_negative_drift_samples": 0.14919999241828918
 },
 "ece": 0.026499072905437127,
 "aurc": 0.7219931483268738,
 "ssp_param_count": 8576,
 "total_param_count": 79944,
 "ssp_param_frac": 0.10727509256479535,
 "variant": "random",
 "seed": 0,
 "experiment": "A5_policy",
 "dataset": "cifar100",
 "per_class_acc": [
  0.34,
  0.3,
  0.19,
  0.0,
  0.0,
  0.18,
  0.01,
  0.03,
  0.06,
  0.04,
  0.0,
  0.0,
  0.05,
  0.23,
  0.12,
  0.07,
  0.0,
  0.32,
  0.3,
  0.01,
  0.42,
  0.58,
  0.0,
  0.37,
  0.26,
  0.0,
  0.0,
  0.27,
  0.0,
  0.05,
  0.16,
  0.02,
  0.0,
  0.23,
  0.0,
  0.01,
  0.22,
  0.02,
  0.1,
  0.01,
  0.0,
  0.31,
  0.24,
  0.41,
  0.01,
  0.03,
  0.04,
  0.19,
  0.15,
  0.26,
  0.0,
  0.03,
  0.63,
  0.68,
  0.45,
  0.0,
  0.14,
  0.18,
  0.05,
  0.01,
  0.68,
  0.11,
  0.37,
  0.1,
  0.02,
  0.0,
  0.0,
  0.27,
  0.43,
  0.14,
  0.25,
  0.52,
  0.02,
  0.38,
  0.01,
  0.02,
  0.47,
  0.0,
  0.04,
  0.14,
  0.05,
  0.01,
  0.65,
  0.12,
  0.03,
  0.27,
  0.38,
  0.02,
  0.16,
  0.19,
  0.02,
  0.0,
  0.07,
  0.03,
  0.53,
  0.34,
  0.15,
  0.06,
  0.11,
  0.04
 ],
 "per_class_exit": [
  15.40999984741211,
  15.589999198913574,
  15.929999351501465,
  16.0,
  16.0,
  15.839999198913574,
  14.789999961853027,
  15.960000038146973,
  16.0,
  15.949999809265137,
  15.889999389648438,
  15.899999618530273,
  15.949999809265137,
  15.880000114440918,
  16.0,
  15.899999618530273,
  15.899999618530273,
  15.979999542236328,
  16.0,
  15.899999618530273,
  15.819999694824219,
  15.679999351501465,
  15.739999771118164,
  15.779999732971191,
  15.859999656677246,
  15.84999942779541,
  15.839999198913574,
  16.0,
  16.0,
  15.920000076293945,
  15.9399995803833,
  15.90999984741211,
  16.0,
  15.809999465942383,
  15.829999923706055,
  15.84999942779541,
  15.9399995803833,
  15.989999771118164,
  16.0,
  15.649999618530273,
  15.859999656677246,
  16.0,
  16.0,
  15.920000076293945,
  16.0,
  15.859999656677246,
  15.90999984741211,
  15.489999771118164,
  15.979999542236328,
  15.389999389648438,
  16.0,
  15.9399995803833,
  14.779999732971191,
  11.449999809265137,
  15.059999465942383,
  16.0,
  15.9399995803833,
  15.559999465942383,
  16.0,
  15.630000114440918,
  11.90999984741211,
  15.960000038146973,
  14.670000076293945,
  16.0,
  16.0,
  16.0,
  16.0,
  15.829999923706055,
  15.420000076293945,
  15.899999618530273,
  15.989999771118164,
  15.210000038146973,
  15.989999771118164,
  15.839999198913574,
  16.0,
  16.0,
  15.309999465942383,
  16.0,
  16.0,
  16.0,
  15.960000038146973,
  16.0,
  12.309999465942383,
  15.059999465942383,
  15.670000076293945,
  15.90999984741211,
  16.0,
  15.949999809265137,
  16.0,
  15.929999351501465,
  16.0,
  16.0,
  15.369999885559082,
  15.889999389648438,
  14.949999809265137,
  15.979999542236328,
  15.529999732971191,
  16.0,
  15.789999961853027,
  15.84999942779541
 ],
 "exit_hist": [
  0,
  0,
  0,
  13,
  28,
  41,
  39,
  32,
  46,
  51,
  43,
  26,
  45,
  21,
  34,
  29,
  9552
 ]
}