{
 "acc_full_T": 0.4542999863624573,
 "theta_rows": [
  {
   "theta": 0.7,
   "accuracy": 0.4607999920845032,
   "avg_slices": 14.60059928894043,
   "slice_utilization": 0.9125374555587769,
   "exit_rate": 0.20899999141693115,
   "risk_exited": 0.24784688995215312,
   "energy_pj": 5522.605430117187,
   "energy_fixed_order_pj": 6014.238719999999,
   "energy_ratio": 0.918255108789095,
   "ssp_overhead_frac": 0.006226650062266501,
   "risk_bound_thm1": 0.27,
   "bound_satisfied": true
  }
 ],
 "revisit": {
  "revisit_rate": 0.0,
  "distinct_curve": [
   1.0,
   2.0,
   3.0,
   4.0,
   5.0,
   6.0,
   7.0,
   8.0,
   9.0,
   10.0,
   11.0,
   12.0,
   13.0,
   14.0,
   15.0,
   16.0
  ],
  "final_distinct": 16.0
 },
 "drift": {
  "delta_hat": 0.017760111019015312,
  "delta_min_step": -0.002622972009703517,
  "per_step_drift": [
   0.04083686321973801,
   0.047543399035930634,
   0.041910696774721146,
   0.033863604068756104,
   0.024850541725754738,
   0.024853207170963287,
   0.017031274735927582,
   0.012336968444287777,
   0.0109395831823349,
   0.009085957892239094,
   0.004343604203313589,
   0.003150514094159007,
   -0.0012525318888947368,
   -0.002622972009703517,
   -0.0004690574132837355
  ],
  "m1_mean": 0.043576907366514206,
  "frac_negative_drift_samples": 0.10719999670982361
 },
 "ece": 0.07493404431213088,
 "aurc": 0.3968832194805145,
 "ssp_param_count": 8576,
 "total_param_count": 68244,
 "ssp_param_frac": 0.12566672527987807,
 "variant": "no_count",
 "seed": 0,
 "experiment": "A3_geometry",
 "dataset": "cifar10",
 "per_class_acc": [
  0.599,
  0.515,
  0.352,
  0.304,
  0.405,
  0.35,
  0.518,
  0.455,
  0.609,
  0.436
 ],
 "per_class_exit": [
  14.320000648498535,
  14.029000282287598,
  15.38800048828125,
  15.643000602722168,
  15.076001167297363,
  15.86400032043457,
  13.754000663757324,
  14.078001022338867,
  12.885000228881836,
  14.969000816345215
 ],
 "exit_hist": [
  0,
  0,
  0,
  6,
  82,
  158,
  198,
  229,
  241,
  218,
  207,
  184,
  197,
  129,
  121,
  120,
  7910
 ]
}