{
 "acc_full_T": 0.05035335570573807,
 "theta_rows": [
  {
   "theta": 0.5,
   "accuracy": 0.05035335570573807,
   "avg_slices": 16.0,
   "slice_utilization": 1.0,
   "exit_rate": 0.0,
   "risk_exited": 0.0,
   "energy_pj": 3090.0224,
   "energy_fixed_order_pj": 3052.3392,
   "energy_ratio": 1.0123456790123457,
   "ssp_overhead_frac": 0.012195121951219513,
   "risk_bound_thm1": 0.475,
   "bound_satisfied": true
  },
  {
   "theta": 0.7,
   "accuracy": 0.05035335570573807,
   "avg_slices": 16.0,
   "slice_utilization": 1.0,
   "exit_rate": 0.0,
   "risk_exited": 0.0,
   "energy_pj": 3090.0224,
   "energy_fixed_order_pj": 3052.3392,
   "energy_ratio": 1.0123456790123457,
   "ssp_overhead_frac": 0.012195121951219513,
   "risk_bound_thm1": 0.28500000000000003,
   "bound_satisfied": true
  },
  {
   "theta": 0.9,
   "accuracy": 0.05035335570573807,
   "avg_slices": 16.0,
   "slice_utilization": 1.0,
   "exit_rate": 0.0,
   "risk_exited": 0.0,
   "energy_pj": 3090.0224,
   "energy_fixed_order_pj": 3052.3392,
   "energy_ratio": 1.0123456790123457,
   "ssp_overhead_frac": 0.012195121951219513,
   "risk_bound_thm1": 0.09499999999999997,
   "bound_satisfied": true
  }
 ],
 "revisit": {
  "revisit_rate": 0.0,
  "distinct_curve": [
   1.0,
   2.0,
   3.0,
   4.0,
   5.0,
   6.0,
   7.0,
   8.0,
   9.0,
   10.0,
   11.0,
   12.0,
   13.0,
   14.0,
   15.0,
   16.0
  ],
  "final_distinct": 16.0
 },
 "drift": {
  "delta_hat": 0.002788612386211753,
  "delta_min_step": -0.007085353601723909,
  "per_step_drift": [
   0.01651197113096714,
   0.01861218363046646,
   0.015116791240870953,
   0.010881906375288963,
   0.004920511040836573,
   0.0006371567142196,
   -0.0003499104059301317,
   -0.0008204402984119952,
   -0.0016866410151124,
   -0.0027488984633237123,
   -0.0030663898214697838,
   -0.004360781982541084,
   -0.0011960939737036824,
   -0.0035368234384804964,
   -0.007085353601723909
  ],
  "m1_mean": 0.015094959177076817,
  "frac_negative_drift_samples": 0.18992933630943298
 },
 "ece": 0.0817243075411617,
 "aurc": 0.9464561343193054,
 "ssp_param_count": 8576,
 "total_param_count": 36776,
 "ssp_param_frac": 0.2331955623232543,
 "variant": "mask_on",
 "seed": 0,
 "experiment": "A2_masking",
 "dataset": "shd",
 "per_class_acc": [
  0.0,
  0.0,
  0.0,
  0.0,
  0.0,
  0.0,
  0.06422018348623854,
  0.0,
  0.0,
  0.6990291262135923,
  0.0,
  0.09090909090909091,
  0.049586776859504134,
  0.0,
  0.0,
  0.0,
  0.15254237288135594,
  0.0,
  0.0,
  0.0
 ],
 "per_class_exit": [
  16.0,
  16.0,
  16.0,
  16.0,
  16.0,
  15.999999046325684,
  15.999999046325684,
  15.999999046325684,
  16.0,
  16.0,
  15.999999046325684,
  15.999999046325684,
  15.999999046325684,
  16.0,
  15.999999046325684,
  16.0,
  16.0,
  15.999999046325684,
  15.999999046325684,
  16.0
 ],
 "exit_hist": [
  0,
  0,
  0,
  0,
  0,
  0,
  0,
  0,
  0,
  0,
  0,
  0,
  0,
  0,
  0,
  0,
  2264
 ]
}