{
 "acc_full_T": 0.12459999322891235,
 "theta_rows": [
  {
   "theta": 0.5,
   "accuracy": 0.13030000030994415,
   "avg_slices": 15.699899673461914,
   "slice_utilization": 0.9812437295913696,
   "exit_rate": 0.043299999088048935,
   "risk_exited": 0.3833718244803695,
   "energy_pj": 5938.4104359765615,
   "energy_fixed_order_pj": 6014.238719999999,
   "energy_ratio": 0.9873918732604884,
   "ssp_overhead_frac": 0.006226650062266501,
   "risk_bound_thm1": 0.495,
   "bound_satisfied": true
  },
  {
   "theta": 0.7,
   "accuracy": 0.12639999389648438,
   "avg_slices": 15.934399604797363,
   "slice_utilization": 0.9958999752998352,
   "exit_rate": 0.010699999518692493,
   "risk_exited": 0.2336448598130841,
   "energy_pj": 6027.108890644531,
   "energy_fixed_order_pj": 6014.238719999999,
   "energy_ratio": 1.0021399500824157,
   "ssp_overhead_frac": 0.0062266500622665,
   "risk_bound_thm1": 0.29700000000000004,
   "bound_satisfied": true
  },
  {
   "theta": 0.9,
   "accuracy": 0.12459999322891235,
   "avg_slices": 16.0,
   "slice_utilization": 1.0,
   "exit_rate": 0.0,
   "risk_exited": 0.0,
   "energy_pj": 6051.92192,
   "energy_fixed_order_pj": 6014.238719999999,
   "energy_ratio": 1.006265664160401,
   "ssp_overhead_frac": 0.006226650062266501,
   "risk_bound_thm1": 0.09899999999999999,
   "bound_satisfied": true
  }
 ],
 "revisit": {
  "revisit_rate": 0.0,
  "distinct_curve": [
   1.0,
   2.0,
   3.0,
   4.0,
   5.0,
   6.0,
   7.0,
   8.0,
   9.0,
   10.0,
   11.0,
   12.0,
   13.0,
   14.0,
   15.0,
   16.0
  ],
  "final_distinct": 16.0
 },
 "drift": {
  "delta_hat": 0.004731709603220224,
  "delta_min_step": -0.004441599361598492,
  "per_step_drift": [
   0.014633559621870518,
   0.016179373487830162,
   0.014211353845894337,
   0.009509752504527569,
   0.005575163289904594,
   0.006282704882323742,
   0.006257207132875919,
   0.0023896845523267984,
   0.0017660190351307392,
   0.001641909359022975,
   0.0012566709192469716,
   -0.004441599361598492,
   -0.002652466297149658,
   -0.0014319093897938728,
   -0.00020178267732262611
  ],
  "m1_mean": 0.009447651915252209,
  "frac_negative_drift_samples": 0.13899999856948853
 },
 "ece": 0.04364682308384605,
 "aurc": 0.7897803783416748,
 "ssp_param_count": 8576,
 "total_param_count": 79944,
 "ssp_param_frac": 0.10727509256479535,
 "variant": "fixed",
 "seed": 0,
 "experiment": "A5_policy",
 "dataset": "cifar100",
 "per_class_acc": [
  0.23,
  0.26,
  0.14,
  0.0,
  0.0,
  0.23,
  0.0,
  0.0,
  0.06,
  0.0,
  0.0,
  0.0,
  0.03,
  0.26,
  0.12,
  0.03,
  0.0,
  0.08,
  0.32,
  0.0,
  0.46,
  0.45,
  0.0,
  0.28,
  0.37,
  0.0,
  0.0,
  0.25,
  0.0,
  0.01,
  0.08,
  0.0,
  0.0,
  0.24,
  0.01,
  0.0,
  0.11,
  0.01,
  0.11,
  0.02,
  0.0,
  0.19,
  0.04,
  0.34,
  0.0,
  0.02,
  0.01,
  0.16,
  0.08,
  0.14,
  0.0,
  0.03,
  0.55,
  0.5,
  0.37,
  0.0,
  0.09,
  0.09,
  0.02,
  0.0,
  0.51,
  0.15,
  0.37,
  0.04,
  0.01,
  0.0,
  0.0,
  0.28,
  0.27,
  0.05,
  0.15,
  0.37,
  0.0,
  0.45,
  0.0,
  0.03,
  0.35,
  0.0,
  0.0,
  0.13,
  0.02,
  0.0,
  0.5,
  0.08,
  0.0,
  0.14,
  0.29,
  0.04,
  0.15,
  0.09,
  0.01,
  0.0,
  0.1,
  0.0,
  0.31,
  0.26,
  0.18,
  0.17,
  0.12,
  0.05
 ],
 "per_class_exit": [
  15.289999961853027,
  15.50999927520752,
  15.979999542236328,
  16.0,
  15.949999809265137,
  16.0,
  15.00999927520752,
  15.949999809265137,
  15.899999618530273,
  16.0,
  15.929999351501465,
  15.869999885559082,
  16.0,
  15.880000114440918,
  15.899999618530273,
  15.889999389648438,
  15.929999351501465,
  16.0,
  16.0,
  16.0,
  15.869999885559082,
  15.529999732971191,
  15.739999771118164,
  15.819999694824219,
  15.969999313354492,
  15.869999885559082,
  15.809999465942383,
  16.0,
  16.0,
  15.889999389648438,
  16.0,
  15.880000114440918,
  15.829999923706055,
  15.880000114440918,
  16.0,
  15.979999542236328,
  15.960000038146973,
  16.0,
  15.969999313354492,
  15.769999504089355,
  15.880000114440918,
  15.949999809265137,
  16.0,
  15.9399995803833,
  15.989999771118164,
  16.0,
  15.979999542236328,
  15.34999942779541,
  15.779999732971191,
  15.630000114440918,
  16.0,
  16.0,
  14.90999984741211,
  11.75999927520752,
  14.809999465942383,
  16.0,
  15.90999984741211,
  15.829999923706055,
  15.75999927520752,
  15.639999389648438,
  12.779999732971191,
  16.0,
  14.6899995803833,
  16.0,
  16.0,
  16.0,
  16.0,
  15.84999942779541,
  15.589999198913574,
  16.0,
  15.899999618530273,
  15.339999198913574,
  15.949999809265137,
  15.920000076293945,
  16.0,
  16.0,
  15.479999542236328,
  16.0,
  15.989999771118164,
  16.0,
  16.0,
  16.0,
  11.369999885559082,
  15.210000038146973,
  15.75,
  16.0,
  15.859999656677246,
  15.929999351501465,
  16.0,
  15.920000076293945,
  15.989999771118164,
  15.989999771118164,
  15.239999771118164,
  16.0,
  13.84999942779541,
  16.0,
  15.739999771118164,
  16.0,
  15.839999198913574,
  15.929999351501465
 ],
 "exit_hist": [
  0,
  0,
  0,
  5,
  20,
  33,
  47,
  45,
  46,
  37,
  48,
  48,
  41,
  29,
  18,
  16,
  9567
 ]
}