{
 "acc_full_T": 0.06183745712041855,
 "theta_rows": [
  {
   "theta": 0.7,
   "accuracy": 0.06183745712041855,
   "avg_slices": 16.0,
   "slice_utilization": 1.0,
   "exit_rate": 0.0,
   "risk_exited": 0.0,
   "energy_pj": 3090.0224,
   "energy_fixed_order_pj": 3052.3392,
   "energy_ratio": 1.0123456790123457,
   "ssp_overhead_frac": 0.012195121951219513,
   "risk_bound_thm1": 0.28500000000000003,
   "bound_satisfied": true
  }
 ],
 "revisit": {
  "revisit_rate": 0.0,
  "distinct_curve": [
   1.0,
   2.0,
   3.0,
   4.0,
   5.0,
   6.0,
   7.0,
   8.0,
   9.0,
   10.0,
   11.0,
   12.0,
   13.0,
   14.0,
   15.0,
   16.0
  ],
  "final_distinct": 16.0
 },
 "drift": {
  "delta_hat": 0.0015031895600259304,
  "delta_min_step": -0.010592631064355373,
  "per_step_drift": [
   0.018470171838998795,
   0.016159040853381157,
   0.010165587067604065,
   0.004937107674777508,
   0.0029159560799598694,
   0.0019026299705728889,
   0.0017852358287200332,
   0.001248271088115871,
   -0.001025094767101109,
   -0.0011391371954232454,
   -0.0047492170706391335,
   -0.0028369585052132607,
   -0.006243080832064152,
   -0.008450036868453026,
   -0.010592631064355373
  ],
  "m1_mean": 0.019366160035133362,
  "frac_negative_drift_samples": 0.3582155406475067
 },
 "ece": 0.058296437845697595,
 "aurc": 0.928402304649353,
 "ssp_param_count": 8576,
 "total_param_count": 36776,
 "ssp_param_frac": 0.2331955623232543,
 "variant": "no_cz",
 "seed": 0,
 "experiment": "A3_geometry",
 "dataset": "shd",
 "per_class_acc": [
  0.0,
  0.0,
  0.0,
  0.0,
  0.0,
  0.0,
  0.5963302752293578,
  0.0,
  0.0,
  0.5145631067961165,
  0.0,
  0.05785123966942149,
  0.12396694214876033,
  0.0,
  0.0,
  0.0,
  0.0,
  0.0,
  0.0,
  0.0
 ],
 "per_class_exit": [
  16.0,
  16.0,
  16.0,
  16.0,
  16.0,
  15.999999046325684,
  15.999999046325684,
  15.999999046325684,
  16.0,
  16.0,
  15.999999046325684,
  15.999999046325684,
  15.999999046325684,
  16.0,
  15.999999046325684,
  16.0,
  16.0,
  15.999999046325684,
  15.999999046325684,
  16.0
 ],
 "exit_hist": [
  0,
  0,
  0,
  0,
  0,
  0,
  0,
  0,
  0,
  0,
  0,
  0,
  0,
  0,
  0,
  0,
  2264
 ]
}