{
 "acc_full_T": 0.43171805143356323,
 "theta_rows": [
  {
   "theta": 0.5,
   "accuracy": 0.4350219964981079,
   "avg_slices": 12.383259773254395,
   "slice_utilization": 0.7739537358283997,
   "exit_rate": 0.38766518235206604,
   "risk_exited": 0.4090909090909091,
   "energy_pj": 9268.65397623047,
   "energy_fixed_order_pj": 11938.037760000001,
   "energy_ratio": 0.7763967716106862,
   "ssp_overhead_frac": 0.003146633102580239,
   "risk_bound_thm1": 0.45,
   "bound_satisfied": true
  },
  {
   "theta": 0.7,
   "accuracy": 0.438325971364975,
   "avg_slices": 14.401981353759766,
   "slice_utilization": 0.9001238346099854,
   "exit_rate": 0.1740088015794754,
   "risk_exited": 0.34177215189873417,
   "energy_pj": 10779.631872734375,
   "energy_fixed_order_pj": 11938.037760000001,
   "energy_ratio": 0.9029651345929713,
   "ssp_overhead_frac": 0.003146633102580239,
   "risk_bound_thm1": 0.27,
   "bound_satisfied": false
  },
  {
   "theta": 0.9,
   "accuracy": 0.4361233413219452,
   "avg_slices": 15.469161987304688,
   "slice_utilization": 0.966822624206543,
   "exit_rate": 0.07158590108156204,
   "risk_exited": 0.03076923076923077,
   "energy_pj": 11578.3979653125,
   "energy_fixed_order_pj": 11938.037760000001,
   "energy_ratio": 0.969874463298104,
   "ssp_overhead_frac": 0.003146633102580239,
   "risk_bound_thm1": 0.08999999999999998,
   "bound_satisfied": true
  }
 ],
 "revisit": {
  "revisit_rate": 0.0,
  "distinct_curve": [
   1.0,
   2.0,
   3.0,
   4.0,
   5.0,
   6.0,
   7.0,
   8.0,
   9.0,
   10.0,
   11.0,
   12.0,
   13.0,
   14.0,
   15.0,
   16.0
  ],
  "final_distinct": 16.0
 },
 "drift": {
  "delta_hat": 0.013050752691924572,
  "delta_min_step": -0.014483554288744926,
  "per_step_drift": [
   0.0610828660428524,
   0.05620661377906799,
   0.026599787175655365,
   0.01454649493098259,
   0.021461987867951393,
   0.021005500108003616,
   0.00853266753256321,
   -0.00443020137026906,
   -0.011200742796063423,
   -0.0018293450120836496,
   0.011223653331398964,
   -0.002036167774349451,
   -0.014483554288744926,
   0.0017855896148830652,
   0.007296121679246426
  ],
  "m1_mean": 0.07244773954153061,
  "frac_negative_drift_samples": 0.21255505084991455
 },
 "ece": 0.03742822036377619,
 "aurc": 0.3845623731613159,
 "ssp_param_count": 8576,
 "total_param_count": 44052,
 "ssp_param_frac": 0.19467901570870788,
 "variant": "fixed",
 "seed": 0,
 "experiment": "A5_policy",
 "dataset": "modelnet10",
 "per_class_acc": [
  0.0,
  0.18,
  0.82,
  0.0,
  0.5930232558139535,
  0.67,
  0.16279069767441862,
  0.7,
  0.38,
  0.52
 ],
 "per_class_exit": [
  12.779999732971191,
  14.710000038146973,
  3.9099998474121094,
  14.034883499145508,
  15.709301948547363,
  11.960000038146973,
  13.639534950256348,
  13.119999885559082,
  9.739999771118164,
  15.299999237060547
 ],
 "exit_hist": [
  0,
  0,
  39,
  44,
  39,
  24,
  27,
  43,
  41,
  28,
  14,
  10,
  16,
  10,
  8,
  9,
  556
 ]
}