{
 "acc_full_T": 0.38128039240837097,
 "theta_rows": [
  {
   "theta": 0.7,
   "accuracy": 0.38492706418037415,
   "avg_slices": 14.086709976196289,
   "slice_utilization": 0.8804193735122681,
   "exit_rate": 0.21191248297691345,
   "risk_exited": 0.23135755258126195,
   "energy_pj": 10514.626853041993,
   "energy_fixed_order_pj": 11938.037760000001,
   "energy_ratio": 0.8807667612069935,
   "ssp_overhead_frac": 0.0003944150824327522,
   "risk_bound_thm1": 0.29250000000000004,
   "bound_satisfied": true
  }
 ],
 "revisit": {
  "revisit_rate": 0.0,
  "distinct_curve": [
   1.0,
   2.0,
   3.0,
   4.0,
   5.0,
   6.0,
   7.0,
   8.0,
   9.0,
   10.0,
   11.0,
   12.0,
   13.0,
   14.0,
   15.0,
   16.0
  ],
  "final_distinct": 16.0
 },
 "drift": {
  "delta_hat": 0.01328390371054411,
  "delta_min_step": -0.019203340634703636,
  "per_step_drift": [
   0.058949634432792664,
   0.060375962406396866,
   0.0500386580824852,
   0.03757544606924057,
   0.02897924743592739,
   0.02034461870789528,
   0.007340556476265192,
   0.004469255451112986,
   0.0050973910838365555,
   -0.005439385771751404,
   -0.006165770813822746,
   -0.013715622946619987,
   -0.010476157069206238,
   -0.018911929801106453,
   -0.019203340634703636
  ],
  "m1_mean": 0.03764307498931885,
  "frac_negative_drift_samples": 0.13452187180519104
 },
 "ece": 0.023980523422652777,
 "aurc": 0.4027770757675171,
 "ssp_param_count": 1072,
 "total_param_count": 40448,
 "ssp_param_frac": 0.026503164556962024,
 "variant": "d8",
 "seed": 0,
 "experiment": "A4_dssp",
 "dataset": "modelnet40",
 "per_class_acc": [
  0.95,
  0.0,
  0.33,
  0.05,
  0.88,
  0.67,
  0.0,
  0.02,
  0.8,
  0.1,
  0.0,
  0.35,
  0.0,
  0.3,
  0.627906976744186,
  0.0,
  0.06,
  0.88,
  0.8,
  0.05,
  0.2,
  0.17,
  0.83,
  0.11627906976744186,
  0.25,
  0.0,
  0.19,
  0.0,
  0.0,
  0.0,
  0.77,
  0.05,
  0.0,
  0.21,
  0.0,
  0.54,
  0.38,
  0.64,
  0.1,
  0.0
 ],
 "per_class_exit": [
  4.150000095367432,
  15.799999237060547,
  13.579999923706055,
  15.65000057220459,
  7.799999713897705,
  15.210000038146973,
  16.0,
  15.9399995803833,
  11.469999313354492,
  16.0,
  16.0,
  15.65000057220459,
  15.60465145111084,
  15.90000057220459,
  16.0,
  15.75,
  16.0,
  8.130000114440918,
  13.449999809265137,
  13.40000057220459,
  14.949999809265137,
  14.859999656677246,
  14.6899995803833,
  15.813953399658203,
  14.90000057220459,
  15.479999542236328,
  15.34999942779541,
  15.699999809265137,
  15.889999389648438,
  15.850000381469727,
  14.9399995803833,
  14.449999809265137,
  14.25,
  14.289999961853027,
  15.800000190734863,
  16.0,
  14.75999927520752,
  15.679999351501465,
  14.600000381469727,
  15.5
 ],
 "exit_hist": [
  0,
  0,
  13,
  48,
  69,
  61,
  68,
  66,
  50,
  33,
  36,
  33,
  17,
  12,
  10,
  7,
  1945
 ]
}