{
 "acc_full_T": 0.9000000357627869,
 "theta_rows": [
  {
   "theta": 0.7,
   "accuracy": 0.9000000357627869,
   "avg_slices": 13.179167747497559,
   "slice_utilization": 0.8236979842185974,
   "exit_rate": 0.38333335518836975,
   "risk_exited": 0.0,
   "energy_pj": 1325.3898900292968,
   "energy_fixed_order_pj": 1571.38944,
   "energy_ratio": 0.8434509334804343,
   "ssp_overhead_frac": 0.0234192037470726,
   "risk_bound_thm1": 0.26250000000000007,
   "bound_satisfied": true
  }
 ],
 "revisit": {
  "revisit_rate": 0.0,
  "distinct_curve": [
   1.0,
   2.0,
   3.0,
   4.0,
   5.0,
   6.0,
   7.0,
   8.0,
   9.0,
   10.0,
   11.0,
   12.0,
   13.0,
   14.0,
   15.0,
   16.0
  ],
  "final_distinct": 16.0
 },
 "drift": {
  "delta_hat": 0.019016332924365997,
  "delta_min_step": -0.014156217686831951,
  "per_step_drift": [
   0.1095629408955574,
   0.09180498868227005,
   0.048300303518772125,
   0.028397545218467712,
   0.02188807912170887,
   0.013545000925660133,
   -0.009723239578306675,
   0.002484592143446207,
   0.0035412961151450872,
   -0.014136258512735367,
   0.0008876023930497468,
   0.004324339330196381,
   -0.005957720335572958,
   -0.014156217686831951,
   0.004481734242290258
  ],
  "m1_mean": 0.15117162466049194,
  "frac_negative_drift_samples": 0.13333334028720856
 },
 "ece": 0.2693404118258079,
 "aurc": 0.014732474461197853,
 "ssp_param_count": 8576,
 "total_param_count": 35216,
 "ssp_param_frac": 0.24352567014993184,
 "variant": "no_cy",
 "seed": 0,
 "experiment": "A3_geometry",
 "dataset": "synthetic",
 "per_class_acc": [
  0.7,
  0.8,
  1.0,
  1.0,
  0.8666666666666667,
  0.8333333333333334,
  1.0,
  1.0
 ],
 "per_class_exit": [
  16.0,
  15.80000114440918,
  13.733333587646484,
  11.833333969116211,
  15.7333345413208,
  16.0,
  10.466667175292969,
  5.866666793823242
 ],
 "exit_hist": [
  0,
  0,
  0,
  4,
  9,
  5,
  11,
  12,
  5,
  11,
  8,
  2,
  6,
  12,
  2,
  5,
  148
 ]
}