{
 "acc_full_T": 0.13609999418258667,
 "theta_rows": [
  {
   "theta": 0.5,
   "accuracy": 0.14190000295639038,
   "avg_slices": 15.491799354553223,
   "slice_utilization": 0.9682374596595764,
   "exit_rate": 0.07050000131130219,
   "risk_exited": 0.40425531914893614,
   "energy_pj": 5859.697505878907,
   "energy_fixed_order_pj": 6014.238719999999,
   "energy_ratio": 0.9743041104093233,
   "ssp_overhead_frac": 0.0062266500622665,
   "risk_bound_thm1": 0.495,
   "bound_satisfied": true
  },
  {
   "theta": 0.7,
   "accuracy": 0.1370999962091446,
   "avg_slices": 15.873299598693848,
   "slice_utilization": 0.9920812249183655,
   "exit_rate": 0.018699999898672104,
   "risk_exited": 0.2620320855614973,
   "energy_pj": 6003.998111503906,
   "energy_fixed_order_pj": 6014.238719999999,
   "energy_ratio": 0.9982972726935433,
   "ssp_overhead_frac": 0.006226650062266501,
   "risk_bound_thm1": 0.29700000000000004,
   "bound_satisfied": true
  },
  {
   "theta": 0.9,
   "accuracy": 0.13619999587535858,
   "avg_slices": 15.991999626159668,
   "slice_utilization": 0.9994999766349792,
   "exit_rate": 0.0011999999405816197,
   "risk_exited": 0.0,
   "energy_pj": 6048.895817636718,
   "energy_fixed_order_pj": 6014.238719999999,
   "energy_ratio": 1.0057625078169026,
   "ssp_overhead_frac": 0.006226650062266501,
   "risk_bound_thm1": 0.09899999999999999,
   "bound_satisfied": true
  }
 ],
 "revisit": {
  "revisit_rate": 0.0,
  "distinct_curve": [
   1.0,
   2.0,
   3.0,
   4.0,
   5.0,
   6.0,
   7.0,
   8.0,
   9.0,
   10.0,
   11.0,
   12.0,
   13.0,
   14.0,
   15.0,
   16.0
  ],
  "final_distinct": 16.0
 },
 "drift": {
  "delta_hat": 0.00598613265901804,
  "delta_min_step": -0.0020173033699393272,
  "per_step_drift": [
   0.012443783693015575,
   0.018883593380451202,
   0.018255263566970825,
   0.015302671119570732,
   0.011568729765713215,
   0.007788064423948526,
   0.006573615130037069,
   0.0036141390446573496,
   0.0027833671774715185,
   0.0004960889928042889,
   -0.00011908954911632463,
   -0.002003622706979513,
   -0.0020173033699393272,
   -0.0018494321266189218,
   -0.0019278795225545764
  ],
  "m1_mean": 0.00847270805388689,
  "frac_negative_drift_samples": 0.10740000009536743
 },
 "ece": 0.06133341887100281,
 "aurc": 0.7615868449211121,
 "ssp_param_count": 8576,
 "total_param_count": 79944,
 "ssp_param_frac": 0.10727509256479535,
 "variant": "mask_on",
 "seed": 0,
 "experiment": "A2_masking",
 "dataset": "cifar100",
 "per_class_acc": [
  0.26,
  0.3,
  0.23,
  0.0,
  0.0,
  0.1,
  0.01,
  0.02,
  0.14,
  0.08,
  0.0,
  0.0,
  0.04,
  0.11,
  0.06,
  0.06,
  0.0,
  0.19,
  0.29,
  0.02,
  0.34,
  0.37,
  0.0,
  0.48,
  0.53,
  0.01,
  0.0,
  0.21,
  0.02,
  0.0,
  0.13,
  0.04,
  0.01,
  0.28,
  0.01,
  0.0,
  0.16,
  0.02,
  0.13,
  0.03,
  0.0,
  0.16,
  0.05,
  0.28,
  0.02,
  0.03,
  0.06,
  0.2,
  0.09,
  0.23,
  0.01,
  0.03,
  0.52,
  0.5,
  0.31,
  0.0,
  0.08,
  0.09,
  0.06,
  0.02,
  0.56,
  0.18,
  0.27,
  0.22,
  0.03,
  0.0,
  0.0,
  0.29,
  0.39,
  0.1,
  0.18,
  0.45,
  0.0,
  0.51,
  0.0,
  0.07,
  0.38,
  0.0,
  0.01,
  0.14,
  0.03,
  0.03,
  0.41,
  0.17,
  0.02,
  0.14,
  0.23,
  0.06,
  0.16,
  0.1,
  0.03,
  0.01,
  0.11,
  0.02,
  0.36,
  0.21,
  0.19,
  0.05,
  0.02,
  0.06
 ],
 "per_class_exit": [
  14.369999885559082,
  15.380000114440918,
  15.859999656677246,
  15.90999984741211,
  16.0,
  15.899999618530273,
  14.739999771118164,
  15.949999809265137,
  15.979999542236328,
  16.0,
  15.710000038146973,
  15.949999809265137,
  15.84999942779541,
  15.769999504089355,
  15.829999923706055,
  15.880000114440918,
  15.75999927520752,
  15.949999809265137,
  16.0,
  15.989999771118164,
  14.84999942779541,
  15.479999542236328,
  15.710000038146973,
  14.59999942779541,
  15.679999351501465,
  15.920000076293945,
  15.809999465942383,
  16.0,
  15.75,
  15.989999771118164,
  15.679999351501465,
  15.989999771118164,
  15.880000114440918,
  15.819999694824219,
  16.0,
  15.979999542236328,
  15.920000076293945,
  15.960000038146973,
  16.0,
  15.65999984741211,
  15.90999984741211,
  15.869999885559082,
  16.0,
  15.789999961853027,
  15.929999351501465,
  16.0,
  15.899999618530273,
  14.799999237060547,
  15.880000114440918,
  14.880000114440918,
  15.969999313354492,
  16.0,
  14.119999885559082,
  11.920000076293945,
  14.239999771118164,
  15.84999942779541,
  15.670000076293945,
  15.670000076293945,
  15.889999389648438,
  15.359999656677246,
  10.179999351501465,
  15.960000038146973,
  13.920000076293945,
  16.0,
  15.920000076293945,
  16.0,
  16.0,
  14.989999771118164,
  14.799999237060547,
  15.829999923706055,
  15.420000076293945,
  13.539999961853027,
  16.0,
  15.399999618530273,
  16.0,
  16.0,
  13.359999656677246,
  16.0,
  16.0,
  15.929999351501465,
  15.949999809265137,
  15.969999313354492,
  11.609999656677246,
  15.069999694824219,
  15.619999885559082,
  15.799999237060547,
  15.809999465942383,
  15.75999927520752,
  15.969999313354492,
  15.989999771118164,
  15.880000114440918,
  15.899999618530273,
  15.179999351501465,
  15.880000114440918,
  13.889999389648438,
  15.420000076293945,
  15.4399995803833,
  16.0,
  15.779999732971191,
  15.899999618530273
 ],
 "exit_hist": [
  0,
  0,
  0,
  9,
  34,
  73,
  84,
  86,
  67,
  77,
  58,
  62,
  36,
  55,
  34,
  30,
  9295
 ]
}