{
 "acc_full_T": 0.5407488942146301,
 "theta_rows": [
  {
   "theta": 0.5,
   "accuracy": 0.5484580993652344,
   "avg_slices": 10.161893844604492,
   "slice_utilization": 0.6351183652877808,
   "exit_rate": 0.5275329947471619,
   "risk_exited": 0.302713987473904,
   "energy_pj": 7606.000319257812,
   "energy_fixed_order_pj": 11938.037760000001,
   "energy_ratio": 0.6371231581075022,
   "ssp_overhead_frac": 0.0031466331025802393,
   "risk_bound_thm1": 0.45,
   "bound_satisfied": true
  },
  {
   "theta": 0.7,
   "accuracy": 0.5429515242576599,
   "avg_slices": 13.238986015319824,
   "slice_utilization": 0.827436625957489,
   "exit_rate": 0.2709251046180725,
   "risk_exited": 0.22357723577235772,
   "energy_pj": 9909.150144550782,
   "energy_fixed_order_pj": 11938.037760000001,
   "energy_ratio": 0.830048483993971,
   "ssp_overhead_frac": 0.003146633102580239,
   "risk_bound_thm1": 0.27,
   "bound_satisfied": true
  },
  {
   "theta": 0.9,
   "accuracy": 0.5407488942146301,
   "avg_slices": 15.273127555847168,
   "slice_utilization": 0.954570472240448,
   "exit_rate": 0.06938325613737106,
   "risk_exited": 0.06349206349206349,
   "energy_pj": 11431.669612207032,
   "energy_fixed_order_pj": 11938.037760000001,
   "energy_ratio": 0.9575836366098938,
   "ssp_overhead_frac": 0.0031466331025802393,
   "risk_bound_thm1": 0.08999999999999998,
   "bound_satisfied": true
  }
 ],
 "revisit": {
  "revisit_rate": 0.8246145248413086,
  "distinct_curve": [
   1.0,
   1.9647576808929443,
   2.477973461151123,
   2.66519832611084,
   2.735682725906372,
   2.7555065155029297,
   2.7753303050994873,
   2.788546323776245,
   2.794052839279175,
   2.7984580993652344,
   2.8006608486175537,
   2.803964853286743,
   2.803964853286743,
   2.803964853286743,
   2.8061673641204834,
   2.8061673641204834
  ],
  "final_distinct": 2.8061673641204834
 },
 "drift": {
  "delta_hat": 0.021340055391192436,
  "delta_min_step": -0.00785517692565918,
  "per_step_drift": [
   0.09124096482992172,
   0.07955010235309601,
   0.05697030574083328,
   0.04370802268385887,
   0.01900242641568184,
   0.004830032587051392,
   0.017925607040524483,
   0.0020455254707485437,
   0.002707111882045865,
   0.004790411796420813,
   0.000993245979771018,
   -0.00785517692565918,
   0.014031264930963516,
   -0.004048137925565243,
   -0.005790910217911005
  ],
  "m1_mean": 0.11480992287397385,
  "frac_negative_drift_samples": 0.13546255230903625
 },
 "ece": 0.07124366507166963,
 "aurc": 0.2963099181652069,
 "ssp_param_count": 8576,
 "total_param_count": 44052,
 "ssp_param_frac": 0.19467901570870788,
 "variant": "mask_off",
 "seed": 0,
 "experiment": "A2_masking",
 "dataset": "modelnet10",
 "per_class_acc": [
  0.02,
  0.59,
  0.86,
  0.011627906976744186,
  0.7558139534883721,
  0.66,
  0.1511627906976744,
  0.85,
  0.55,
  0.6
 ],
 "per_class_exit": [
  10.719999313354492,
  9.210000038146973,
  4.759999752044678,
  13.55813980102539,
  13.755813598632812,
  8.579999923706055,
  13.04651165008545,
  7.949999809265137,
  9.510000228881836,
  12.1899995803833
 ],
 "exit_hist": [
  0,
  15,
  44,
  103,
  111,
  65,
  37,
  31,
  20,
  19,
  6,
  8,
  7,
  4,
  7,
  2,
  429
 ]
}