{
 "acc_full_T": 0.1339000016450882,
 "theta_rows": [
  {
   "theta": 0.7,
   "accuracy": 0.1356000006198883,
   "avg_slices": 15.85890007019043,
   "slice_utilization": 0.9911812543869019,
   "exit_rate": 0.02019999921321869,
   "risk_exited": 0.2871287128712871,
   "energy_pj": 5970.538399033203,
   "energy_fixed_order_pj": 6014.238719999999,
   "energy_ratio": 0.9927338566024203,
   "ssp_overhead_frac": 0.0015639662183296842,
   "risk_bound_thm1": 0.29700000000000004,
   "bound_satisfied": true
  }
 ],
 "revisit": {
  "revisit_rate": 0.0,
  "distinct_curve": [
   1.0,
   2.0,
   3.0,
   4.0,
   5.0,
   6.0,
   7.0,
   8.0,
   9.0,
   10.0,
   11.0,
   12.0,
   13.0,
   14.0,
   15.0,
   16.0
  ],
  "final_distinct": 16.0
 },
 "drift": {
  "delta_hat": 0.005929518025368452,
  "delta_min_step": -0.002393049653619528,
  "per_step_drift": [
   0.011873372830450535,
   0.019573727622628212,
   0.018702218309044838,
   0.01591518335044384,
   0.01148814707994461,
   0.008359378203749657,
   0.0051376293413341045,
   0.004740285221487284,
   0.0012788561871275306,
   -6.006448165862821e-05,
   -0.0008515411172993481,
   -0.0005063159624114633,
   -0.0021964614279568195,
   -0.002393049653619528,
   -0.002118603093549609
  ],
  "m1_mean": 0.008490486070513725,
  "frac_negative_drift_samples": 0.10359999537467957
 },
 "ece": 0.06220238276425823,
 "aurc": 0.7623480558395386,
 "ssp_param_count": 2144,
 "total_param_count": 73512,
 "ssp_param_frac": 0.029165306344542386,
 "variant": "d16",
 "seed": 0,
 "experiment": "A4_dssp",
 "dataset": "cifar100",
 "per_class_acc": [
  0.22,
  0.31,
  0.24,
  0.0,
  0.0,
  0.1,
  0.0,
  0.0,
  0.14,
  0.07,
  0.01,
  0.0,
  0.04,
  0.1,
  0.04,
  0.05,
  0.0,
  0.2,
  0.29,
  0.01,
  0.27,
  0.29,
  0.0,
  0.46,
  0.48,
  0.0,
  0.0,
  0.17,
  0.04,
  0.0,
  0.17,
  0.0,
  0.0,
  0.36,
  0.0,
  0.0,
  0.11,
  0.01,
  0.1,
  0.05,
  0.0,
  0.21,
  0.13,
  0.23,
  0.0,
  0.05,
  0.05,
  0.18,
  0.08,
  0.22,
  0.0,
  0.01,
  0.54,
  0.42,
  0.32,
  0.0,
  0.1,
  0.12,
  0.06,
  0.01,
  0.56,
  0.13,
  0.32,
  0.19,
  0.03,
  0.0,
  0.0,
  0.28,
  0.35,
  0.14,
  0.23,
  0.47,
  0.01,
  0.46,
  0.01,
  0.08,
  0.37,
  0.0,
  0.03,
  0.18,
  0.04,
  0.05,
  0.42,
  0.12,
  0.03,
  0.1,
  0.21,
  0.07,
  0.18,
  0.09,
  0.04,
  0.01,
  0.1,
  0.01,
  0.35,
  0.27,
  0.2,
  0.07,
  0.04,
  0.09
 ],
 "per_class_exit": [
  15.769999504089355,
  15.809999465942383,
  16.0,
  16.0,
  16.0,
  15.960000038146973,
  15.5,
  16.0,
  16.0,
  15.920000076293945,
  16.0,
  16.0,
  15.9399995803833,
  16.0,
  16.0,
  16.0,
  16.0,
  16.0,
  15.90999984741211,
  16.0,
  15.889999389648438,
  15.799999237060547,
  15.979999542236328,
  15.6899995803833,
  15.979999542236328,
  16.0,
  15.949999809265137,
  16.0,
  16.0,
  16.0,
  16.0,
  16.0,
  16.0,
  15.90999984741211,
  16.0,
  16.0,
  16.0,
  15.989999771118164,
  16.0,
  15.929999351501465,
  16.0,
  16.0,
  16.0,
  16.0,
  16.0,
  16.0,
  16.0,
  15.809999465942383,
  16.0,
  15.719999313354492,
  16.0,
  16.0,
  15.880000114440918,
  14.309999465942383,
  15.799999237060547,
  16.0,
  16.0,
  15.929999351501465,
  16.0,
  16.0,
  12.479999542236328,
  16.0,
  15.319999694824219,
  16.0,
  16.0,
  16.0,
  16.0,
  16.0,
  15.829999923706055,
  16.0,
  16.0,
  15.449999809265137,
  16.0,
  15.90999984741211,
  16.0,
  16.0,
  15.109999656677246,
  16.0,
  16.0,
  16.0,
  16.0,
  16.0,
  14.09999942779541,
  15.729999542236328,
  15.969999313354492,
  16.0,
  16.0,
  16.0,
  16.0,
  16.0,
  16.0,
  16.0,
  15.59999942779541,
  16.0,
  15.229999542236328,
  16.0,
  15.859999656677246,
  16.0,
  15.979999542236328,
  15.9399995803833
 ],
 "exit_hist": [
  0,
  0,
  0,
  0,
  8,
  11,
  16,
  29,
  36,
  19,
  25,
  17,
  12,
  15,
  10,
  4,
  9798
 ]
}