{
 "acc_full_T": 0.13609999418258667,
 "theta_rows": [
  {
   "theta": 0.7,
   "accuracy": 0.1370999962091446,
   "avg_slices": 15.873299598693848,
   "slice_utilization": 0.9920812249183655,
   "exit_rate": 0.018699999898672104,
   "risk_exited": 0.2620320855614973,
   "energy_pj": 6003.998111503906,
   "energy_fixed_order_pj": 6014.238719999999,
   "energy_ratio": 0.9982972726935433,
   "ssp_overhead_frac": 0.006226650062266501,
   "risk_bound_thm1": 0.29700000000000004,
   "bound_satisfied": true
  }
 ],
 "revisit": {
  "revisit_rate": 0.0,
  "distinct_curve": [
   1.0,
   2.0,
   3.0,
   4.0,
   5.0,
   6.0,
   7.0,
   8.0,
   9.0,
   10.0,
   11.0,
   12.0,
   13.0,
   14.0,
   15.0,
   16.0
  ],
  "final_distinct": 16.0
 },
 "drift": {
  "delta_hat": 0.00598613265901804,
  "delta_min_step": -0.0020173033699393272,
  "per_step_drift": [
   0.012443783693015575,
   0.018883593380451202,
   0.018255263566970825,
   0.015302671119570732,
   0.011568729765713215,
   0.007788064423948526,
   0.006573615130037069,
   0.0036141390446573496,
   0.0027833671774715185,
   0.0004960889928042889,
   -0.00011908954911632463,
   -0.002003622706979513,
   -0.0020173033699393272,
   -0.0018494321266189218,
   -0.0019278795225545764
  ],
  "m1_mean": 0.00847270805388689,
  "frac_negative_drift_samples": 0.10740000009536743
 },
 "ece": 0.06133341887100281,
 "aurc": 0.7615868449211121,
 "ssp_param_count": 8576,
 "total_param_count": 79944,
 "ssp_param_frac": 0.10727509256479535,
 "variant": "d64",
 "seed": 0,
 "experiment": "A4_dssp",
 "dataset": "cifar100",
 "per_class_acc": [
  0.26,
  0.3,
  0.23,
  0.0,
  0.0,
  0.1,
  0.01,
  0.02,
  0.14,
  0.08,
  0.0,
  0.0,
  0.04,
  0.11,
  0.06,
  0.06,
  0.0,
  0.19,
  0.29,
  0.02,
  0.34,
  0.37,
  0.0,
  0.48,
  0.53,
  0.01,
  0.0,
  0.21,
  0.02,
  0.0,
  0.13,
  0.04,
  0.01,
  0.28,
  0.01,
  0.0,
  0.16,
  0.02,
  0.13,
  0.03,
  0.0,
  0.16,
  0.05,
  0.28,
  0.02,
  0.03,
  0.06,
  0.2,
  0.09,
  0.23,
  0.01,
  0.03,
  0.52,
  0.5,
  0.31,
  0.0,
  0.08,
  0.09,
  0.06,
  0.02,
  0.56,
  0.18,
  0.27,
  0.22,
  0.03,
  0.0,
  0.0,
  0.29,
  0.39,
  0.1,
  0.18,
  0.45,
  0.0,
  0.51,
  0.0,
  0.07,
  0.38,
  0.0,
  0.01,
  0.14,
  0.03,
  0.03,
  0.41,
  0.17,
  0.02,
  0.14,
  0.23,
  0.06,
  0.16,
  0.1,
  0.03,
  0.01,
  0.11,
  0.02,
  0.36,
  0.21,
  0.19,
  0.05,
  0.02,
  0.06
 ],
 "per_class_exit": [
  15.920000076293945,
  15.90999984741211,
  16.0,
  16.0,
  16.0,
  16.0,
  15.639999389648438,
  16.0,
  16.0,
  16.0,
  15.989999771118164,
  16.0,
  16.0,
  16.0,
  16.0,
  15.960000038146973,
  16.0,
  16.0,
  16.0,
  16.0,
  15.779999732971191,
  15.889999389648438,
  15.920000076293945,
  15.799999237060547,
  15.929999351501465,
  16.0,
  16.0,
  16.0,
  16.0,
  16.0,
  16.0,
  16.0,
  15.920000076293945,
  15.920000076293945,
  16.0,
  16.0,
  16.0,
  16.0,
  16.0,
  15.929999351501465,
  16.0,
  16.0,
  16.0,
  16.0,
  15.949999809265137,
  16.0,
  16.0,
  15.859999656677246,
  16.0,
  15.889999389648438,
  16.0,
  16.0,
  15.90999984741211,
  14.429999351501465,
  15.859999656677246,
  16.0,
  16.0,
  15.949999809265137,
  16.0,
  15.899999618530273,
  12.880000114440918,
  16.0,
  15.469999313354492,
  16.0,
  16.0,
  16.0,
  16.0,
  15.839999198913574,
  15.719999313354492,
  16.0,
  16.0,
  15.369999885559082,
  16.0,
  15.889999389648438,
  16.0,
  16.0,
  15.069999694824219,
  16.0,
  16.0,
  16.0,
  16.0,
  16.0,
  14.229999542236328,
  15.679999351501465,
  15.859999656677246,
  16.0,
  16.0,
  16.0,
  16.0,
  16.0,
  16.0,
  16.0,
  15.899999618530273,
  16.0,
  15.25,
  15.989999771118164,
  15.960000038146973,
  16.0,
  15.960000038146973,
  16.0
 ],
 "exit_hist": [
  0,
  0,
  0,
  0,
  5,
  11,
  17,
  26,
  21,
  15,
  31,
  23,
  11,
  15,
  7,
  5,
  9813
 ]
}