{
 "acc_full_T": 0.4812775254249573,
 "theta_rows": [
  {
   "theta": 0.5,
   "accuracy": 0.526431679725647,
   "avg_slices": 11.106827735900879,
   "slice_utilization": 0.6941767334938049,
   "exit_rate": 0.5033039450645447,
   "risk_exited": 0.3479212253829322,
   "energy_pj": 8313.266857246093,
   "energy_fixed_order_pj": 11938.037760000001,
   "energy_ratio": 0.6963679479303383,
   "ssp_overhead_frac": 0.0031466331025802393,
   "risk_bound_thm1": 0.45,
   "bound_satisfied": true
  },
  {
   "theta": 0.7,
   "accuracy": 0.49669602513313293,
   "avg_slices": 13.7764310836792,
   "slice_utilization": 0.86102694272995,
   "exit_rate": 0.24008809030056,
   "risk_exited": 0.25688073394495414,
   "energy_pj": 10311.41840517578,
   "energy_fixed_order_pj": 11938.037760000001,
   "energy_ratio": 0.8637448308067489,
   "ssp_overhead_frac": 0.0031466331025802393,
   "risk_bound_thm1": 0.27,
   "bound_satisfied": true
  },
  {
   "theta": 0.9,
   "accuracy": 0.4812775254249573,
   "avg_slices": 15.385461807250977,
   "slice_utilization": 0.961591362953186,
   "exit_rate": 0.07819382846355438,
   "risk_exited": 0.1267605633802817,
   "energy_pj": 11515.749840273438,
   "energy_fixed_order_pj": 11938.037760000001,
   "energy_ratio": 0.9646266892251342,
   "ssp_overhead_frac": 0.003146633102580239,
   "risk_bound_thm1": 0.08999999999999998,
   "bound_satisfied": false
  }
 ],
 "revisit": {
  "revisit_rate": 0.0,
  "distinct_curve": [
   1.0,
   2.0,
   3.0,
   4.0,
   5.0,
   6.0,
   7.0,
   8.0,
   9.0,
   10.0,
   11.0,
   12.0,
   13.0,
   14.0,
   15.0,
   16.0
  ],
  "final_distinct": 16.0
 },
 "drift": {
  "delta_hat": 0.012631051242351532,
  "delta_min_step": -0.029612582176923752,
  "per_step_drift": [
   0.08152871578931808,
   0.06628284603357315,
   0.0543036162853241,
   0.03132026642560959,
   0.024086251854896545,
   0.01603800617158413,
   0.01128112617880106,
   0.003588935127481818,
   -0.0011626327177509665,
   -0.01174362376332283,
   -0.003426947630941868,
   -0.01489274576306343,
   -0.017553308978676796,
   -0.029612582176923752,
   -0.020572178065776825
  ],
  "m1_mean": 0.05622963607311249,
  "frac_negative_drift_samples": 0.16519823670387268
 },
 "ece": 0.045740695725958236,
 "aurc": 0.3619070053100586,
 "ssp_param_count": 8576,
 "total_param_count": 44052,
 "ssp_param_frac": 0.19467901570870788,
 "variant": "mask_on",
 "seed": 0,
 "experiment": "A2_masking",
 "dataset": "modelnet10",
 "per_class_acc": [
  0.0,
  0.16,
  0.8,
  0.0,
  0.7558139534883721,
  0.72,
  0.3023255813953488,
  0.65,
  0.5,
  0.63
 ],
 "per_class_exit": [
  12.15999984741211,
  9.229999542236328,
  4.690000057220459,
  13.279069900512695,
  15.802325248718262,
  8.59000015258789,
  14.430232048034668,
  12.079999923706055,
  8.109999656677246,
  14.649999618530273
 ],
 "exit_hist": [
  0,
  0,
  19,
  67,
  83,
  60,
  41,
  48,
  39,
  31,
  20,
  10,
  12,
  11,
  12,
  4,
  451
 ]
}