{
 "acc_full_T": 0.44769999384880066,
 "theta_rows": [
  {
   "theta": 0.7,
   "accuracy": 0.45559999346733093,
   "avg_slices": 14.590999603271484,
   "slice_utilization": 0.9119374752044678,
   "exit_rate": 0.20889998972415924,
   "risk_exited": 0.26424126376256585,
   "energy_pj": 5518.974395859374,
   "energy_fixed_order_pj": 6014.238719999999,
   "energy_ratio": 0.917651369159383,
   "ssp_overhead_frac": 0.006226650062266501,
   "risk_bound_thm1": 0.27,
   "bound_satisfied": true
  }
 ],
 "revisit": {
  "revisit_rate": 0.0,
  "distinct_curve": [
   1.0,
   2.0,
   3.0,
   4.0,
   5.0,
   6.0,
   7.0,
   8.0,
   9.0,
   10.0,
   11.0,
   12.0,
   13.0,
   14.0,
   15.0,
   16.0
  ],
  "final_distinct": 16.0
 },
 "drift": {
  "delta_hat": 0.016614044085144997,
  "delta_min_step": -0.005328220780938864,
  "per_step_drift": [
   0.04291177913546562,
   0.04574662819504738,
   0.04013967141509056,
   0.03694842383265495,
   0.02792164869606495,
   0.021440643817186356,
   0.017447320744395256,
   0.011813733726739883,
   0.00645775580778718,
   0.006154499016702175,
   0.0010240403935313225,
   0.0014751844573765993,
   -0.001946273143403232,
   -0.002996178111061454,
   -0.005328220780938864
  ],
  "m1_mean": 0.0424344427883625,
  "frac_negative_drift_samples": 0.11009999364614487
 },
 "ece": 0.07049595110012777,
 "aurc": 0.4030420184135437,
 "ssp_param_count": 8576,
 "total_param_count": 68244,
 "ssp_param_frac": 0.12566672527987807,
 "variant": "only_spread",
 "seed": 0,
 "experiment": "A3_geometry",
 "dataset": "cifar10",
 "per_class_acc": [
  0.628,
  0.518,
  0.398,
  0.35,
  0.435,
  0.285,
  0.474,
  0.385,
  0.608,
  0.396
 ],
 "per_class_exit": [
  14.280000686645508,
  14.029000282287598,
  15.243000984191895,
  15.634000778198242,
  14.953001022338867,
  15.790000915527344,
  13.474000930786133,
  14.193000793457031,
  13.321001052856445,
  14.993000984191895
 ],
 "exit_hist": [
  0,
  0,
  0,
  1,
  74,
  188,
  201,
  238,
  245,
  183,
  216,
  192,
  159,
  158,
  128,
  106,
  7911
 ]
}