{
 "acc_full_T": 0.3881685435771942,
 "theta_rows": [
  {
   "theta": 0.7,
   "accuracy": 0.3918152153491974,
   "avg_slices": 14.184359550476074,
   "slice_utilization": 0.8865224719047546,
   "exit_rate": 0.20259319245815277,
   "risk_exited": 0.218,
   "energy_pj": 10616.74574830078,
   "energy_fixed_order_pj": 11938.037760000001,
   "energy_ratio": 0.8893208382933427,
   "ssp_overhead_frac": 0.0031466331025802393,
   "risk_bound_thm1": 0.29250000000000004,
   "bound_satisfied": true
  }
 ],
 "revisit": {
  "revisit_rate": 0.0,
  "distinct_curve": [
   1.0,
   2.0,
   3.0,
   4.0,
   5.0,
   6.0,
   7.0,
   8.0,
   9.0,
   10.0,
   11.0,
   12.0,
   13.0,
   14.0,
   15.0,
   16.0
  ],
  "final_distinct": 16.0
 },
 "drift": {
  "delta_hat": 0.01412834133952856,
  "delta_min_step": -0.016694461926817894,
  "per_step_drift": [
   0.058859020471572876,
   0.05763501673936844,
   0.05004720389842987,
   0.03800705820322037,
   0.029155146330595016,
   0.017246447503566742,
   0.007911556400358677,
   0.012354293838143349,
   0.0057468293234705925,
   -0.005659650545567274,
   -0.006210257299244404,
   -0.007554462179541588,
   -0.014485031366348267,
   -0.016694461926817894,
   -0.014433584176003933
  ],
  "m1_mean": 0.03770815208554268,
  "frac_negative_drift_samples": 0.12560777366161346
 },
 "ece": 0.025648091976477293,
 "aurc": 0.39773425459861755,
 "ssp_param_count": 8576,
 "total_param_count": 47952,
 "ssp_param_frac": 0.1788455121788455,
 "variant": "no_cz",
 "seed": 0,
 "experiment": "A3_geometry",
 "dataset": "modelnet40",
 "per_class_acc": [
  0.94,
  0.0,
  0.61,
  0.05,
  0.85,
  0.68,
  0.0,
  0.01,
  0.81,
  0.1,
  0.0,
  0.35,
  0.0,
  0.3,
  0.5465116279069767,
  0.0,
  0.15,
  0.89,
  0.9,
  0.05,
  0.2,
  0.21,
  0.82,
  0.06976744186046512,
  0.25,
  0.01,
  0.13,
  0.0,
  0.0,
  0.0,
  0.51,
  0.0,
  0.0,
  0.31,
  0.0,
  0.61,
  0.38,
  0.67,
  0.1,
  0.0
 ],
 "per_class_exit": [
  3.93999981880188,
  15.819999694824219,
  14.719999313354492,
  15.800000190734863,
  7.5,
  15.40999984741211,
  16.0,
  15.920000076293945,
  11.819999694824219,
  16.0,
  16.0,
  15.449999809265137,
  15.918604850769043,
  16.0,
  16.0,
  15.850000381469727,
  16.0,
  7.460000038146973,
  13.25,
  13.0,
  15.65000057220459,
  14.789999961853027,
  14.969999313354492,
  15.918604850769043,
  14.75,
  15.880000114440918,
  15.420000076293945,
  15.550000190734863,
  16.0,
  15.449999809265137,
  15.00999927520752,
  14.350000381469727,
  13.449999809265137,
  15.239999771118164,
  15.850000381469727,
  16.0,
  14.579999923706055,
  15.729999542236328,
  15.199999809265137,
  15.550000190734863
 ],
 "exit_hist": [
  0,
  0,
  8,
  69,
  68,
  64,
  43,
  49,
  41,
  37,
  30,
  26,
  21,
  23,
  10,
  11,
  1968
 ]
}