{
 "acc_full_T": 0.3938411474227905,
 "theta_rows": [
  {
   "theta": 0.7,
   "accuracy": 0.3978930115699768,
   "avg_slices": 14.029983520507812,
   "slice_utilization": 0.8768739700317383,
   "exit_rate": 0.21515396237373352,
   "risk_exited": 0.224105461393597,
   "energy_pj": 10534.241399375,
   "energy_fixed_order_pj": 11938.037760000001,
   "energy_ratio": 0.8824097905496153,
   "ssp_overhead_frac": 0.006273525721455458,
   "risk_bound_thm1": 0.29250000000000004,
   "bound_satisfied": true
  }
 ],
 "revisit": {
  "revisit_rate": 0.0,
  "distinct_curve": [
   1.0,
   2.0,
   3.0,
   4.0,
   5.0,
   6.0,
   7.0,
   8.0,
   9.0,
   10.0,
   11.0,
   12.0,
   13.0,
   14.0,
   15.0,
   16.0
  ],
  "final_distinct": 16.0
 },
 "drift": {
  "delta_hat": 0.013925940729677677,
  "delta_min_step": -0.017206070944666862,
  "per_step_drift": [
   0.0613071471452713,
   0.05703926831483841,
   0.04964260756969452,
   0.03771958872675896,
   0.02420431189239025,
   0.022631803527474403,
   0.006990533322095871,
   0.01135180052369833,
   0.00762049900367856,
   -0.006599359679967165,
   -0.009479714557528496,
   -0.00795046053826809,
   -0.014534329064190388,
   -0.013848530128598213,
   -0.017206070944666862
  ],
  "m1_mean": 0.03911242261528969,
  "frac_negative_drift_samples": 0.13168556988239288
 },
 "ece": 0.023616315180588987,
 "aurc": 0.3901629149913788,
 "ssp_param_count": 17152,
 "total_param_count": 56528,
 "ssp_param_frac": 0.30342485140107556,
 "variant": "d128",
 "seed": 0,
 "experiment": "A4_dssp",
 "dataset": "modelnet40",
 "per_class_acc": [
  0.93,
  0.0,
  0.41,
  0.15,
  0.84,
  0.6,
  0.0,
  0.02,
  0.82,
  0.1,
  0.0,
  0.35,
  0.03488372093023256,
  0.35,
  0.6744186046511628,
  0.0,
  0.06,
  0.89,
  0.9,
  0.05,
  0.25,
  0.22,
  0.9,
  0.12790697674418605,
  0.35,
  0.01,
  0.26,
  0.0,
  0.0,
  0.0,
  0.71,
  0.0,
  0.0,
  0.26,
  0.0,
  0.53,
  0.39,
  0.63,
  0.1,
  0.0
 ],
 "per_class_exit": [
  3.9599997997283936,
  15.839999198913574,
  14.489999771118164,
  15.550000190734863,
  7.529999732971191,
  14.329999923706055,
  16.0,
  15.84999942779541,
  11.34000015258789,
  16.0,
  16.0,
  15.25,
  15.825581550598145,
  16.0,
  16.0,
  15.800000190734863,
  16.0,
  6.789999961853027,
  11.850000381469727,
  13.199999809265137,
  16.0,
  14.569999694824219,
  15.0,
  15.94186019897461,
  14.949999809265137,
  15.529999732971191,
  15.369999885559082,
  15.75,
  15.899999618530273,
  15.850000381469727,
  14.84999942779541,
  14.850000381469727,
  12.850000381469727,
  14.920000076293945,
  15.949999809265137,
  16.0,
  14.75999927520752,
  15.739999771118164,
  14.850000381469727,
  14.949999809265137
 ],
 "exit_hist": [
  0,
  0,
  5,
  88,
  65,
  63,
  53,
  49,
  45,
  41,
  38,
  37,
  23,
  11,
  6,
  7,
  1937
 ]
}