{
 "acc_full_T": 0.0768551230430603,
 "theta_rows": [
  {
   "theta": 0.7,
   "accuracy": 0.0768551230430603,
   "avg_slices": 16.0,
   "slice_utilization": 1.0,
   "exit_rate": 0.0,
   "risk_exited": 0.0,
   "energy_pj": 3090.0224,
   "energy_fixed_order_pj": 3052.3392,
   "energy_ratio": 1.0123456790123457,
   "ssp_overhead_frac": 0.012195121951219513,
   "risk_bound_thm1": 0.28500000000000003,
   "bound_satisfied": true
  }
 ],
 "revisit": {
  "revisit_rate": 0.0,
  "distinct_curve": [
   1.0,
   2.0,
   3.0,
   4.0,
   5.0,
   6.0,
   7.0,
   8.0,
   9.0,
   10.0,
   11.0,
   12.0,
   13.0,
   14.0,
   15.0,
   16.0
  ],
  "final_distinct": 16.0
 },
 "drift": {
  "delta_hat": 0.0030023406725376844,
  "delta_min_step": -0.017690053209662437,
  "per_step_drift": [
   0.02158079482614994,
   0.016621997579932213,
   0.011134665459394455,
   0.004083432722836733,
   0.0007669971091672778,
   -0.002647475805133581,
   -0.002201934577897191,
   -0.0007889923872426152,
   0.0008491502376273274,
   0.0011424950789660215,
   0.003317943774163723,
   0.0035078967921435833,
   0.003710259450599551,
   0.0016479336190968752,
   -0.017690053209662437
  ],
  "m1_mean": 0.014980929903686047,
  "frac_negative_drift_samples": 0.2305653691291809
 },
 "ece": 0.06892928806225664,
 "aurc": 0.913855254650116,
 "ssp_param_count": 8576,
 "total_param_count": 36776,
 "ssp_param_frac": 0.2331955623232543,
 "variant": "no_dist",
 "seed": 0,
 "experiment": "A3_geometry",
 "dataset": "shd",
 "per_class_acc": [
  0.0,
  0.0,
  0.0,
  0.0,
  0.0,
  0.0,
  0.7339449541284404,
  0.0,
  0.0,
  0.7281553398058253,
  0.0,
  0.12396694214876033,
  0.01652892561983471,
  0.0,
  0.008695652173913044,
  0.0,
  0.00847457627118644,
  0.0,
  0.0,
  0.0
 ],
 "per_class_exit": [
  16.0,
  16.0,
  16.0,
  16.0,
  16.0,
  15.999999046325684,
  15.999999046325684,
  15.999999046325684,
  16.0,
  16.0,
  15.999999046325684,
  15.999999046325684,
  15.999999046325684,
  16.0,
  15.999999046325684,
  16.0,
  16.0,
  15.999999046325684,
  15.999999046325684,
  16.0
 ],
 "exit_hist": [
  0,
  0,
  0,
  0,
  0,
  0,
  0,
  0,
  0,
  0,
  0,
  0,
  0,
  0,
  0,
  0,
  2264
 ]
}