{
 "acc_full_T": 0.14079999923706055,
 "theta_rows": [
  {
   "theta": 0.7,
   "accuracy": 0.14239999651908875,
   "avg_slices": 15.85629940032959,
   "slice_utilization": 0.9910187125205994,
   "exit_rate": 0.020399998873472214,
   "risk_exited": 0.25980392156862747,
   "energy_pj": 5978.895491259766,
   "energy_fixed_order_pj": 6014.238719999999,
   "energy_ratio": 0.994123407735263,
   "ssp_overhead_frac": 0.003123048094940662,
   "risk_bound_thm1": 0.29700000000000004,
   "bound_satisfied": true
  }
 ],
 "revisit": {
  "revisit_rate": 0.0,
  "distinct_curve": [
   1.0,
   2.0,
   3.0,
   4.0,
   5.0,
   6.0,
   7.0,
   8.0,
   9.0,
   10.0,
   11.0,
   12.0,
   13.0,
   14.0,
   15.0,
   16.0
  ],
  "final_distinct": 16.0
 },
 "drift": {
  "delta_hat": 0.0058742999099195,
  "delta_min_step": -0.003818630939349532,
  "per_step_drift": [
   0.012663330882787704,
   0.01928434893488884,
   0.018718376755714417,
   0.015825621783733368,
   0.010634385049343109,
   0.007893376052379608,
   0.006666222121566534,
   0.0034968506079167128,
   0.0021276636980473995,
   0.0006847197073511779,
   -0.0003839812707155943,
   -0.0005485463771037757,
   -0.0022345229517668486,
   -0.003818630939349532,
   -0.0028947165701538324
  ],
  "m1_mean": 0.008735857903957367,
  "frac_negative_drift_samples": 0.10749999433755875
 },
 "ece": 0.055162045064869936,
 "aurc": 0.7633911371231079,
 "ssp_param_count": 4288,
 "total_param_count": 75656,
 "ssp_param_frac": 0.05667759331711959,
 "variant": "d32",
 "seed": 0,
 "experiment": "A4_dssp",
 "dataset": "cifar100",
 "per_class_acc": [
  0.27,
  0.3,
  0.22,
  0.0,
  0.01,
  0.16,
  0.0,
  0.0,
  0.1,
  0.06,
  0.0,
  0.0,
  0.05,
  0.1,
  0.02,
  0.03,
  0.0,
  0.28,
  0.29,
  0.03,
  0.38,
  0.38,
  0.0,
  0.42,
  0.49,
  0.02,
  0.0,
  0.24,
  0.04,
  0.01,
  0.14,
  0.04,
  0.0,
  0.34,
  0.0,
  0.0,
  0.13,
  0.01,
  0.1,
  0.03,
  0.0,
  0.23,
  0.16,
  0.26,
  0.0,
  0.01,
  0.1,
  0.17,
  0.06,
  0.27,
  0.01,
  0.0,
  0.48,
  0.5,
  0.31,
  0.0,
  0.11,
  0.15,
  0.1,
  0.02,
  0.56,
  0.17,
  0.35,
  0.19,
  0.03,
  0.0,
  0.0,
  0.29,
  0.48,
  0.08,
  0.2,
  0.44,
  0.01,
  0.38,
  0.0,
  0.06,
  0.37,
  0.0,
  0.03,
  0.16,
  0.05,
  0.03,
  0.42,
  0.2,
  0.01,
  0.19,
  0.23,
  0.07,
  0.22,
  0.08,
  0.02,
  0.01,
  0.09,
  0.01,
  0.37,
  0.27,
  0.21,
  0.05,
  0.03,
  0.09
 ],
 "per_class_exit": [
  15.630000114440918,
  15.889999389648438,
  16.0,
  16.0,
  16.0,
  16.0,
  15.75999927520752,
  16.0,
  16.0,
  16.0,
  16.0,
  15.969999313354492,
  16.0,
  16.0,
  16.0,
  16.0,
  16.0,
  15.949999809265137,
  16.0,
  15.979999542236328,
  15.929999351501465,
  15.929999351501465,
  15.84999942779541,
  15.920000076293945,
  15.949999809265137,
  16.0,
  16.0,
  16.0,
  16.0,
  16.0,
  16.0,
  16.0,
  16.0,
  15.84999942779541,
  16.0,
  16.0,
  16.0,
  15.989999771118164,
  16.0,
  15.929999351501465,
  16.0,
  16.0,
  16.0,
  16.0,
  16.0,
  16.0,
  16.0,
  15.710000038146973,
  16.0,
  15.670000076293945,
  16.0,
  16.0,
  15.979999542236328,
  14.109999656677246,
  15.729999542236328,
  16.0,
  16.0,
  15.75,
  16.0,
  16.0,
  12.420000076293945,
  16.0,
  15.549999237060547,
  16.0,
  16.0,
  16.0,
  15.949999809265137,
  15.979999542236328,
  15.819999694824219,
  16.0,
  15.960000038146973,
  15.089999198913574,
  16.0,
  15.960000038146973,
  16.0,
  16.0,
  15.519999504089355,
  16.0,
  16.0,
  16.0,
  16.0,
  16.0,
  14.00999927520752,
  15.719999313354492,
  15.920000076293945,
  16.0,
  16.0,
  16.0,
  16.0,
  16.0,
  16.0,
  16.0,
  15.710000038146973,
  16.0,
  14.789999961853027,
  16.0,
  15.839999198913574,
  16.0,
  15.90999984741211,
  16.0
 ],
 "exit_hist": [
  0,
  0,
  0,
  0,
  5,
  14,
  25,
  25,
  32,
  24,
  19,
  19,
  17,
  7,
  9,
  8,
  9796
 ]
}