{
 "acc_full_T": 0.049028269946575165,
 "theta_rows": [
  {
   "theta": 0.7,
   "accuracy": 0.049028269946575165,
   "avg_slices": 16.0,
   "slice_utilization": 1.0,
   "exit_rate": 0.0,
   "risk_exited": 0.0,
   "energy_pj": 3090.0224,
   "energy_fixed_order_pj": 3052.3392,
   "energy_ratio": 1.0123456790123457,
   "ssp_overhead_frac": 0.012195121951219513,
   "risk_bound_thm1": 0.28500000000000003,
   "bound_satisfied": true
  }
 ],
 "revisit": {
  "revisit_rate": 0.0,
  "distinct_curve": [
   1.0,
   2.0,
   3.0,
   4.0,
   5.0,
   6.0,
   7.0,
   8.0,
   9.0,
   10.0,
   11.0,
   12.0,
   13.0,
   14.0,
   15.0,
   16.0
  ],
  "final_distinct": 16.0
 },
 "drift": {
  "delta_hat": 0.0023003583773970604,
  "delta_min_step": -0.008582049049437046,
  "per_step_drift": [
   0.01813521608710289,
   0.015246570110321045,
   0.011134995147585869,
   0.006060468032956123,
   0.004814338870346546,
   0.0028326413594186306,
   0.0029085844289511442,
   0.0010666680755093694,
   0.0015949052758514881,
   0.00022306964092422277,
   -0.0016897141467779875,
   -0.005118160974234343,
   -0.008582049049437046,
   -0.006475134752690792,
   -0.007647023070603609
  ],
  "m1_mean": 0.013157964684069157,
  "frac_negative_drift_samples": 0.1744699627161026
 },
 "ece": 0.07694437669229845,
 "aurc": 0.9644680619239807,
 "ssp_param_count": 8576,
 "total_param_count": 36776,
 "ssp_param_frac": 0.2331955623232543,
 "variant": "no_centroid",
 "seed": 0,
 "experiment": "A3_geometry",
 "dataset": "shd",
 "per_class_acc": [
  0.4563106796116505,
  0.0,
  0.0,
  0.0,
  0.0,
  0.0,
  0.5229357798165137,
  0.0,
  0.0,
  0.0,
  0.0,
  0.05785123966942149,
  0.0,
  0.0,
  0.0,
  0.0,
  0.0,
  0.0,
  0.0,
  0.0
 ],
 "per_class_exit": [
  16.0,
  16.0,
  16.0,
  16.0,
  16.0,
  15.999999046325684,
  15.999999046325684,
  15.999999046325684,
  16.0,
  16.0,
  15.999999046325684,
  15.999999046325684,
  15.999999046325684,
  16.0,
  15.999999046325684,
  16.0,
  16.0,
  15.999999046325684,
  15.999999046325684,
  16.0
 ],
 "exit_hist": [
  0,
  0,
  0,
  0,
  0,
  0,
  0,
  0,
  0,
  0,
  0,
  0,
  0,
  0,
  0,
  0,
  2264
 ]
}