{
 "acc_full_T": 0.10600706934928894,
 "theta_rows": [
  {
   "theta": 0.5,
   "accuracy": 0.10600706934928894,
   "avg_slices": 16.0,
   "slice_utilization": 1.0,
   "exit_rate": 0.0,
   "risk_exited": 0.0,
   "energy_pj": 3090.0224,
   "energy_fixed_order_pj": 3052.3392,
   "energy_ratio": 1.0123456790123457,
   "ssp_overhead_frac": 0.012195121951219513,
   "risk_bound_thm1": 0.475,
   "bound_satisfied": true
  },
  {
   "theta": 0.7,
   "accuracy": 0.10600706934928894,
   "avg_slices": 16.0,
   "slice_utilization": 1.0,
   "exit_rate": 0.0,
   "risk_exited": 0.0,
   "energy_pj": 3090.0224,
   "energy_fixed_order_pj": 3052.3392,
   "energy_ratio": 1.0123456790123457,
   "ssp_overhead_frac": 0.012195121951219513,
   "risk_bound_thm1": 0.28500000000000003,
   "bound_satisfied": true
  },
  {
   "theta": 0.9,
   "accuracy": 0.10600706934928894,
   "avg_slices": 16.0,
   "slice_utilization": 1.0,
   "exit_rate": 0.0,
   "risk_exited": 0.0,
   "energy_pj": 3090.0224,
   "energy_fixed_order_pj": 3052.3392,
   "energy_ratio": 1.0123456790123457,
   "ssp_overhead_frac": 0.012195121951219513,
   "risk_bound_thm1": 0.09499999999999997,
   "bound_satisfied": true
  }
 ],
 "revisit": {
  "revisit_rate": 0.0,
  "distinct_curve": [
   1.0,
   2.0,
   3.0,
   4.0,
   5.0,
   6.0,
   7.0,
   8.0,
   9.0,
   10.0,
   11.0,
   12.0,
   13.0,
   14.0,
   15.0,
   16.0
  ],
  "final_distinct": 16.0
 },
 "drift": {
  "delta_hat": 0.003961005713790655,
  "delta_min_step": -0.004318566527217627,
  "per_step_drift": [
   0.021399134770035744,
   0.01969289407134056,
   -0.004318566527217627,
   0.00901807751506567,
   0.004214894026517868,
   0.0015801325207576156,
   0.001393057405948639,
   -0.0021160447504371405,
   0.0014229726511985064,
   0.002672129310667515,
   0.00014835452020633966,
   0.0015366233419626951,
   0.0021078549325466156,
   -0.0005516985547728837,
   0.00121527467854321
  ],
  "m1_mean": 0.014736047945916653,
  "frac_negative_drift_samples": 0.06713780760765076
 },
 "ece": 0.06460440629489272,
 "aurc": 0.8541889786720276,
 "ssp_param_count": 8576,
 "total_param_count": 36776,
 "ssp_param_frac": 0.2331955623232543,
 "variant": "fixed",
 "seed": 0,
 "experiment": "A5_policy",
 "dataset": "shd",
 "per_class_acc": [
  0.0,
  0.0,
  0.0,
  0.0,
  0.0,
  0.0,
  0.0,
  0.0,
  0.0,
  0.0,
  0.0,
  0.11570247933884298,
  0.0,
  0.0,
  0.0,
  0.0,
  0.9067796610169492,
  0.9752066115702479,
  0.008130081300813009,
  0.0
 ],
 "per_class_exit": [
  16.0,
  16.0,
  16.0,
  16.0,
  16.0,
  15.999999046325684,
  15.999999046325684,
  15.999999046325684,
  16.0,
  16.0,
  15.999999046325684,
  15.999999046325684,
  15.999999046325684,
  16.0,
  15.999999046325684,
  16.0,
  16.0,
  15.999999046325684,
  15.999999046325684,
  16.0
 ],
 "exit_hist": [
  0,
  0,
  0,
  0,
  0,
  0,
  0,
  0,
  0,
  0,
  0,
  0,
  0,
  0,
  0,
  0,
  2264
 ]
}