{
 "acc_full_T": 0.02915194444358349,
 "theta_rows": [
  {
   "theta": 0.7,
   "accuracy": 0.02915194444358349,
   "avg_slices": 16.0,
   "slice_utilization": 1.0,
   "exit_rate": 0.0,
   "risk_exited": 0.0,
   "energy_pj": 3053.5168,
   "energy_fixed_order_pj": 3052.3392,
   "energy_ratio": 1.0003858024691359,
   "ssp_overhead_frac": 0.0003856536829926726,
   "risk_bound_thm1": 0.28500000000000003,
   "bound_satisfied": true
  }
 ],
 "revisit": {
  "revisit_rate": 0.0,
  "distinct_curve": [
   1.0,
   2.0,
   3.0,
   4.0,
   5.0,
   6.0,
   7.0,
   8.0,
   9.0,
   10.0,
   11.0,
   12.0,
   13.0,
   14.0,
   15.0,
   16.0
  ],
  "final_distinct": 16.0
 },
 "drift": {
  "delta_hat": 0.001897765207104385,
  "delta_min_step": -0.0075694783590734005,
  "per_step_drift": [
   0.02109210379421711,
   0.01836734637618065,
   0.013055172748863697,
   0.006176765076816082,
   0.0032009920105338097,
   0.0008822653326205909,
   0.0003351987397763878,
   -0.0014394816244021058,
   -0.00202834396623075,
   -0.0018703221576288342,
   -0.003631061874330044,
   -0.0063352566212415695,
   -0.007428654469549656,
   -0.004340760875493288,
   -0.0075694783590734005
  ],
  "m1_mean": 0.013473931699991226,
  "frac_negative_drift_samples": 0.2601590156555176
 },
 "ece": 0.09770646397572436,
 "aurc": 0.9774035215377808,
 "ssp_param_count": 268,
 "total_param_count": 28468,
 "ssp_param_frac": 0.0094140789658564,
 "variant": "d2",
 "seed": 0,
 "experiment": "A4_dssp",
 "dataset": "shd",
 "per_class_acc": [
  0.22330097087378642,
  0.0,
  0.0,
  0.0,
  0.0,
  0.0,
  0.0,
  0.0,
  0.0,
  0.0,
  0.0,
  0.04132231404958678,
  0.0,
  0.0,
  0.0,
  0.008928571428571428,
  0.3135593220338983,
  0.0,
  0.0,
  0.0
 ],
 "per_class_exit": [
  16.0,
  16.0,
  16.0,
  16.0,
  16.0,
  15.999999046325684,
  15.999999046325684,
  15.999999046325684,
  16.0,
  16.0,
  15.999999046325684,
  15.999999046325684,
  15.999999046325684,
  16.0,
  15.999999046325684,
  16.0,
  16.0,
  15.999999046325684,
  15.999999046325684,
  16.0
 ],
 "exit_hist": [
  0,
  0,
  0,
  0,
  0,
  0,
  0,
  0,
  0,
  0,
  0,
  0,
  0,
  0,
  0,
  0,
  2264
 ]
}