{
 "acc_full_T": 0.14059999585151672,
 "theta_rows": [
  {
   "theta": 0.7,
   "accuracy": 0.14169999957084656,
   "avg_slices": 15.86709976196289,
   "slice_utilization": 0.9916937351226807,
   "exit_rate": 0.019500000402331352,
   "risk_exited": 0.26153846153846155,
   "energy_pj": 6001.653053515625,
   "energy_fixed_order_pj": 6014.238719999999,
   "energy_ratio": 0.9979073550169332,
   "ssp_overhead_frac": 0.0062266500622665,
   "risk_bound_thm1": 0.29700000000000004,
   "bound_satisfied": true
  }
 ],
 "revisit": {
  "revisit_rate": 0.0,
  "distinct_curve": [
   1.0,
   2.0,
   3.0,
   4.0,
   5.0,
   6.0,
   7.0,
   8.0,
   9.0,
   10.0,
   11.0,
   12.0,
   13.0,
   14.0,
   15.0,
   16.0
  ],
  "final_distinct": 16.0
 },
 "drift": {
  "delta_hat": 0.00586638692766428,
  "delta_min_step": -0.002821644302457571,
  "per_step_drift": [
   0.012727867811918259,
   0.018653985112905502,
   0.018435677513480186,
   0.01544009055942297,
   0.011647144332528114,
   0.006771905347704887,
   0.006313834805041552,
   0.0048839920200407505,
   0.002309652976691723,
   -0.000670159119181335,
   -0.0003905805351678282,
   -0.0017567798495292664,
   -0.001594351720996201,
   -0.0019548290874809027,
   -0.002821644302457571
  ],
  "m1_mean": 0.008224861696362495,
  "frac_negative_drift_samples": 0.1087999939918518
 },
 "ece": 0.05501489300583054,
 "aurc": 0.7609281539916992,
 "ssp_param_count": 1920,
 "total_param_count": 73288,
 "ssp_param_frac": 0.026198013317323438,
 "variant": "d64_rank8",
 "seed": 0,
 "experiment": "A4_dssp",
 "dataset": "cifar100",
 "per_class_acc": [
  0.31,
  0.26,
  0.18,
  0.0,
  0.01,
  0.06,
  0.02,
  0.01,
  0.1,
  0.08,
  0.0,
  0.01,
  0.06,
  0.06,
  0.04,
  0.04,
  0.0,
  0.3,
  0.32,
  0.01,
  0.4,
  0.39,
  0.0,
  0.41,
  0.47,
  0.0,
  0.01,
  0.24,
  0.0,
  0.01,
  0.16,
  0.02,
  0.0,
  0.41,
  0.01,
  0.0,
  0.16,
  0.03,
  0.13,
  0.01,
  0.0,
  0.34,
  0.15,
  0.23,
  0.01,
  0.02,
  0.05,
  0.21,
  0.04,
  0.26,
  0.0,
  0.03,
  0.49,
  0.58,
  0.33,
  0.0,
  0.09,
  0.11,
  0.09,
  0.02,
  0.59,
  0.09,
  0.34,
  0.17,
  0.02,
  0.0,
  0.01,
  0.31,
  0.41,
  0.09,
  0.27,
  0.55,
  0.01,
  0.37,
  0.0,
  0.08,
  0.39,
  0.0,
  0.03,
  0.17,
  0.06,
  0.03,
  0.41,
  0.07,
  0.01,
  0.14,
  0.23,
  0.03,
  0.21,
  0.1,
  0.03,
  0.01,
  0.08,
  0.0,
  0.34,
  0.24,
  0.18,
  0.1,
  0.05,
  0.06
 ],
 "per_class_exit": [
  16.0,
  16.0,
  16.0,
  16.0,
  16.0,
  16.0,
  15.719999313354492,
  16.0,
  16.0,
  16.0,
  16.0,
  16.0,
  16.0,
  16.0,
  16.0,
  16.0,
  15.90999984741211,
  16.0,
  16.0,
  15.989999771118164,
  15.929999351501465,
  15.839999198913574,
  15.899999618530273,
  15.799999237060547,
  15.960000038146973,
  16.0,
  15.979999542236328,
  16.0,
  16.0,
  16.0,
  16.0,
  16.0,
  15.90999984741211,
  15.929999351501465,
  16.0,
  16.0,
  16.0,
  15.969999313354492,
  16.0,
  15.969999313354492,
  16.0,
  15.949999809265137,
  16.0,
  16.0,
  15.949999809265137,
  16.0,
  16.0,
  15.649999618530273,
  16.0,
  15.729999542236328,
  16.0,
  16.0,
  15.6899995803833,
  13.949999809265137,
  15.799999237060547,
  16.0,
  16.0,
  15.869999885559082,
  16.0,
  15.920000076293945,
  12.40999984741211,
  15.969999313354492,
  15.639999389648438,
  16.0,
  16.0,
  16.0,
  16.0,
  16.0,
  15.819999694824219,
  16.0,
  16.0,
  15.420000076293945,
  16.0,
  16.0,
  16.0,
  16.0,
  15.25999927520752,
  16.0,
  16.0,
  16.0,
  16.0,
  16.0,
  14.34000015258789,
  15.729999542236328,
  16.0,
  16.0,
  16.0,
  16.0,
  16.0,
  16.0,
  16.0,
  16.0,
  15.729999542236328,
  16.0,
  15.299999237060547,
  16.0,
  15.769999504089355,
  16.0,
  16.0,
  16.0
 ],
 "exit_hist": [
  0,
  0,
  0,
  0,
  7,
  10,
  26,
  23,
  17,
  27,
  20,
  15,
  19,
  15,
  11,
  5,
  9805
 ]
}