{
 "acc_full_T": 0.8500000238418579,
 "theta_rows": [
  {
   "theta": 0.7,
   "accuracy": 0.8583333492279053,
   "avg_slices": 11.320834159851074,
   "slice_utilization": 0.7075521349906921,
   "exit_rate": 0.5125000476837158,
   "risk_exited": 0.0,
   "energy_pj": 1113.506379962158,
   "energy_fixed_order_pj": 1571.38944,
   "energy_ratio": 0.7086126148093231,
   "ssp_overhead_frac": 0.00149655791679138,
   "risk_bound_thm1": 0.26250000000000007,
   "bound_satisfied": true
  }
 ],
 "revisit": {
  "revisit_rate": 0.0,
  "distinct_curve": [
   1.0,
   2.0,
   3.0,
   4.0,
   5.0,
   6.0,
   7.0,
   8.0,
   9.0,
   10.0,
   11.0,
   12.0,
   13.0,
   14.0,
   15.0,
   16.0
  ],
  "final_distinct": 16.0
 },
 "drift": {
  "delta_hat": 0.020951347425580025,
  "delta_min_step": -0.01737884059548378,
  "per_step_drift": [
   0.1379673033952713,
   0.10903818160295486,
   0.026261381804943085,
   0.028432149440050125,
   0.019772227853536606,
   0.009719225578010082,
   0.00593172200024128,
   -0.01737884059548378,
   0.010241140611469746,
   0.01275098230689764,
   -0.01718170754611492,
   -0.0036003601271659136,
   -0.007784598506987095,
   -0.0032026430126279593,
   0.0033040770795196295
  ],
  "m1_mean": 0.17350846529006958,
  "frac_negative_drift_samples": 0.07083334028720856
 },
 "ece": 0.1740309482720112,
 "aurc": 0.030398203060030937,
 "ssp_param_count": 536,
 "total_param_count": 27176,
 "ssp_param_frac": 0.01972328525169267,
 "variant": "d4",
 "seed": 0,
 "experiment": "A4_dssp",
 "dataset": "synthetic",
 "per_class_acc": [
  0.26666666666666666,
  0.7666666666666667,
  1.0,
  1.0,
  0.9333333333333333,
  0.8666666666666667,
  1.0,
  0.9666666666666667
 ],
 "per_class_exit": [
  16.0,
  14.166666984558105,
  9.200000762939453,
  8.600000381469727,
  15.500000953674316,
  16.0,
  6.933333873748779,
  4.1666669845581055
 ],
 "exit_hist": [
  0,
  0,
  1,
  15,
  21,
  11,
  17,
  10,
  12,
  13,
  7,
  4,
  3,
  4,
  3,
  2,
  117
 ]
}