{
 "acc_full_T": 0.40153971314430237,
 "theta_rows": [
  {
   "theta": 0.7,
   "accuracy": 0.40640193223953247,
   "avg_slices": 14.036871910095215,
   "slice_utilization": 0.8773044943809509,
   "exit_rate": 0.21515396237373352,
   "risk_exited": 0.21657250470809794,
   "energy_pj": 10481.559091118164,
   "energy_fixed_order_pj": 11938.037760000001,
   "energy_ratio": 0.8779968116902793,
   "ssp_overhead_frac": 0.0007885191610156126,
   "risk_bound_thm1": 0.29250000000000004,
   "bound_satisfied": true
  }
 ],
 "revisit": {
  "revisit_rate": 0.0,
  "distinct_curve": [
   1.0,
   2.0,
   3.0,
   4.0,
   5.0,
   6.0,
   7.0,
   8.0,
   9.0,
   10.0,
   11.0,
   12.0,
   13.0,
   14.0,
   15.0,
   16.0
  ],
  "final_distinct": 16.0
 },
 "drift": {
  "delta_hat": 0.013926154933869839,
  "delta_min_step": -0.022609686478972435,
  "per_step_drift": [
   0.06317266821861267,
   0.060197602957487106,
   0.05081120505928993,
   0.03689812496304512,
   0.030674291774630547,
   0.019620267674326897,
   0.0105642881244421,
   0.0074545820243656635,
   0.004554137121886015,
   -0.0008672499097883701,
   -0.009231042116880417,
   -0.008931880816817284,
   -0.01651707850396633,
   -0.016897914931178093,
   -0.022609686478972435
  ],
  "m1_mean": 0.03876957297325134,
  "frac_negative_drift_samples": 0.14141005277633667
 },
 "ece": 0.027997561999811252,
 "aurc": 0.3874862790107727,
 "ssp_param_count": 2144,
 "total_param_count": 41520,
 "ssp_param_frac": 0.05163776493256262,
 "variant": "d16",
 "seed": 0,
 "experiment": "A4_dssp",
 "dataset": "modelnet40",
 "per_class_acc": [
  0.95,
  0.0,
  0.34,
  0.05,
  0.89,
  0.67,
  0.0,
  0.03,
  0.85,
  0.15,
  0.0,
  0.4,
  0.011627906976744186,
  0.2,
  0.6162790697674418,
  0.0,
  0.17,
  0.86,
  0.85,
  0.05,
  0.45,
  0.16,
  0.84,
  0.13953488372093023,
  0.3,
  0.04,
  0.17,
  0.0,
  0.0,
  0.0,
  0.82,
  0.0,
  0.0,
  0.38,
  0.05,
  0.5,
  0.36,
  0.71,
  0.05,
  0.0
 ],
 "per_class_exit": [
  3.68999981880188,
  15.75999927520752,
  13.25,
  15.199999809265137,
  7.839999675750732,
  15.219999313354492,
  16.0,
  15.84999942779541,
  11.029999732971191,
  16.0,
  16.0,
  15.550000190734863,
  15.697674751281738,
  16.0,
  16.0,
  15.699999809265137,
  16.0,
  7.21999979019165,
  13.15000057220459,
  12.949999809265137,
  15.65000057220459,
  15.00999927520752,
  14.819999694824219,
  15.802325248718262,
  14.949999809265137,
  15.710000038146973,
  15.269999504089355,
  15.15000057220459,
  15.920000076293945,
  16.0,
  15.269999504089355,
  15.15000057220459,
  13.600000381469727,
  14.329999923706055,
  15.600000381469727,
  16.0,
  15.029999732971191,
  15.779999732971191,
  14.75,
  14.90000057220459
 ],
 "exit_hist": [
  0,
  0,
  11,
  71,
  69,
  58,
  52,
  60,
  59,
  37,
  34,
  36,
  19,
  10,
  6,
  9,
  1937
 ]
}