{
 "acc_full_T": 0.38006481528282166,
 "theta_rows": [
  {
   "theta": 0.7,
   "accuracy": 0.38371148705482483,
   "avg_slices": 14.162479400634766,
   "slice_utilization": 0.8851549625396729,
   "exit_rate": 0.20056726038455963,
   "risk_exited": 0.23636363636363636,
   "energy_pj": 10600.368837734375,
   "energy_fixed_order_pj": 11938.037760000001,
   "energy_ratio": 0.8879490122951642,
   "ssp_overhead_frac": 0.003146633102580239,
   "risk_bound_thm1": 0.29250000000000004,
   "bound_satisfied": true
  }
 ],
 "revisit": {
  "revisit_rate": 0.0,
  "distinct_curve": [
   1.0,
   2.0,
   3.0,
   4.0,
   5.0,
   6.0,
   7.0,
   8.0,
   9.0,
   10.0,
   11.0,
   12.0,
   13.0,
   14.0,
   15.0,
   16.0
  ],
  "final_distinct": 16.0
 },
 "drift": {
  "delta_hat": 0.01383299008011818,
  "delta_min_step": -0.013241883367300034,
  "per_step_drift": [
   0.06255031377077103,
   0.062293294817209244,
   0.04598909243941307,
   0.028810318559408188,
   0.02254505455493927,
   0.016336243599653244,
   0.009602818638086319,
   0.0023902738466858864,
   5.548931585508399e-05,
   -0.0015628833789378405,
   -0.0034139431081712246,
   -0.008680799975991249,
   -0.006399736739695072,
   -0.00977880135178566,
   -0.013241883367300034
  ],
  "m1_mean": 0.044847965240478516,
  "frac_negative_drift_samples": 0.1632901132106781
 },
 "ece": 0.02825717718143439,
 "aurc": 0.41222989559173584,
 "ssp_param_count": 8576,
 "total_param_count": 47952,
 "ssp_param_frac": 0.1788455121788455,
 "variant": "no_dist",
 "seed": 0,
 "experiment": "A3_geometry",
 "dataset": "modelnet40",
 "per_class_acc": [
  0.93,
  0.0,
  0.25,
  0.0,
  0.91,
  0.74,
  0.0,
  0.03,
  0.72,
  0.0,
  0.0,
  0.4,
  0.011627906976744186,
  0.15,
  0.5581395348837209,
  0.0,
  0.23,
  0.99,
  0.7,
  0.05,
  0.4,
  0.1,
  0.76,
  0.16279069767441862,
  0.4,
  0.01,
  0.11,
  0.0,
  0.0,
  0.0,
  0.83,
  0.0,
  0.0,
  0.52,
  0.05,
  0.32,
  0.17,
  0.69,
  0.05,
  0.0
 ],
 "per_class_exit": [
  3.7099997997283936,
  15.779999732971191,
  14.609999656677246,
  15.199999809265137,
  8.029999732971191,
  15.489999771118164,
  16.0,
  15.929999351501465,
  10.219999313354492,
  16.0,
  16.0,
  15.75,
  15.744186401367188,
  16.0,
  16.0,
  15.65000057220459,
  16.0,
  8.4399995803833,
  15.199999809265137,
  13.65000057220459,
  14.949999809265137,
  15.210000038146973,
  15.339999198913574,
  15.872093200683594,
  12.600000381469727,
  15.630000114440918,
  15.199999809265137,
  15.90000057220459,
  15.899999618530273,
  15.550000190734863,
  15.699999809265137,
  14.40000057220459,
  14.050000190734863,
  13.549999237060547,
  15.949999809265137,
  16.0,
  15.1899995803833,
  15.839999198913574,
  15.199999809265137,
  15.449999809265137
 ],
 "exit_hist": [
  0,
  0,
  13,
  70,
  60,
  66,
  49,
  60,
  41,
  41,
  16,
  22,
  15,
  15,
  14,
  13,
  1973
 ]
}