{
 "acc_full_T": 0.8916667103767395,
 "theta_rows": [
  {
   "theta": 0.5,
   "accuracy": 0.9250000715255737,
   "avg_slices": 7.850000381469727,
   "slice_utilization": 0.4906250238418579,
   "exit_rate": 0.8041667342185974,
   "risk_exited": 0.03626943005181347,
   "energy_pj": 789.4513023632812,
   "energy_fixed_order_pj": 1571.38944,
   "energy_ratio": 0.5023906119435811,
   "ssp_overhead_frac": 0.0234192037470726,
   "risk_bound_thm1": 0.4375,
   "bound_satisfied": true
  },
  {
   "theta": 0.7,
   "accuracy": 0.8916667103767395,
   "avg_slices": 13.704167366027832,
   "slice_utilization": 0.8565104603767395,
   "exit_rate": 0.32083335518836975,
   "risk_exited": 0.0,
   "energy_pj": 1378.1875476660155,
   "energy_fixed_order_pj": 1571.38944,
   "energy_ratio": 0.8770502795704262,
   "ssp_overhead_frac": 0.0234192037470726,
   "risk_bound_thm1": 0.26250000000000007,
   "bound_satisfied": true
  },
  {
   "theta": 0.9,
   "accuracy": 0.8916667103767395,
   "avg_slices": 16.0,
   "slice_utilization": 1.0,
   "exit_rate": 0.0,
   "risk_exited": 0.0,
   "energy_pj": 1609.0726399999999,
   "energy_fixed_order_pj": 1571.38944,
   "energy_ratio": 1.023980815347722,
   "ssp_overhead_frac": 0.0234192037470726,
   "risk_bound_thm1": 0.08749999999999998,
   "bound_satisfied": true
  }
 ],
 "revisit": {
  "revisit_rate": 0.0,
  "distinct_curve": [
   1.0,
   2.0,
   3.0,
   4.0,
   5.0,
   6.0,
   7.0,
   8.0,
   9.0,
   10.0,
   11.0,
   12.0,
   13.0,
   14.0,
   15.0,
   16.0
  ],
  "final_distinct": 16.0
 },
 "drift": {
  "delta_hat": 0.019168348982930183,
  "delta_min_step": -0.01817212626338005,
  "per_step_drift": [
   0.10956158488988876,
   0.05709819868206978,
   0.04643484205007553,
   0.027882101014256477,
   0.020140286535024643,
   0.002474600449204445,
   -0.01817212626338005,
   0.03883177787065506,
   0.01275712251663208,
   -0.00518135167658329,
   -0.008658829145133495,
   0.011863728053867817,
   -0.0013399572344496846,
   -0.005277732387185097,
   -0.0008889655582606792
  ],
  "m1_mean": 0.14360201358795166,
  "frac_negative_drift_samples": 0.12916667759418488
 },
 "ece": 0.25351040309043515,
 "aurc": 0.015269322320818901,
 "ssp_param_count": 8576,
 "total_param_count": 35216,
 "ssp_param_frac": 0.24352567014993184,
 "variant": "fixed",
 "seed": 0,
 "experiment": "A5_policy",
 "dataset": "synthetic",
 "per_class_acc": [
  0.7666666666666667,
  0.7333333333333333,
  1.0,
  1.0,
  0.8666666666666667,
  0.8333333333333334,
  0.9333333333333333,
  1.0
 ],
 "per_class_exit": [
  14.766667366027832,
  9.033333778381348,
  4.433333396911621,
  2.8000001907348633,
  10.000000953674316,
  13.033333778381348,
  4.9666666984558105,
  3.766666889190674
 ],
 "exit_hist": [
  0,
  0,
  25,
  37,
  24,
  20,
  26,
  12,
  6,
  7,
  12,
  9,
  4,
  2,
  4,
  5,
  47
 ]
}