{
 "acc_full_T": 0.46639999747276306,
 "theta_rows": [
  {
   "theta": 0.5,
   "accuracy": 0.4712999761104584,
   "avg_slices": 13.224199295043945,
   "slice_utilization": 0.8265124559402466,
   "exit_rate": 0.3889999985694885,
   "risk_exited": 0.3724935732647815,
   "energy_pj": 5001.988849257812,
   "energy_fixed_order_pj": 6014.238719999999,
   "energy_ratio": 0.8316911054135564,
   "ssp_overhead_frac": 0.006226650062266501,
   "risk_bound_thm1": 0.45,
   "bound_satisfied": true
  },
  {
   "theta": 0.7,
   "accuracy": 0.4681999981403351,
   "avg_slices": 15.122099876403809,
   "slice_utilization": 0.945131242275238,
   "exit_rate": 0.147599995136261,
   "risk_exited": 0.23915989159891599,
   "energy_pj": 5719.860482402343,
   "energy_fixed_order_pj": 6014.238719999999,
   "energy_ratio": 0.9510531172268373,
   "ssp_overhead_frac": 0.006226650062266501,
   "risk_bound_thm1": 0.27,
   "bound_satisfied": true
  },
  {
   "theta": 0.9,
   "accuracy": 0.46639999747276306,
   "avg_slices": 15.948699951171875,
   "slice_utilization": 0.9967937469482422,
   "exit_rate": 0.013499999418854713,
   "risk_exited": 0.15555555555555556,
   "energy_pj": 6032.517926875,
   "energy_fixed_order_pj": 6014.238719999999,
   "energy_ratio": 1.0030393218038076,
   "ssp_overhead_frac": 0.0062266500622665,
   "risk_bound_thm1": 0.08999999999999998,
   "bound_satisfied": false
  }
 ],
 "revisit": {
  "revisit_rate": 0.0,
  "distinct_curve": [
   1.0,
   2.0,
   3.0,
   4.0,
   5.0,
   6.0,
   7.0,
   8.0,
   9.0,
   10.0,
   11.0,
   12.0,
   13.0,
   14.0,
   15.0,
   16.0
  ],
  "final_distinct": 16.0
 },
 "drift": {
  "delta_hat": 0.016025906428694725,
  "delta_min_step": 0.002125735627487302,
  "per_step_drift": [
   0.04149530455470085,
   0.03701379895210266,
   0.0321391299366951,
   0.026659948751330376,
   0.020784873515367508,
   0.015113651752471924,
   0.014531138353049755,
   0.012618601322174072,
   0.007853901013731956,
   0.0075631774961948395,
   0.008040660992264748,
   0.002125735627487302,
   0.0067968410439789295,
   0.004687686450779438,
   0.0029641189612448215
  ],
  "m1_mean": 0.04500135779380798,
  "frac_negative_drift_samples": 0.12269999831914902
 },
 "ece": 0.04340431555938122,
 "aurc": 0.38755929470062256,
 "ssp_param_count": 8576,
 "total_param_count": 68244,
 "ssp_param_frac": 0.12566672527987807,
 "variant": "random",
 "seed": 0,
 "experiment": "A5_policy",
 "dataset": "cifar10",
 "per_class_acc": [
  0.501,
  0.607,
  0.289,
  0.302,
  0.357,
  0.402,
  0.578,
  0.519,
  0.602,
  0.507
 ],
 "per_class_exit": [
  11.997000694274902,
  12.42400074005127,
  13.883000373840332,
  15.06100082397461,
  13.245000839233398,
  15.336000442504883,
  12.518000602722168,
  13.193000793457031,
  11.255000114440918,
  13.330000877380371
 ],
 "exit_hist": [
  0,
  0,
  5,
  126,
  273,
  392,
  374,
  366,
  393,
  333,
  315,
  297,
  262,
  267,
  242,
  245,
  6110
 ]
}