{
 "acc_full_T": 0.13490000367164612,
 "theta_rows": [
  {
   "theta": 0.7,
   "accuracy": 0.13660000264644623,
   "avg_slices": 15.874199867248535,
   "slice_utilization": 0.9921374917030334,
   "exit_rate": 0.017799999564886093,
   "risk_exited": 0.24719101123595505,
   "energy_pj": 6004.338633691406,
   "energy_fixed_order_pj": 6014.238719999999,
   "energy_ratio": 0.9983538920269874,
   "ssp_overhead_frac": 0.0062266500622665,
   "risk_bound_thm1": 0.29700000000000004,
   "bound_satisfied": true
  }
 ],
 "revisit": {
  "revisit_rate": 0.0,
  "distinct_curve": [
   1.0,
   2.0,
   3.0,
   4.0,
   5.0,
   6.0,
   7.0,
   8.0,
   9.0,
   10.0,
   11.0,
   12.0,
   13.0,
   14.0,
   15.0,
   16.0
  ],
  "final_distinct": 16.0
 },
 "drift": {
  "delta_hat": 0.005766767542809248,
  "delta_min_step": -0.003421420929953456,
  "per_step_drift": [
   0.011571500450372696,
   0.01867762953042984,
   0.017804326489567757,
   0.015850909054279327,
   0.0102745546028018,
   0.007372933905571699,
   0.00672620814293623,
   0.004786759149283171,
   0.001974928192794323,
   -0.0006715392810292542,
   -1.7782688246370526e-06,
   -0.0002586320915725082,
   -0.0010805964702740312,
   -0.003104269038885832,
   -0.003421420929953456
  ],
  "m1_mean": 0.008750751614570618,
  "frac_negative_drift_samples": 0.11109999567270279
 },
 "ece": 0.05869797472043163,
 "aurc": 0.7701557874679565,
 "ssp_param_count": 8576,
 "total_param_count": 79944,
 "ssp_param_frac": 0.10727509256479535,
 "variant": "no_cy",
 "seed": 0,
 "experiment": "A3_geometry",
 "dataset": "cifar100",
 "per_class_acc": [
  0.25,
  0.32,
  0.23,
  0.0,
  0.0,
  0.12,
  0.02,
  0.0,
  0.09,
  0.06,
  0.0,
  0.0,
  0.03,
  0.04,
  0.03,
  0.05,
  0.01,
  0.17,
  0.33,
  0.03,
  0.37,
  0.34,
  0.0,
  0.42,
  0.53,
  0.02,
  0.0,
  0.27,
  0.02,
  0.0,
  0.16,
  0.01,
  0.0,
  0.33,
  0.01,
  0.0,
  0.13,
  0.01,
  0.13,
  0.03,
  0.0,
  0.26,
  0.11,
  0.3,
  0.0,
  0.03,
  0.09,
  0.22,
  0.07,
  0.21,
  0.01,
  0.02,
  0.48,
  0.49,
  0.27,
  0.01,
  0.07,
  0.13,
  0.05,
  0.01,
  0.54,
  0.11,
  0.34,
  0.17,
  0.02,
  0.0,
  0.0,
  0.28,
  0.36,
  0.11,
  0.24,
  0.51,
  0.0,
  0.39,
  0.02,
  0.09,
  0.35,
  0.0,
  0.06,
  0.15,
  0.05,
  0.01,
  0.4,
  0.11,
  0.02,
  0.17,
  0.18,
  0.07,
  0.16,
  0.1,
  0.03,
  0.0,
  0.09,
  0.01,
  0.32,
  0.2,
  0.2,
  0.08,
  0.06,
  0.1
 ],
 "per_class_exit": [
  16.0,
  15.899999618530273,
  16.0,
  16.0,
  16.0,
  16.0,
  15.699999809265137,
  16.0,
  16.0,
  16.0,
  15.9399995803833,
  16.0,
  16.0,
  16.0,
  16.0,
  15.989999771118164,
  16.0,
  16.0,
  16.0,
  16.0,
  15.899999618530273,
  16.0,
  15.829999923706055,
  15.75999927520752,
  16.0,
  16.0,
  16.0,
  16.0,
  16.0,
  16.0,
  16.0,
  16.0,
  15.920000076293945,
  15.929999351501465,
  16.0,
  16.0,
  16.0,
  15.960000038146973,
  16.0,
  15.9399995803833,
  16.0,
  16.0,
  16.0,
  16.0,
  16.0,
  16.0,
  16.0,
  15.809999465942383,
  16.0,
  15.869999885559082,
  16.0,
  16.0,
  16.0,
  14.34000015258789,
  15.6899995803833,
  16.0,
  16.0,
  15.979999542236328,
  16.0,
  15.929999351501465,
  12.219999313354492,
  16.0,
  15.579999923706055,
  16.0,
  16.0,
  16.0,
  16.0,
  15.949999809265137,
  15.899999618530273,
  16.0,
  16.0,
  15.25,
  16.0,
  16.0,
  16.0,
  16.0,
  15.319999694824219,
  16.0,
  16.0,
  16.0,
  16.0,
  16.0,
  14.40999984741211,
  15.739999771118164,
  16.0,
  16.0,
  16.0,
  16.0,
  16.0,
  16.0,
  16.0,
  16.0,
  15.929999351501465,
  16.0,
  14.989999771118164,
  15.969999313354492,
  16.0,
  16.0,
  15.84999942779541,
  15.920000076293945
 ],
 "exit_hist": [
  0,
  0,
  0,
  1,
  4,
  13,
  21,
  15,
  29,
  29,
  11,
  22,
  13,
  10,
  6,
  4,
  9822
 ]
}