{
 "acc_full_T": 0.39505672454833984,
 "theta_rows": [
  {
   "theta": 0.7,
   "accuracy": 0.40153971314430237,
   "avg_slices": 14.015802383422852,
   "slice_utilization": 0.8759876489639282,
   "exit_rate": 0.2188006490468979,
   "risk_exited": 0.23703703703703705,
   "energy_pj": 10490.583648398437,
   "energy_fixed_order_pj": 11938.037760000001,
   "energy_ratio": 0.8787527614922233,
   "ssp_overhead_frac": 0.0031466331025802393,
   "risk_bound_thm1": 0.29250000000000004,
   "bound_satisfied": true
  }
 ],
 "revisit": {
  "revisit_rate": 0.0,
  "distinct_curve": [
   1.0,
   2.0,
   3.0,
   4.0,
   5.0,
   6.0,
   7.0,
   8.0,
   9.0,
   10.0,
   11.0,
   12.0,
   13.0,
   14.0,
   15.0,
   16.0
  ],
  "final_distinct": 16.0
 },
 "drift": {
  "delta_hat": 0.014210415072739124,
  "delta_min_step": -0.01942169852554798,
  "per_step_drift": [
   0.05927834287285805,
   0.06024506315588951,
   0.04858778044581413,
   0.03926871344447136,
   0.028393706306815147,
   0.020507926121354103,
   0.014416001737117767,
   0.010509260930120945,
   0.0055413260124623775,
   -0.0019661295227706432,
   -0.011836801655590534,
   -0.015112068504095078,
   -0.010459206067025661,
   -0.014795995317399502,
   -0.01942169852554798
  ],
  "m1_mean": 0.03956111893057823,
  "frac_negative_drift_samples": 0.12439221888780594
 },
 "ece": 0.019802940571921945,
 "aurc": 0.40003228187561035,
 "ssp_param_count": 8576,
 "total_param_count": 47952,
 "ssp_param_frac": 0.1788455121788455,
 "variant": "no_spread",
 "seed": 0,
 "experiment": "A3_geometry",
 "dataset": "modelnet40",
 "per_class_acc": [
  0.95,
  0.0,
  0.31,
  0.15,
  0.88,
  0.63,
  0.0,
  0.02,
  0.82,
  0.05,
  0.0,
  0.35,
  0.0,
  0.35,
  0.5232558139534884,
  0.0,
  0.16,
  0.86,
  0.75,
  0.05,
  0.3,
  0.18,
  0.82,
  0.10465116279069768,
  0.35,
  0.02,
  0.17,
  0.0,
  0.0,
  0.0,
  0.75,
  0.05,
  0.0,
  0.45,
  0.05,
  0.6,
  0.37,
  0.7,
  0.15,
  0.0
 ],
 "per_class_exit": [
  3.8299999237060547,
  15.699999809265137,
  13.329999923706055,
  15.25,
  7.309999942779541,
  15.549999237060547,
  16.0,
  15.869999885559082,
  10.889999389648438,
  16.0,
  16.0,
  15.25,
  15.697674751281738,
  16.0,
  16.0,
  16.0,
  16.0,
  7.139999866485596,
  13.050000190734863,
  13.800000190734863,
  15.050000190734863,
  14.619999885559082,
  15.399999618530273,
  15.860465049743652,
  15.100000381469727,
  15.75999927520752,
  15.399999618530273,
  15.75,
  15.819999694824219,
  15.850000381469727,
  14.859999656677246,
  15.350000381469727,
  14.100000381469727,
  14.4399995803833,
  15.75,
  16.0,
  14.559999465942383,
  15.639999389648438,
  14.699999809265137,
  14.699999809265137
 ],
 "exit_hist": [
  0,
  0,
  10,
  67,
  81,
  59,
  49,
  66,
  48,
  43,
  31,
  32,
  18,
  15,
  12,
  9,
  1928
 ]
}