{
 "acc_full_T": 0.5088105797767639,
 "theta_rows": [
  {
   "theta": 0.7,
   "accuracy": 0.5319383144378662,
   "avg_slices": 13.410792350769043,
   "slice_utilization": 0.8381745219230652,
   "exit_rate": 0.2742290496826172,
   "risk_exited": 0.21686746987951808,
   "energy_pj": 10008.133160821533,
   "energy_fixed_order_pj": 11938.037760000001,
   "energy_ratio": 0.838339881479947,
   "ssp_overhead_frac": 0.00019724643970176338,
   "risk_bound_thm1": 0.27,
   "bound_satisfied": true
  }
 ],
 "revisit": {
  "revisit_rate": 0.0,
  "distinct_curve": [
   1.0,
   2.0,
   3.0,
   4.0,
   5.0,
   6.0,
   7.0,
   8.0,
   9.0,
   10.0,
   11.0,
   12.0,
   13.0,
   14.0,
   15.0,
   16.0
  ],
  "final_distinct": 16.0
 },
 "drift": {
  "delta_hat": 0.014336860738694668,
  "delta_min_step": -0.02623886615037918,
  "per_step_drift": [
   0.0882234051823616,
   0.07924242317676544,
   0.045484185218811035,
   0.032242223620414734,
   0.026535015553236008,
   0.012406001798808575,
   0.006208721082657576,
   0.004660341888666153,
   -0.010876155458390713,
   0.0001802239567041397,
   0.0040460005402565,
   -0.0065686060115695,
   -0.017282983288168907,
   -0.023209046572446823,
   -0.02623886615037918
  ],
  "m1_mean": 0.05605762079358101,
  "frac_negative_drift_samples": 0.15088105201721191
 },
 "ece": 0.04533617231246604,
 "aurc": 0.3212507963180542,
 "ssp_param_count": 536,
 "total_param_count": 36012,
 "ssp_param_frac": 0.014883927579695658,
 "variant": "d4",
 "seed": 0,
 "experiment": "A4_dssp",
 "dataset": "modelnet10",
 "per_class_acc": [
  0.0,
  0.15,
  0.82,
  0.0,
  0.7790697674418605,
  0.76,
  0.38372093023255816,
  0.76,
  0.47,
  0.66
 ],
 "per_class_exit": [
  15.179999351501465,
  13.319999694824219,
  6.210000038146973,
  15.279069900512695,
  15.976743698120117,
  11.789999961853027,
  15.720930099487305,
  15.679999351501465,
  11.09000015258789,
  15.6899995803833
 ],
 "exit_hist": [
  0,
  0,
  0,
  26,
  39,
  40,
  42,
  28,
  23,
  17,
  9,
  5,
  6,
  5,
  3,
  6,
  659
 ]
}