{
 "acc_full_T": 0.13199999928474426,
 "theta_rows": [
  {
   "theta": 0.5,
   "accuracy": 0.13679999113082886,
   "avg_slices": 15.595699310302734,
   "slice_utilization": 0.9747312068939209,
   "exit_rate": 0.05040000006556511,
   "risk_exited": 0.3869047619047619,
   "energy_pj": 5898.997157109375,
   "energy_fixed_order_pj": 6014.238719999999,
   "energy_ratio": 0.9808385452829806,
   "ssp_overhead_frac": 0.006226650062266501,
   "risk_bound_thm1": 0.495,
   "bound_satisfied": true
  },
  {
   "theta": 0.7,
   "accuracy": 0.13259999454021454,
   "avg_slices": 15.896899223327637,
   "slice_utilization": 0.9935562014579773,
   "exit_rate": 0.013199999928474426,
   "risk_exited": 0.21212121212121213,
   "energy_pj": 6012.924554355468,
   "energy_fixed_order_pj": 6014.238719999999,
   "energy_ratio": 0.9997814909407967,
   "ssp_overhead_frac": 0.006226650062266501,
   "risk_bound_thm1": 0.29700000000000004,
   "bound_satisfied": true
  },
  {
   "theta": 0.9,
   "accuracy": 0.13199999928474426,
   "avg_slices": 15.99779987335205,
   "slice_utilization": 0.9998624920845032,
   "exit_rate": 0.00039999998989515007,
   "risk_exited": 0.0,
   "energy_pj": 6051.089732832032,
   "energy_fixed_order_pj": 6014.238719999999,
   "energy_ratio": 1.0061272946664865,
   "ssp_overhead_frac": 0.0062266500622665,
   "risk_bound_thm1": 0.09899999999999999,
   "bound_satisfied": true
  }
 ],
 "revisit": {
  "revisit_rate": 0.0,
  "distinct_curve": [
   1.0,
   2.0,
   3.0,
   4.0,
   5.0,
   6.0,
   7.0,
   8.0,
   9.0,
   10.0,
   11.0,
   12.0,
   13.0,
   14.0,
   15.0,
   16.0
  ],
  "final_distinct": 16.0
 },
 "drift": {
  "delta_hat": 0.0050177499651908875,
  "delta_min_step": -0.0026672345120459795,
  "per_step_drift": [
   0.01811726950109005,
   0.018622158095240593,
   0.015042104758322239,
   0.010554077103734016,
   0.008346706628799438,
   0.006478092633187771,
   0.00459294905886054,
   0.003115840023383498,
   0.000864749716129154,
   -0.0012616943567991257,
   -0.0012742565013468266,
   -0.0014839600771665573,
   -0.0026672345120459795,
   -0.00148359767626971,
   -0.002296959515661001
  ],
  "m1_mean": 0.00971368420869112,
  "frac_negative_drift_samples": 0.13379999995231628
 },
 "ece": 0.04866835681930177,
 "aurc": 0.7739630937576294,
 "ssp_param_count": 8640,
 "total_param_count": 80008,
 "ssp_param_frac": 0.10798920107989202,
 "variant": "geometry_only",
 "seed": 0,
 "experiment": "A5_policy",
 "dataset": "cifar100",
 "per_class_acc": [
  0.26,
  0.32,
  0.21,
  0.0,
  0.0,
  0.07,
  0.0,
  0.0,
  0.08,
  0.02,
  0.0,
  0.0,
  0.04,
  0.15,
  0.03,
  0.02,
  0.0,
  0.17,
  0.34,
  0.0,
  0.38,
  0.36,
  0.0,
  0.46,
  0.44,
  0.0,
  0.0,
  0.29,
  0.0,
  0.0,
  0.15,
  0.01,
  0.01,
  0.36,
  0.01,
  0.01,
  0.13,
  0.03,
  0.1,
  0.03,
  0.0,
  0.3,
  0.19,
  0.25,
  0.01,
  0.03,
  0.04,
  0.15,
  0.03,
  0.25,
  0.0,
  0.02,
  0.54,
  0.46,
  0.24,
  0.0,
  0.08,
  0.12,
  0.05,
  0.0,
  0.59,
  0.12,
  0.27,
  0.12,
  0.0,
  0.0,
  0.0,
  0.28,
  0.43,
  0.14,
  0.18,
  0.44,
  0.0,
  0.47,
  0.0,
  0.05,
  0.4,
  0.0,
  0.02,
  0.19,
  0.01,
  0.03,
  0.38,
  0.11,
  0.0,
  0.1,
  0.21,
  0.05,
  0.18,
  0.12,
  0.04,
  0.0,
  0.11,
  0.02,
  0.32,
  0.22,
  0.17,
  0.06,
  0.06,
  0.07
 ],
 "per_class_exit": [
  15.069999694824219,
  15.579999923706055,
  15.899999618530273,
  16.0,
  16.0,
  15.859999656677246,
  14.869999885559082,
  16.0,
  16.0,
  15.699999809265137,
  15.899999618530273,
  15.920000076293945,
  15.979999542236328,
  15.819999694824219,
  15.899999618530273,
  15.899999618530273,
  15.889999389648438,
  15.839999198913574,
  15.809999465942383,
  16.0,
  15.5,
  15.809999465942383,
  15.6899995803833,
  15.549999237060547,
  15.899999618530273,
  15.929999351501465,
  15.829999923706055,
  16.0,
  15.949999809265137,
  16.0,
  15.920000076293945,
  16.0,
  15.929999351501465,
  15.869999885559082,
  15.889999389648438,
  16.0,
  16.0,
  15.829999923706055,
  16.0,
  15.869999885559082,
  15.859999656677246,
  15.859999656677246,
  16.0,
  15.869999885559082,
  15.979999542236328,
  15.859999656677246,
  15.989999771118164,
  15.319999694824219,
  16.0,
  15.239999771118164,
  15.969999313354492,
  15.960000038146973,
  14.15999984741211,
  10.960000038146973,
  14.75999927520752,
  16.0,
  15.969999313354492,
  15.479999542236328,
  15.969999313354492,
  15.619999885559082,
  10.34999942779541,
  15.969999313354492,
  14.149999618530273,
  16.0,
  15.929999351501465,
  15.979999542236328,
  16.0,
  15.869999885559082,
  15.279999732971191,
  15.949999809265137,
  15.479999542236328,
  14.59999942779541,
  15.839999198913574,
  15.9399995803833,
  16.0,
  16.0,
  13.670000076293945,
  16.0,
  16.0,
  15.90999984741211,
  16.0,
  16.0,
  11.09000015258789,
  15.210000038146973,
  15.699999809265137,
  16.0,
  16.0,
  15.960000038146973,
  16.0,
  15.979999542236328,
  15.989999771118164,
  16.0,
  15.029999732971191,
  16.0,
  14.059999465942383,
  15.979999542236328,
  15.469999313354492,
  16.0,
  15.9399995803833,
  16.0
 ],
 "exit_hist": [
  0,
  0,
  0,
  20,
  54,
  56,
  69,
  56,
  48,
  39,
  47,
  31,
  28,
  20,
  23,
  13,
  9496
 ]
}