{
 "acc_full_T": 0.16333332657814026,
 "theta_rows": [
  {
   "theta": 0.7,
   "accuracy": 0.16333332657814026,
   "avg_slices": 1.0,
   "slice_utilization": 0.0625,
   "exit_rate": 1.0,
   "risk_exited": 0.8366666666666667,
   "energy_pj": 191.9488,
   "energy_fixed_order_pj": 3052.3392,
   "energy_ratio": 0.0628858024691358,
   "ssp_overhead_frac": 0.006134969325153374,
   "risk_bound_thm1": 0.27,
   "bound_satisfied": false
  }
 ],
 "revisit": {
  "revisit_rate": 0.0,
  "distinct_curve": [
   1.0,
   2.0,
   3.0,
   4.0,
   5.0,
   6.0,
   7.0,
   8.0,
   9.0,
   10.0,
   11.0,
   12.0,
   13.0,
   14.0,
   15.0,
   16.0
  ],
  "final_distinct": 16.0
 },
 "drift": {
  "delta_hat": 0.016980065032839775,
  "delta_min_step": 4.947185516357422e-06,
  "per_step_drift": [
   0.19901446998119354,
   0.03616124391555786,
   0.010906338691711426,
   0.004365503787994385,
   0.002031981945037842,
   0.0010266304016113281,
   0.000542759895324707,
   0.00029414892196655273,
   0.00016164779663085938,
   8.976459503173828e-05,
   4.9591064453125e-05,
   2.771615982055664e-05,
   1.5616416931152344e-05,
   8.64267349243164e-06,
   4.947185516357422e-06
  ],
  "m1_mean": 0.7326072454452515,
  "frac_negative_drift_samples": 0.0
 },
 "ece": 0.8300488889217377,
 "aurc": 0.5407825708389282,
 "ssp_param_count": 4288,
 "total_param_count": 31188,
 "ssp_param_frac": 0.1374887777350263,
 "variant": "d32",
 "seed": 0,
 "experiment": "A4_dssp",
 "dataset": "nmnist",
 "per_class_acc": [
  1.0,
  0.0,
  0.0,
  0.0,
  0.0,
  0.0,
  0.0,
  0.0,
  0.0,
  0.0
 ],
 "per_class_exit": [
  0.9999999403953552,
  1.0,
  1.0,
  1.0,
  1.0,
  1.0,
  NaN,
  NaN,
  NaN,
  NaN
 ],
 "exit_hist": [
  0,
  6000,
  0,
  0,
  0,
  0,
  0,
  0,
  0,
  0,
  0,
  0,
  0,
  0,
  0,
  0,
  0
 ]
}