{
 "acc_full_T": 0.16333332657814026,
 "theta_rows": [
  {
   "theta": 0.7,
   "accuracy": 0.16333332657814026,
   "avg_slices": 1.0,
   "slice_utilization": 0.0625,
   "exit_rate": 1.0,
   "risk_exited": 0.8366666666666667,
   "energy_pj": 190.8448,
   "energy_fixed_order_pj": 3052.3392,
   "energy_ratio": 0.06252411265432099,
   "ssp_overhead_frac": 0.0003856536829926726,
   "risk_bound_thm1": 0.27,
   "bound_satisfied": false
  }
 ],
 "revisit": {
  "revisit_rate": 0.0,
  "distinct_curve": [
   1.0,
   2.0,
   3.0,
   4.0,
   5.0,
   6.0,
   7.0,
   8.0,
   9.0,
   10.0,
   11.0,
   12.0,
   13.0,
   14.0,
   15.0,
   16.0
  ],
  "final_distinct": 16.0
 },
 "drift": {
  "delta_hat": 0.01696329563856125,
  "delta_min_step": 4.947185516357422e-06,
  "per_step_drift": [
   0.19861753284931183,
   0.036212921142578125,
   0.010950744152069092,
   0.004389464855194092,
   0.0020443201065063477,
   0.0010330677032470703,
   0.0005459785461425781,
   0.00029593706130981445,
   0.00016242265701293945,
   8.988380432128906e-05,
   5.0187110900878906e-05,
   2.7835369110107422e-05,
   1.5497207641601562e-05,
   8.64267349243164e-06,
   4.947185516357422e-06
  ],
  "m1_mean": 0.7326915860176086,
  "frac_negative_drift_samples": 0.0
 },
 "ece": 0.829972892999649,
 "aurc": 0.5407825708389282,
 "ssp_param_count": 268,
 "total_param_count": 27168,
 "ssp_param_frac": 0.009864546525323911,
 "variant": "d2",
 "seed": 0,
 "experiment": "A4_dssp",
 "dataset": "nmnist",
 "per_class_acc": [
  1.0,
  0.0,
  0.0,
  0.0,
  0.0,
  0.0,
  0.0,
  0.0,
  0.0,
  0.0
 ],
 "per_class_exit": [
  0.9999999403953552,
  1.0,
  1.0,
  1.0,
  1.0,
  1.0,
  NaN,
  NaN,
  NaN,
  NaN
 ],
 "exit_hist": [
  0,
  6000,
  0,
  0,
  0,
  0,
  0,
  0,
  0,
  0,
  0,
  0,
  0,
  0,
  0,
  0,
  0
 ]
}