{
 "acc_full_T": 0.14229999482631683,
 "theta_rows": [
  {
   "theta": 0.7,
   "accuracy": 0.1428999900817871,
   "avg_slices": 15.927999496459961,
   "slice_utilization": 0.9954999685287476,
   "exit_rate": 0.011099999770522118,
   "risk_exited": 0.2702702702702703,
   "energy_pj": 6024.688080898437,
   "energy_fixed_order_pj": 6014.238719999999,
   "energy_ratio": 1.0017374370032384,
   "ssp_overhead_frac": 0.006226650062266501,
   "risk_bound_thm1": 0.29700000000000004,
   "bound_satisfied": true
  }
 ],
 "revisit": {
  "revisit_rate": 0.0,
  "distinct_curve": [
   1.0,
   2.0,
   3.0,
   4.0,
   5.0,
   6.0,
   7.0,
   8.0,
   9.0,
   10.0,
   11.0,
   12.0,
   13.0,
   14.0,
   15.0,
   16.0
  ],
  "final_distinct": 16.0
 },
 "drift": {
  "delta_hat": 0.0058400253765285015,
  "delta_min_step": -0.0011670645326375961,
  "per_step_drift": [
   0.01258865837007761,
   0.014447690919041634,
   0.014183785766363144,
   0.011682345531880856,
   0.008521122857928276,
   0.007310287095606327,
   0.005143545567989349,
   0.00437078857794404,
   0.0032048316206783056,
   0.001793104107491672,
   0.000915411626920104,
   0.0013871868140995502,
   0.0021964588668197393,
   0.0010222271084785461,
   -0.0011670645326375961
  ],
  "m1_mean": 0.009753493592143059,
  "frac_negative_drift_samples": 0.12319999933242798
 },
 "ece": 0.05572316786915716,
 "aurc": 0.7554018497467041,
 "ssp_param_count": 8576,
 "total_param_count": 79944,
 "ssp_param_frac": 0.10727509256479535,
 "variant": "only_spread",
 "seed": 0,
 "experiment": "A3_geometry",
 "dataset": "cifar100",
 "per_class_acc": [
  0.4,
  0.31,
  0.09,
  0.0,
  0.0,
  0.09,
  0.0,
  0.0,
  0.07,
  0.07,
  0.0,
  0.0,
  0.03,
  0.1,
  0.05,
  0.05,
  0.0,
  0.23,
  0.38,
  0.01,
  0.22,
  0.46,
  0.0,
  0.53,
  0.52,
  0.02,
  0.0,
  0.2,
  0.0,
  0.0,
  0.12,
  0.04,
  0.0,
  0.33,
  0.01,
  0.0,
  0.22,
  0.0,
  0.1,
  0.0,
  0.0,
  0.25,
  0.21,
  0.33,
  0.01,
  0.02,
  0.04,
  0.22,
  0.0,
  0.27,
  0.0,
  0.0,
  0.53,
  0.64,
  0.35,
  0.0,
  0.11,
  0.17,
  0.04,
  0.0,
  0.61,
  0.14,
  0.44,
  0.2,
  0.01,
  0.0,
  0.0,
  0.32,
  0.36,
  0.12,
  0.26,
  0.45,
  0.0,
  0.53,
  0.04,
  0.04,
  0.35,
  0.0,
  0.02,
  0.19,
  0.02,
  0.02,
  0.48,
  0.09,
  0.01,
  0.17,
  0.13,
  0.02,
  0.13,
  0.04,
  0.01,
  0.0,
  0.05,
  0.0,
  0.52,
  0.19,
  0.21,
  0.02,
  0.09,
  0.11
 ],
 "per_class_exit": [
  15.969999313354492,
  16.0,
  16.0,
  16.0,
  16.0,
  16.0,
  15.589999198913574,
  16.0,
  16.0,
  16.0,
  16.0,
  16.0,
  16.0,
  16.0,
  16.0,
  16.0,
  16.0,
  16.0,
  16.0,
  16.0,
  16.0,
  16.0,
  15.949999809265137,
  15.889999389648438,
  15.979999542236328,
  16.0,
  16.0,
  16.0,
  16.0,
  16.0,
  16.0,
  16.0,
  16.0,
  16.0,
  16.0,
  16.0,
  16.0,
  15.960000038146973,
  16.0,
  15.889999389648438,
  16.0,
  16.0,
  16.0,
  16.0,
  16.0,
  16.0,
  16.0,
  16.0,
  16.0,
  15.920000076293945,
  16.0,
  16.0,
  16.0,
  14.549999237060547,
  16.0,
  16.0,
  16.0,
  15.949999809265137,
  16.0,
  16.0,
  13.739999771118164,
  16.0,
  15.960000038146973,
  16.0,
  16.0,
  16.0,
  16.0,
  16.0,
  16.0,
  15.989999771118164,
  16.0,
  15.880000114440918,
  16.0,
  16.0,
  16.0,
  16.0,
  15.819999694824219,
  16.0,
  16.0,
  16.0,
  16.0,
  16.0,
  14.579999923706055,
  15.699999809265137,
  15.889999389648438,
  16.0,
  16.0,
  16.0,
  16.0,
  16.0,
  16.0,
  16.0,
  15.9399995803833,
  16.0,
  15.670000076293945,
  16.0,
  15.989999771118164,
  16.0,
  15.989999771118164,
  16.0
 ],
 "exit_hist": [
  0,
  0,
  0,
  0,
  1,
  10,
  13,
  8,
  9,
  13,
  14,
  13,
  13,
  5,
  5,
  7,
  9889
 ]
}