{
 "acc_full_T": 0.392070472240448,
 "theta_rows": [
  {
   "theta": 0.5,
   "accuracy": 0.4229074716567993,
   "avg_slices": 11.705946922302246,
   "slice_utilization": 0.7316216826438904,
   "exit_rate": 0.41850218176841736,
   "risk_exited": 0.46578947368421053,
   "energy_pj": 8761.697119628907,
   "energy_fixed_order_pj": 11938.037760000001,
   "energy_ratio": 0.7339310945209229,
   "ssp_overhead_frac": 0.0031466331025802393,
   "risk_bound_thm1": 0.45,
   "bound_satisfied": false
  },
  {
   "theta": 0.7,
   "accuracy": 0.39757707715034485,
   "avg_slices": 14.226871490478516,
   "slice_utilization": 0.8891794681549072,
   "exit_rate": 0.1519823670387268,
   "risk_exited": 0.34782608695652173,
   "energy_pj": 10648.565193984376,
   "energy_fixed_order_pj": 11938.037760000001,
   "energy_ratio": 0.8919862215266083,
   "ssp_overhead_frac": 0.003146633102580239,
   "risk_bound_thm1": 0.27,
   "bound_satisfied": false
  },
  {
   "theta": 0.9,
   "accuracy": 0.3942731022834778,
   "avg_slices": 15.44493293762207,
   "slice_utilization": 0.9653083086013794,
   "exit_rate": 0.06387665122747421,
   "risk_exited": 0.0,
   "energy_pj": 11560.262944179687,
   "energy_fixed_order_pj": 11938.037760000001,
   "energy_ratio": 0.9683553676563079,
   "ssp_overhead_frac": 0.003146633102580239,
   "risk_bound_thm1": 0.08999999999999998,
   "bound_satisfied": true
  }
 ],
 "revisit": {
  "revisit_rate": 0.0,
  "distinct_curve": [
   1.0,
   2.0,
   3.0,
   4.0,
   5.0,
   6.0,
   7.0,
   8.0,
   9.0,
   10.0,
   11.0,
   12.0,
   13.0,
   14.0,
   15.0,
   16.0
  ],
  "final_distinct": 16.0
 },
 "drift": {
  "delta_hat": 0.007881670258939266,
  "delta_min_step": -0.02685999497771263,
  "per_step_drift": [
   0.09241647273302078,
   0.06418628990650177,
   0.030231710523366928,
   0.0007433881983160973,
   -0.010333523154258728,
   -0.002403275342658162,
   -0.004906154703348875,
   0.0014117141254246235,
   0.0007688131299801171,
   0.0014473384944722056,
   0.006432413123548031,
   -0.003767134854570031,
   -0.02685999497771263,
   -0.01757568120956421,
   -0.01356733962893486
  ],
  "m1_mean": 0.08090925216674805,
  "frac_negative_drift_samples": 0.33259910345077515
 },
 "ece": 0.13163573251112948,
 "aurc": 0.5149731636047363,
 "ssp_param_count": 8640,
 "total_param_count": 44116,
 "ssp_param_frac": 0.19584731163296762,
 "variant": "geometry_only",
 "seed": 0,
 "experiment": "A5_policy",
 "dataset": "modelnet10",
 "per_class_acc": [
  0.0,
  0.1,
  0.89,
  0.0,
  0.8488372093023255,
  0.63,
  0.23255813953488372,
  0.52,
  0.09,
  0.4
 ],
 "per_class_exit": [
  12.179999351501465,
  12.469999313354492,
  3.8999998569488525,
  13.732558250427246,
  15.988371849060059,
  11.6899995803833,
  14.302325248718262,
  12.00999927520752,
  6.87999963760376,
  15.389999389648438
 ],
 "exit_hist": [
  0,
  0,
  20,
  160,
  26,
  25,
  17,
  22,
  22,
  16,
  17,
  14,
  19,
  10,
  6,
  6,
  528
 ]
}