{
 "acc_full_T": 0.16333332657814026,
 "theta_rows": [
  {
   "theta": 0.5,
   "accuracy": 0.16333332657814026,
   "avg_slices": 1.0,
   "slice_utilization": 0.0625,
   "exit_rate": 1.0,
   "risk_exited": 0.8366666666666667,
   "energy_pj": 193.1264,
   "energy_fixed_order_pj": 3052.3392,
   "energy_ratio": 0.06327160493827161,
   "ssp_overhead_frac": 0.012195121951219513,
   "risk_bound_thm1": 0.45,
   "bound_satisfied": false
  },
  {
   "theta": 0.7,
   "accuracy": 0.16333332657814026,
   "avg_slices": 1.0,
   "slice_utilization": 0.0625,
   "exit_rate": 1.0,
   "risk_exited": 0.8366666666666667,
   "energy_pj": 193.1264,
   "energy_fixed_order_pj": 3052.3392,
   "energy_ratio": 0.06327160493827161,
   "ssp_overhead_frac": 0.012195121951219513,
   "risk_bound_thm1": 0.27,
   "bound_satisfied": false
  },
  {
   "theta": 0.9,
   "accuracy": 0.16333332657814026,
   "avg_slices": 2.0,
   "slice_utilization": 0.125,
   "exit_rate": 1.0,
   "risk_exited": 0.8366666666666667,
   "energy_pj": 386.2528,
   "energy_fixed_order_pj": 3052.3392,
   "energy_ratio": 0.12654320987654322,
   "ssp_overhead_frac": 0.012195121951219513,
   "risk_bound_thm1": 0.08999999999999998,
   "bound_satisfied": false
  }
 ],
 "revisit": {
  "revisit_rate": 0.0,
  "distinct_curve": [
   1.0,
   2.0,
   3.0,
   4.0,
   5.0,
   6.0,
   7.0,
   8.0,
   9.0,
   10.0,
   11.0,
   12.0,
   13.0,
   14.0,
   15.0,
   16.0
  ],
  "final_distinct": 16.0
 },
 "drift": {
  "delta_hat": 0.016619062051177025,
  "delta_min_step": 4.76837158203125e-06,
  "per_step_drift": [
   0.19464567303657532,
   0.03540617227554321,
   0.010734200477600098,
   0.004307806491851807,
   0.0020061731338500977,
   0.0010131001472473145,
   0.0005342960357666016,
   0.0002893209457397461,
   0.00015854835510253906,
   8.738040924072266e-05,
   4.83393669128418e-05,
   2.7060508728027344e-05,
   1.4841556549072266e-05,
   8.285045623779297e-06,
   4.76837158203125e-06
  ],
  "m1_mean": 0.737923800945282,
  "frac_negative_drift_samples": 0.0
 },
 "ece": 0.8300488889217377,
 "aurc": 0.5407825708389282,
 "ssp_param_count": 8576,
 "total_param_count": 35476,
 "ssp_param_frac": 0.24174089525312886,
 "variant": "random",
 "seed": 0,
 "experiment": "A5_policy",
 "dataset": "nmnist",
 "per_class_acc": [
  1.0,
  0.0,
  0.0,
  0.0,
  0.0,
  0.0,
  0.0,
  0.0,
  0.0,
  0.0
 ],
 "per_class_exit": [
  0.9999999403953552,
  1.0,
  1.0,
  1.0,
  1.0,
  1.0,
  NaN,
  NaN,
  NaN,
  NaN
 ],
 "exit_hist": [
  0,
  6000,
  0,
  0,
  0,
  0,
  0,
  0,
  0,
  0,
  0,
  0,
  0,
  0,
  0,
  0,
  0
 ]
}