{
 "acc_full_T": 0.44689998030662537,
 "theta_rows": [
  {
   "theta": 0.7,
   "accuracy": 0.4567999839782715,
   "avg_slices": 14.532299995422363,
   "slice_utilization": 0.9082687497138977,
   "exit_rate": 0.21799999475479126,
   "risk_exited": 0.25779816513761467,
   "energy_pj": 5496.771555644531,
   "energy_fixed_order_pj": 6014.238719999999,
   "energy_ratio": 0.9139596566669923,
   "ssp_overhead_frac": 0.006226650062266501,
   "risk_bound_thm1": 0.27,
   "bound_satisfied": true
  }
 ],
 "revisit": {
  "revisit_rate": 0.0,
  "distinct_curve": [
   1.0,
   2.0,
   3.0,
   4.0,
   5.0,
   6.0,
   7.0,
   8.0,
   9.0,
   10.0,
   11.0,
   12.0,
   13.0,
   14.0,
   15.0,
   16.0
  ],
  "final_distinct": 16.0
 },
 "drift": {
  "delta_hat": 0.01728774793446064,
  "delta_min_step": -0.0061034332029521465,
  "per_step_drift": [
   0.03845450282096863,
   0.048629309982061386,
   0.043291427195072174,
   0.03466669097542763,
   0.02712901495397091,
   0.021907830610871315,
   0.01869671419262886,
   0.014426645822823048,
   0.009757909923791885,
   0.006709165871143341,
   0.004115155898034573,
   0.0014805665705353022,
   -0.0017636035336181521,
   -0.0020817045588046312,
   -0.0061034332029521465
  ],
  "m1_mean": 0.044135238975286484,
  "frac_negative_drift_samples": 0.11099999397993088
 },
 "ece": 0.07808981329379411,
 "aurc": 0.4057562053203583,
 "ssp_param_count": 8576,
 "total_param_count": 68244,
 "ssp_param_frac": 0.12566672527987807,
 "variant": "no_cx",
 "seed": 0,
 "experiment": "A3_geometry",
 "dataset": "cifar10",
 "per_class_acc": [
  0.607,
  0.512,
  0.341,
  0.339,
  0.402,
  0.319,
  0.518,
  0.439,
  0.588,
  0.404
 ],
 "per_class_exit": [
  14.166000366210938,
  13.845000267028809,
  15.375000953674316,
  15.72800064086914,
  15.097001075744629,
  15.815000534057617,
  13.762001037597656,
  13.974000930786133,
  12.830000877380371,
  14.731000900268555
 ],
 "exit_hist": [
  0,
  0,
  0,
  3,
  89,
  166,
  221,
  210,
  255,
  234,
  229,
  208,
  182,
  161,
  119,
  103,
  7820
 ]
}