{
 "acc_full_T": 0.1356000006198883,
 "theta_rows": [
  {
   "theta": 0.7,
   "accuracy": 0.13679999113082886,
   "avg_slices": 15.87969970703125,
   "slice_utilization": 0.9924812316894531,
   "exit_rate": 0.01769999973475933,
   "risk_exited": 0.22598870056497175,
   "energy_pj": 6006.41892125,
   "energy_fixed_order_pj": 6014.238719999999,
   "energy_ratio": 0.9986997857727204,
   "ssp_overhead_frac": 0.006226650062266501,
   "risk_bound_thm1": 0.29700000000000004,
   "bound_satisfied": true
  }
 ],
 "revisit": {
  "revisit_rate": 0.0,
  "distinct_curve": [
   1.0,
   2.0,
   3.0,
   4.0,
   5.0,
   6.0,
   7.0,
   8.0,
   9.0,
   10.0,
   11.0,
   12.0,
   13.0,
   14.0,
   15.0,
   16.0
  ],
  "final_distinct": 16.0
 },
 "drift": {
  "delta_hat": 0.0058551025576889515,
  "delta_min_step": -0.002797138411551714,
  "per_step_drift": [
   0.011468459852039814,
   0.017868053168058395,
   0.017864719033241272,
   0.015475969761610031,
   0.009666663594543934,
   0.00527156563475728,
   0.006492669694125652,
   0.004894595127552748,
   0.0024603530764579773,
   0.000715198926627636,
   0.001632001018151641,
   -0.0005493476637639105,
   -0.0011966231977567077,
   -0.0014406065456569195,
   -0.002797138411551714
  ],
  "m1_mean": 0.009300353936851025,
  "frac_negative_drift_samples": 0.11539999395608902
 },
 "ece": 0.061594774394524786,
 "aurc": 0.7646665573120117,
 "ssp_param_count": 8576,
 "total_param_count": 79944,
 "ssp_param_frac": 0.10727509256479535,
 "variant": "no_dist",
 "seed": 0,
 "experiment": "A3_geometry",
 "dataset": "cifar100",
 "per_class_acc": [
  0.25,
  0.28,
  0.16,
  0.0,
  0.0,
  0.15,
  0.0,
  0.0,
  0.05,
  0.06,
  0.0,
  0.0,
  0.02,
  0.13,
  0.06,
  0.02,
  0.0,
  0.2,
  0.26,
  0.01,
  0.32,
  0.47,
  0.0,
  0.42,
  0.58,
  0.01,
  0.0,
  0.24,
  0.01,
  0.0,
  0.16,
  0.02,
  0.0,
  0.32,
  0.0,
  0.0,
  0.08,
  0.02,
  0.05,
  0.01,
  0.0,
  0.15,
  0.09,
  0.27,
  0.0,
  0.01,
  0.04,
  0.22,
  0.04,
  0.24,
  0.0,
  0.02,
  0.56,
  0.57,
  0.33,
  0.0,
  0.12,
  0.19,
  0.08,
  0.01,
  0.55,
  0.17,
  0.31,
  0.16,
  0.05,
  0.0,
  0.0,
  0.3,
  0.39,
  0.11,
  0.22,
  0.47,
  0.0,
  0.53,
  0.0,
  0.04,
  0.39,
  0.02,
  0.05,
  0.14,
  0.03,
  0.02,
  0.45,
  0.12,
  0.03,
  0.17,
  0.25,
  0.05,
  0.18,
  0.03,
  0.03,
  0.01,
  0.05,
  0.02,
  0.38,
  0.23,
  0.16,
  0.08,
  0.03,
  0.04
 ],
 "per_class_exit": [
  15.839999198913574,
  15.839999198913574,
  16.0,
  16.0,
  16.0,
  16.0,
  15.84999942779541,
  16.0,
  15.949999809265137,
  16.0,
  16.0,
  16.0,
  16.0,
  16.0,
  16.0,
  16.0,
  16.0,
  16.0,
  16.0,
  16.0,
  15.839999198913574,
  15.779999732971191,
  15.719999313354492,
  15.859999656677246,
  15.9399995803833,
  16.0,
  16.0,
  16.0,
  16.0,
  16.0,
  16.0,
  16.0,
  16.0,
  16.0,
  16.0,
  16.0,
  16.0,
  15.969999313354492,
  16.0,
  15.949999809265137,
  16.0,
  16.0,
  16.0,
  16.0,
  15.960000038146973,
  16.0,
  16.0,
  15.9399995803833,
  16.0,
  15.889999389648438,
  16.0,
  16.0,
  15.920000076293945,
  14.00999927520752,
  15.649999618530273,
  16.0,
  15.960000038146973,
  15.90999984741211,
  16.0,
  15.9399995803833,
  12.960000038146973,
  16.0,
  15.579999923706055,
  16.0,
  16.0,
  16.0,
  16.0,
  15.979999542236328,
  15.729999542236328,
  16.0,
  16.0,
  15.460000038146973,
  16.0,
  16.0,
  16.0,
  16.0,
  15.420000076293945,
  16.0,
  16.0,
  16.0,
  16.0,
  16.0,
  14.489999771118164,
  15.75999927520752,
  16.0,
  16.0,
  16.0,
  16.0,
  16.0,
  16.0,
  16.0,
  16.0,
  15.9399995803833,
  16.0,
  14.979999542236328,
  16.0,
  16.0,
  16.0,
  15.949999809265137,
  16.0
 ],
 "exit_hist": [
  0,
  0,
  0,
  0,
  3,
  9,
  26,
  21,
  16,
  25,
  20,
  13,
  19,
  12,
  6,
  7,
  9823
 ]
}