{
 "acc_full_T": 0.9125000238418579,
 "theta_rows": [
  {
   "theta": 0.7,
   "accuracy": 0.9291667342185974,
   "avg_slices": 10.412500381469727,
   "slice_utilization": 0.6507812738418579,
   "exit_rate": 0.5958333611488342,
   "risk_exited": 0.006993006993006993,
   "energy_pj": 1025.6962615771483,
   "energy_fixed_order_pj": 1571.38944,
   "energy_ratio": 0.6527320570368275,
   "ssp_overhead_frac": 0.002988643156007173,
   "risk_bound_thm1": 0.26250000000000007,
   "bound_satisfied": true
  }
 ],
 "revisit": {
  "revisit_rate": 0.0,
  "distinct_curve": [
   1.0,
   2.0,
   3.0,
   4.0,
   5.0,
   6.0,
   7.0,
   8.0,
   9.0,
   10.0,
   11.0,
   12.0,
   13.0,
   14.0,
   15.0,
   16.0
  ],
  "final_distinct": 16.0
 },
 "drift": {
  "delta_hat": 0.022396303713321686,
  "delta_min_step": -0.021229561418294907,
  "per_step_drift": [
   0.14943985641002655,
   0.10485286265611649,
   0.03619053587317467,
   0.033403974026441574,
   0.03480249270796776,
   0.0007020195480436087,
   0.0028209234587848186,
   -0.006703357677906752,
   0.008895858190953732,
   -0.009369353763759136,
   0.012373403646051884,
   -0.021229561418294907,
   -0.010984444990754128,
   0.01222634594887495,
   -0.011477001942694187
  ],
  "m1_mean": 0.17311078310012817,
  "frac_negative_drift_samples": 0.07083334028720856
 },
 "ece": 0.22546473012921442,
 "aurc": 0.016211995854973793,
 "ssp_param_count": 1072,
 "total_param_count": 27712,
 "ssp_param_frac": 0.03868360277136259,
 "variant": "d8",
 "seed": 0,
 "experiment": "A4_dssp",
 "dataset": "synthetic",
 "per_class_acc": [
  0.6333333333333333,
  0.8666666666666667,
  1.0,
  1.0,
  0.9,
  0.9,
  1.0,
  1.0
 ],
 "per_class_exit": [
  15.033333778381348,
  14.033333778381348,
  6.433333873748779,
  6.000000476837158,
  13.80000114440918,
  16.0,
  8.033333778381348,
  3.9666669368743896
 ],
 "exit_hist": [
  0,
  0,
  3,
  16,
  27,
  25,
  14,
  9,
  11,
  7,
  7,
  9,
  7,
  4,
  3,
  1,
  97
 ]
}