{
 "acc_full_T": 0.04063604399561882,
 "theta_rows": [
  {
   "theta": 0.7,
   "accuracy": 0.04063604399561882,
   "avg_slices": 16.0,
   "slice_utilization": 1.0,
   "exit_rate": 0.0,
   "risk_exited": 0.0,
   "energy_pj": 3055.872,
   "energy_fixed_order_pj": 3052.3392,
   "energy_ratio": 1.0011574074074074,
   "ssp_overhead_frac": 0.0011560693641618498,
   "risk_bound_thm1": 0.28500000000000003,
   "bound_satisfied": true
  }
 ],
 "revisit": {
  "revisit_rate": 0.0,
  "distinct_curve": [
   1.0,
   2.0,
   3.0,
   4.0,
   5.0,
   6.0,
   7.0,
   8.0,
   9.0,
   10.0,
   11.0,
   12.0,
   13.0,
   14.0,
   15.0,
   16.0
  ],
  "final_distinct": 16.0
 },
 "drift": {
  "delta_hat": 0.0017093140631914139,
  "delta_min_step": -0.012618017382919788,
  "per_step_drift": [
   0.019752508029341698,
   0.02093452960252762,
   0.015191981568932533,
   0.007984018884599209,
   0.005279573146253824,
   0.0005762630607932806,
   -0.0007735313847661018,
   -0.002636049874126911,
   -0.0013718524714931846,
   -0.003333322238177061,
   -0.0042062802240252495,
   -0.006573012564331293,
   -0.006557343527674675,
   -0.006009756121784449,
   -0.012618017382919788
  ],
  "m1_mean": 0.015587087720632553,
  "frac_negative_drift_samples": 0.32773852348327637
 },
 "ece": 0.08146993141047354,
 "aurc": 0.9611484408378601,
 "ssp_param_count": 804,
 "total_param_count": 29004,
 "ssp_param_frac": 0.02772031443938767,
 "variant": "d6",
 "seed": 0,
 "experiment": "A4_dssp",
 "dataset": "shd",
 "per_class_acc": [
  0.39805825242718446,
  0.0,
  0.0,
  0.0,
  0.0,
  0.0,
  0.0,
  0.0,
  0.0,
  0.0,
  0.0,
  0.0743801652892562,
  0.0,
  0.0,
  0.0,
  0.0,
  0.3559322033898305,
  0.0,
  0.0,
  0.0
 ],
 "per_class_exit": [
  16.0,
  16.0,
  16.0,
  16.0,
  16.0,
  15.999999046325684,
  15.999999046325684,
  15.999999046325684,
  16.0,
  16.0,
  15.999999046325684,
  15.999999046325684,
  15.999999046325684,
  16.0,
  15.999999046325684,
  16.0,
  16.0,
  15.999999046325684,
  15.999999046325684,
  16.0
 ],
 "exit_hist": [
  0,
  0,
  0,
  0,
  0,
  0,
  0,
  0,
  0,
  0,
  0,
  0,
  0,
  0,
  0,
  0,
  2264
 ]
}