{
 "acc_full_T": 0.446399986743927,
 "theta_rows": [
  {
   "theta": 0.7,
   "accuracy": 0.45559999346733093,
   "avg_slices": 14.513899803161621,
   "slice_utilization": 0.9071187376976013,
   "exit_rate": 0.21899999678134918,
   "risk_exited": 0.23972602739726026,
   "energy_pj": 5464.1744201025385,
   "energy_fixed_order_pj": 6014.238719999999,
   "energy_ratio": 0.9085396630386063,
   "ssp_overhead_frac": 0.0015639662183296842,
   "risk_bound_thm1": 0.27,
   "bound_satisfied": true
  }
 ],
 "revisit": {
  "revisit_rate": 0.0,
  "distinct_curve": [
   1.0,
   2.0,
   3.0,
   4.0,
   5.0,
   6.0,
   7.0,
   8.0,
   9.0,
   10.0,
   11.0,
   12.0,
   13.0,
   14.0,
   15.0,
   16.0
  ],
  "final_distinct": 16.0
 },
 "drift": {
  "delta_hat": 0.017944999039173126,
  "delta_min_step": -0.002847936935722828,
  "per_step_drift": [
   0.04119323194026947,
   0.04886700212955475,
   0.04575856775045395,
   0.036409586668014526,
   0.02423047088086605,
   0.020386695861816406,
   0.016279850155115128,
   0.013278109021484852,
   0.012190026231110096,
   0.0072355191223323345,
   0.0038909900467842817,
   0.004287323914468288,
   0.0005258199525997043,
   -0.0025102810468524694,
   -0.002847936935722828
  ],
  "m1_mean": 0.04267292469739914,
  "frac_negative_drift_samples": 0.10009999573230743
 },
 "ece": 0.08410106185708541,
 "aurc": 0.39960116147994995,
 "ssp_param_count": 2144,
 "total_param_count": 61812,
 "ssp_param_frac": 0.0346858215233288,
 "variant": "d16",
 "seed": 0,
 "experiment": "A4_dssp",
 "dataset": "cifar10",
 "per_class_acc": [
  0.631,
  0.473,
  0.347,
  0.338,
  0.391,
  0.325,
  0.526,
  0.444,
  0.576,
  0.413
 ],
 "per_class_exit": [
  13.988000869750977,
  14.012001037597656,
  15.322000503540039,
  15.717000961303711,
  15.105000495910645,
  15.786001205444336,
  13.523000717163086,
  14.28700065612793,
  12.637001037597656,
  14.762001037597656
 ],
 "exit_hist": [
  0,
  0,
  0,
  3,
  98,
  197,
  213,
  222,
  221,
  251,
  214,
  205,
  167,
  162,
  126,
  111,
  7810
 ]
}