{
 "acc_full_T": 0.39141005277633667,
 "theta_rows": [
  {
   "theta": 0.7,
   "accuracy": 0.3982982039451599,
   "avg_slices": 14.151134490966797,
   "slice_utilization": 0.8844459056854248,
   "exit_rate": 0.20583468675613403,
   "risk_exited": 0.2283464566929134,
   "energy_pj": 10559.590142248535,
   "energy_fixed_order_pj": 11938.037760000001,
   "energy_ratio": 0.8845331497970177,
   "ssp_overhead_frac": 9.86329473497327e-05,
   "risk_bound_thm1": 0.29250000000000004,
   "bound_satisfied": true
  }
 ],
 "revisit": {
  "revisit_rate": 0.0,
  "distinct_curve": [
   1.0,
   2.0,
   3.0,
   4.0,
   5.0,
   6.0,
   7.0,
   8.0,
   9.0,
   10.0,
   11.0,
   12.0,
   13.0,
   14.0,
   15.0,
   16.0
  ],
  "final_distinct": 16.0
 },
 "drift": {
  "delta_hat": 0.012882566079497337,
  "delta_min_step": -0.01858728565275669,
  "per_step_drift": [
   0.05904527008533478,
   0.05968017131090164,
   0.05054768547415733,
   0.03919209912419319,
   0.026972098276019096,
   0.013861286453902721,
   0.010386745445430279,
   0.0089652668684721,
   0.002521091839298606,
   -0.003950259182602167,
   -0.00830755289644003,
   -0.01246420294046402,
   -0.016852423548698425,
   -0.01777149923145771,
   -0.01858728565275669
  ],
  "m1_mean": 0.037371039390563965,
  "frac_negative_drift_samples": 0.13978929817676544
 },
 "ece": 0.017130489360844936,
 "aurc": 0.40220266580581665,
 "ssp_param_count": 268,
 "total_param_count": 39644,
 "ssp_param_frac": 0.006760165472707093,
 "variant": "d2",
 "seed": 0,
 "experiment": "A4_dssp",
 "dataset": "modelnet40",
 "per_class_acc": [
  0.93,
  0.0,
  0.47,
  0.15,
  0.87,
  0.64,
  0.0,
  0.03,
  0.83,
  0.1,
  0.0,
  0.35,
  0.011627906976744186,
  0.25,
  0.6046511627906976,
  0.0,
  0.1,
  0.89,
  0.8,
  0.05,
  0.45,
  0.14,
  0.81,
  0.13953488372093023,
  0.25,
  0.01,
  0.26,
  0.0,
  0.0,
  0.05,
  0.68,
  0.1,
  0.0,
  0.21,
  0.1,
  0.51,
  0.41,
  0.68,
  0.05,
  0.0
 ],
 "per_class_exit": [
  4.179999828338623,
  15.799999237060547,
  14.09000015258789,
  15.850000381469727,
  8.199999809265137,
  14.309999465942383,
  16.0,
  15.949999809265137,
  11.550000190734863,
  16.0,
  16.0,
  15.800000190734863,
  15.709301948547363,
  15.949999809265137,
  16.0,
  15.850000381469727,
  16.0,
  7.359999656677246,
  14.25,
  13.300000190734863,
  15.90000057220459,
  14.920000076293945,
  15.5,
  15.709301948547363,
  14.850000381469727,
  15.5,
  15.429999351501465,
  15.050000190734863,
  16.0,
  16.0,
  15.479999542236328,
  15.0,
  14.300000190734863,
  13.6899995803833,
  16.0,
  16.0,
  15.339999198913574,
  15.799999237060547,
  15.050000190734863,
  15.199999809265137
 ],
 "exit_hist": [
  0,
  0,
  10,
  61,
  64,
  64,
  53,
  45,
  46,
  52,
  31,
  33,
  20,
  10,
  11,
  8,
  1960
 ]
}