{
 "acc_full_T": 0.35494327545166016,
 "theta_rows": [
  {
   "theta": 0.5,
   "accuracy": 0.3610210716724396,
   "avg_slices": 13.295380592346191,
   "slice_utilization": 0.830961287021637,
   "exit_rate": 0.30388978123664856,
   "risk_exited": 0.368,
   "energy_pj": 9951.360501933594,
   "energy_fixed_order_pj": 11938.037760000001,
   "energy_ratio": 0.833584270882185,
   "ssp_overhead_frac": 0.003146633102580239,
   "risk_bound_thm1": 0.4875,
   "bound_satisfied": true
  },
  {
   "theta": 0.7,
   "accuracy": 0.35980549454689026,
   "avg_slices": 14.559157371520996,
   "slice_utilization": 0.9099473357200623,
   "exit_rate": 0.1535656452178955,
   "risk_exited": 0.15303430079155672,
   "energy_pj": 10897.275380878908,
   "energy_fixed_order_pj": 11938.037760000001,
   "energy_ratio": 0.9128196442292796,
   "ssp_overhead_frac": 0.003146633102580239,
   "risk_bound_thm1": 0.29250000000000004,
   "bound_satisfied": true
  },
  {
   "theta": 0.9,
   "accuracy": 0.3561588227748871,
   "avg_slices": 15.57131290435791,
   "slice_utilization": 0.9732070565223694,
   "exit_rate": 0.044570501893758774,
   "risk_exited": 0.07272727272727272,
   "energy_pj": 11654.856145214844,
   "energy_fixed_order_pj": 11938.037760000001,
   "energy_ratio": 0.9762790484937152,
   "ssp_overhead_frac": 0.0031466331025802393,
   "risk_bound_thm1": 0.09749999999999998,
   "bound_satisfied": true
  }
 ],
 "revisit": {
  "revisit_rate": 0.0,
  "distinct_curve": [
   1.0,
   2.0,
   3.0,
   4.0,
   5.0,
   6.0,
   7.0,
   8.0,
   9.0,
   10.0,
   11.0,
   12.0,
   13.0,
   14.0,
   15.0,
   16.0
  ],
  "final_distinct": 16.0
 },
 "drift": {
  "delta_hat": 0.014210737310349941,
  "delta_min_step": -0.0032031687442213297,
  "per_step_drift": [
   0.053827546536922455,
   0.04463250935077667,
   0.03215999901294708,
   0.027435757219791412,
   0.019777381792664528,
   0.013815228827297688,
   0.0084472531452775,
   0.005930120125412941,
   0.004530245903879404,
   0.0020961561240255833,
   0.00024091964587569237,
   0.00010368058428866789,
   -0.0012980110477656126,
   0.0046654376201331615,
   -0.0032031687442213297
  ],
  "m1_mean": 0.045232634991407394,
  "frac_negative_drift_samples": 0.13857373595237732
 },
 "ece": 0.07079475964857207,
 "aurc": 0.4262935519218445,
 "ssp_param_count": 8576,
 "total_param_count": 47952,
 "ssp_param_frac": 0.1788455121788455,
 "variant": "fixed",
 "seed": 0,
 "experiment": "A5_policy",
 "dataset": "modelnet40",
 "per_class_acc": [
  0.96,
  0.0,
  0.17,
  0.05,
  0.92,
  0.69,
  0.0,
  0.0,
  0.69,
  0.0,
  0.0,
  0.2,
  0.0,
  0.35,
  0.6162790697674418,
  0.0,
  0.0,
  0.93,
  0.75,
  0.0,
  0.0,
  0.08,
  0.73,
  0.12790697674418605,
  0.05,
  0.0,
  0.03,
  0.0,
  0.0,
  0.0,
  0.92,
  0.0,
  0.0,
  0.37,
  0.0,
  0.55,
  0.11,
  0.69,
  0.0,
  0.0
 ],
 "per_class_exit": [
  3.059999942779541,
  15.279999732971191,
  15.579999923706055,
  14.100000381469727,
  6.75,
  14.15999984741211,
  16.0,
  15.549999237060547,
  7.480000019073486,
  15.350000381469727,
  15.600000381469727,
  14.449999809265137,
  15.662790298461914,
  13.90000057220459,
  16.0,
  14.949999809265137,
  15.969999313354492,
  4.429999828338623,
  13.300000190734863,
  10.300000190734863,
  14.449999809265137,
  14.210000038146973,
  14.9399995803833,
  15.593023300170898,
  13.350000381469727,
  14.519999504089355,
  14.049999237060547,
  13.800000190734863,
  15.0,
  15.800000190734863,
  13.729999542236328,
  14.199999809265137,
  10.050000190734863,
  14.309999465942383,
  15.300000190734863,
  16.0,
  14.5,
  14.84999942779541,
  14.25,
  14.65000057220459
 ],
 "exit_hist": [
  0,
  0,
  79,
  111,
  86,
  53,
  57,
  39,
  52,
  52,
  43,
  36,
  43,
  33,
  35,
  31,
  1718
 ]
}