{
 "acc_full_T": 0.492290735244751,
 "theta_rows": [
  {
   "theta": 0.7,
   "accuracy": 0.4911894202232361,
   "avg_slices": 13.68061637878418,
   "slice_utilization": 0.8550385236740112,
   "exit_rate": 0.30066078901290894,
   "risk_exited": 0.32234432234432236,
   "energy_pj": 10239.702769570313,
   "energy_fixed_order_pj": 11938.037760000001,
   "energy_ratio": 0.8577375089128811,
   "ssp_overhead_frac": 0.003146633102580239,
   "risk_bound_thm1": 0.27,
   "bound_satisfied": false
  }
 ],
 "revisit": {
  "revisit_rate": 0.0,
  "distinct_curve": [
   1.0,
   2.0,
   3.0,
   4.0,
   5.0,
   6.0,
   7.0,
   8.0,
   9.0,
   10.0,
   11.0,
   12.0,
   13.0,
   14.0,
   15.0,
   16.0
  ],
  "final_distinct": 16.0
 },
 "drift": {
  "delta_hat": 0.018399998545646667,
  "delta_min_step": -0.008925927802920341,
  "per_step_drift": [
   0.08483489602804184,
   0.06709914654493332,
   0.047970615327358246,
   0.04036892578005791,
   0.028979454189538956,
   0.011095849797129631,
   0.01683008298277855,
   -0.002557756844907999,
   -0.008925927802920341,
   -0.007842052727937698,
   0.013372073881328106,
   -0.002022875240072608,
   -0.008369984105229378,
   -0.003457025857642293,
   -0.0013754667015746236
  ],
  "m1_mean": 0.06690279394388199,
  "frac_negative_drift_samples": 0.13436122238636017
 },
 "ece": 0.056617248268235665,
 "aurc": 0.3082064986228943,
 "ssp_param_count": 8576,
 "total_param_count": 44052,
 "ssp_param_frac": 0.19467901570870788,
 "variant": "no_cz",
 "seed": 0,
 "experiment": "A3_geometry",
 "dataset": "modelnet10",
 "per_class_acc": [
  0.0,
  0.43,
  0.83,
  0.0,
  0.7558139534883721,
  0.75,
  0.16279069767441862,
  0.53,
  0.66,
  0.48
 ],
 "per_class_exit": [
  12.960000038146973,
  15.089999198913574,
  5.960000038146973,
  15.279069900512695,
  15.906976699829102,
  13.84000015258789,
  15.39534854888916,
  15.289999961853027,
  12.59999942779541,
  14.899999618530273
 ],
 "exit_hist": [
  0,
  0,
  12,
  28,
  24,
  19,
  26,
  15,
  19,
  26,
  17,
  16,
  12,
  18,
  23,
  18,
  635
 ]
}