{
 "acc_full_T": 0.1396999955177307,
 "theta_rows": [
  {
   "theta": 0.7,
   "accuracy": 0.14100000262260437,
   "avg_slices": 15.873199462890625,
   "slice_utilization": 0.9920749664306641,
   "exit_rate": 0.017500000074505806,
   "risk_exited": 0.2057142857142857,
   "energy_pj": 5967.743943730468,
   "energy_fixed_order_pj": 6014.238719999999,
   "energy_ratio": 0.992269216698214,
   "ssp_overhead_frac": 0.00019576367409263536,
   "risk_bound_thm1": 0.29700000000000004,
   "bound_satisfied": true
  }
 ],
 "revisit": {
  "revisit_rate": 0.0,
  "distinct_curve": [
   1.0,
   2.0,
   3.0,
   4.0,
   5.0,
   6.0,
   7.0,
   8.0,
   9.0,
   10.0,
   11.0,
   12.0,
   13.0,
   14.0,
   15.0,
   16.0
  ],
  "final_distinct": 16.0
 },
 "drift": {
  "delta_hat": 0.005778603721410036,
  "delta_min_step": -0.0023573054932057858,
  "per_step_drift": [
   0.012612754479050636,
   0.018162161111831665,
   0.01899283565580845,
   0.013870839960873127,
   0.009861467406153679,
   0.007719614077359438,
   0.005242972634732723,
   0.004738517105579376,
   0.002016306621953845,
   0.0012045507319271564,
   -0.0001561078242957592,
   -0.0018370288889855146,
   -0.0015526640927419066,
   -0.0023573054932057858,
   -0.0018398669781163335
  ],
  "m1_mean": 0.008262255229055882,
  "frac_negative_drift_samples": 0.10869999974966049
 },
 "ece": 0.054236950408628276,
 "aurc": 0.7654060125350952,
 "ssp_param_count": 268,
 "total_param_count": 71636,
 "ssp_param_frac": 0.003741135741805796,
 "variant": "d2",
 "seed": 0,
 "experiment": "A4_dssp",
 "dataset": "cifar100",
 "per_class_acc": [
  0.19,
  0.35,
  0.17,
  0.0,
  0.0,
  0.11,
  0.0,
  0.0,
  0.08,
  0.05,
  0.0,
  0.0,
  0.05,
  0.12,
  0.05,
  0.02,
  0.0,
  0.27,
  0.32,
  0.01,
  0.37,
  0.4,
  0.0,
  0.49,
  0.47,
  0.03,
  0.0,
  0.22,
  0.0,
  0.02,
  0.16,
  0.04,
  0.0,
  0.37,
  0.0,
  0.0,
  0.21,
  0.01,
  0.12,
  0.04,
  0.0,
  0.21,
  0.25,
  0.29,
  0.01,
  0.03,
  0.05,
  0.18,
  0.05,
  0.24,
  0.0,
  0.02,
  0.53,
  0.56,
  0.37,
  0.0,
  0.09,
  0.16,
  0.08,
  0.03,
  0.54,
  0.14,
  0.3,
  0.18,
  0.01,
  0.0,
  0.01,
  0.3,
  0.38,
  0.14,
  0.18,
  0.46,
  0.0,
  0.33,
  0.0,
  0.09,
  0.37,
  0.0,
  0.07,
  0.15,
  0.04,
  0.02,
  0.42,
  0.1,
  0.01,
  0.11,
  0.22,
  0.06,
  0.24,
  0.11,
  0.05,
  0.01,
  0.1,
  0.01,
  0.36,
  0.22,
  0.18,
  0.04,
  0.06,
  0.07
 ],
 "per_class_exit": [
  15.899999618530273,
  15.920000076293945,
  16.0,
  15.920000076293945,
  16.0,
  16.0,
  15.880000114440918,
  16.0,
  16.0,
  16.0,
  16.0,
  16.0,
  16.0,
  15.929999351501465,
  16.0,
  15.969999313354492,
  16.0,
  15.9399995803833,
  16.0,
  15.979999542236328,
  15.920000076293945,
  15.899999618530273,
  15.889999389648438,
  15.789999961853027,
  16.0,
  16.0,
  16.0,
  16.0,
  16.0,
  16.0,
  16.0,
  16.0,
  16.0,
  16.0,
  16.0,
  16.0,
  16.0,
  15.979999542236328,
  16.0,
  15.889999389648438,
  16.0,
  16.0,
  16.0,
  15.929999351501465,
  15.960000038146973,
  16.0,
  16.0,
  15.6899995803833,
  16.0,
  15.829999923706055,
  16.0,
  16.0,
  15.869999885559082,
  13.559999465942383,
  15.899999618530273,
  16.0,
  16.0,
  15.929999351501465,
  16.0,
  16.0,
  12.929999351501465,
  16.0,
  15.34999942779541,
  16.0,
  16.0,
  16.0,
  16.0,
  16.0,
  16.0,
  16.0,
  16.0,
  15.65999984741211,
  16.0,
  16.0,
  16.0,
  16.0,
  15.219999313354492,
  16.0,
  16.0,
  16.0,
  16.0,
  16.0,
  14.449999809265137,
  15.670000076293945,
  16.0,
  16.0,
  16.0,
  15.929999351501465,
  16.0,
  15.920000076293945,
  16.0,
  16.0,
  15.920000076293945,
  16.0,
  14.789999961853027,
  16.0,
  16.0,
  16.0,
  16.0,
  16.0
 ],
 "exit_hist": [
  0,
  0,
  0,
  0,
  2,
  16,
  26,
  19,
  26,
  25,
  15,
  16,
  10,
  8,
  8,
  4,
  9825
 ]
}