{
 "acc_full_T": 0.047703180462121964,
 "theta_rows": [
  {
   "theta": 0.7,
   "accuracy": 0.047703180462121964,
   "avg_slices": 16.0,
   "slice_utilization": 1.0,
   "exit_rate": 0.0,
   "risk_exited": 0.0,
   "energy_pj": 3090.0224,
   "energy_fixed_order_pj": 3052.3392,
   "energy_ratio": 1.0123456790123457,
   "ssp_overhead_frac": 0.012195121951219513,
   "risk_bound_thm1": 0.28500000000000003,
   "bound_satisfied": true
  }
 ],
 "revisit": {
  "revisit_rate": 0.0,
  "distinct_curve": [
   1.0,
   2.0,
   3.0,
   4.0,
   5.0,
   6.0,
   7.0,
   8.0,
   9.0,
   10.0,
   11.0,
   12.0,
   13.0,
   14.0,
   15.0,
   16.0
  ],
  "final_distinct": 16.0
 },
 "drift": {
  "delta_hat": 0.0016745373141020536,
  "delta_min_step": -0.008967487141489983,
  "per_step_drift": [
   0.014290355145931244,
   0.015828333795070648,
   0.01409254502505064,
   0.010380888357758522,
   0.0058254580944776535,
   0.0017007001442834735,
   3.999878390459344e-05,
   -0.0017909730086103082,
   -0.002066918183118105,
   -0.004321492742747068,
   -0.003880439791828394,
   -0.006931171752512455,
   -0.005217521917074919,
   -0.0038642147555947304,
   -0.008967487141489983
  ],
  "m1_mean": 0.014579552225768566,
  "frac_negative_drift_samples": 0.2968197762966156
 },
 "ece": 0.07222492245686127,
 "aurc": 0.9506658315658569,
 "ssp_param_count": 8576,
 "total_param_count": 36776,
 "ssp_param_frac": 0.2331955623232543,
 "variant": "no_count",
 "seed": 0,
 "experiment": "A3_geometry",
 "dataset": "shd",
 "per_class_acc": [
  0.0,
  0.0,
  0.0,
  0.0,
  0.0,
  0.0,
  0.03669724770642202,
  0.0,
  0.0,
  0.5145631067961165,
  0.0,
  0.09917355371900827,
  0.049586776859504134,
  0.0,
  0.017391304347826087,
  0.0,
  0.2627118644067797,
  0.0,
  0.0,
  0.0
 ],
 "per_class_exit": [
  16.0,
  16.0,
  16.0,
  16.0,
  16.0,
  15.999999046325684,
  15.999999046325684,
  15.999999046325684,
  16.0,
  16.0,
  15.999999046325684,
  15.999999046325684,
  15.999999046325684,
  16.0,
  15.999999046325684,
  16.0,
  16.0,
  15.999999046325684,
  15.999999046325684,
  16.0
 ],
 "exit_hist": [
  0,
  0,
  0,
  0,
  0,
  0,
  0,
  0,
  0,
  0,
  0,
  0,
  0,
  0,
  0,
  0,
  2264
 ]
}