{
 "acc_full_T": 0.36952999234199524,
 "theta_rows": [
  {
   "theta": 0.7,
   "accuracy": 0.3715559244155884,
   "avg_slices": 14.315640449523926,
   "slice_utilization": 0.8947275280952454,
   "exit_rate": 0.1782820075750351,
   "risk_exited": 0.20909090909090908,
   "energy_pj": 10715.00721169922,
   "energy_fixed_order_pj": 11938.037760000001,
   "energy_ratio": 0.8975517942824147,
   "ssp_overhead_frac": 0.003146633102580239,
   "risk_bound_thm1": 0.29250000000000004,
   "bound_satisfied": true
  }
 ],
 "revisit": {
  "revisit_rate": 0.0,
  "distinct_curve": [
   1.0,
   2.0,
   3.0,
   4.0,
   5.0,
   6.0,
   7.0,
   8.0,
   9.0,
   10.0,
   11.0,
   12.0,
   13.0,
   14.0,
   15.0,
   16.0
  ],
  "final_distinct": 16.0
 },
 "drift": {
  "delta_hat": 0.012586427852511406,
  "delta_min_step": -0.01893538050353527,
  "per_step_drift": [
   0.056672774255275726,
   0.05630043148994446,
   0.04472217336297035,
   0.03646416962146759,
   0.02592952363193035,
   0.01826077699661255,
   0.013590095564723015,
   0.007514121942222118,
   0.0014596140244975686,
   -0.003927165642380714,
   -0.006794568616896868,
   -0.008493051864206791,
   -0.015605779364705086,
   -0.01893538050353527,
   -0.01836131513118744
  ],
  "m1_mean": 0.038898345082998276,
  "frac_negative_drift_samples": 0.14951378107070923
 },
 "ece": 0.036680194312538175,
 "aurc": 0.4193778932094574,
 "ssp_param_count": 8576,
 "total_param_count": 47952,
 "ssp_param_frac": 0.1788455121788455,
 "variant": "no_centroid",
 "seed": 0,
 "experiment": "A3_geometry",
 "dataset": "modelnet40",
 "per_class_acc": [
  0.94,
  0.0,
  0.41,
  0.1,
  0.88,
  0.59,
  0.0,
  0.0,
  0.82,
  0.1,
  0.0,
  0.4,
  0.0,
  0.2,
  0.3372093023255814,
  0.0,
  0.2,
  0.89,
  0.9,
  0.0,
  0.2,
  0.16,
  0.8,
  0.08139534883720931,
  0.25,
  0.0,
  0.1,
  0.0,
  0.0,
  0.0,
  0.61,
  0.05,
  0.0,
  0.3,
  0.0,
  0.6,
  0.32,
  0.67,
  0.15,
  0.0
 ],
 "per_class_exit": [
  4.059999942779541,
  15.799999237060547,
  15.489999771118164,
  15.25,
  7.559999942779541,
  15.799999237060547,
  16.0,
  16.0,
  11.920000076293945,
  16.0,
  16.0,
  15.550000190734863,
  15.95348834991455,
  15.699999809265137,
  16.0,
  15.850000381469727,
  16.0,
  7.440000057220459,
  14.15000057220459,
  13.949999809265137,
  15.65000057220459,
  14.769999504089355,
  15.889999389648438,
  16.0,
  14.850000381469727,
  15.699999809265137,
  15.5,
  15.600000381469727,
  16.0,
  16.0,
  15.289999961853027,
  15.15000057220459,
  14.0,
  14.719999313354492,
  16.0,
  16.0,
  14.989999771118164,
  15.789999961853027,
  15.050000190734863,
  15.5
 ],
 "exit_hist": [
  0,
  0,
  13,
  66,
  72,
  48,
  46,
  41,
  35,
  27,
  36,
  23,
  10,
  12,
  9,
  2,
  2028
 ]
}