{
 "acc_full_T": 0.4292999804019928,
 "theta_rows": [
  {
   "theta": 0.5,
   "accuracy": 0.45479997992515564,
   "avg_slices": 12.844900131225586,
   "slice_utilization": 0.8028062582015991,
   "exit_rate": 0.41749998927116394,
   "risk_exited": 0.361437125748503,
   "energy_pj": 4858.520791523438,
   "energy_fixed_order_pj": 6014.238719999999,
   "energy_ratio": 0.8078363726013587,
   "ssp_overhead_frac": 0.0062266500622665,
   "risk_bound_thm1": 0.45,
   "bound_satisfied": true
  },
  {
   "theta": 0.7,
   "accuracy": 0.4351999759674072,
   "avg_slices": 14.870899200439453,
   "slice_utilization": 0.9294312000274658,
   "exit_rate": 0.1711999922990799,
   "risk_exited": 0.24941588785046728,
   "energy_pj": 5624.8450525781245,
   "energy_fixed_order_pj": 6014.238719999999,
   "energy_ratio": 0.9352547037870365,
   "ssp_overhead_frac": 0.006226650062266501,
   "risk_bound_thm1": 0.27,
   "bound_satisfied": true
  },
  {
   "theta": 0.9,
   "accuracy": 0.4291999936103821,
   "avg_slices": 15.89109992980957,
   "slice_utilization": 0.9931937456130981,
   "exit_rate": 0.02279999852180481,
   "risk_exited": 0.14912280701754385,
   "energy_pj": 6010.730999882812,
   "energy_fixed_order_pj": 6014.238719999999,
   "energy_ratio": 0.9994167640693207,
   "ssp_overhead_frac": 0.006226650062266501,
   "risk_bound_thm1": 0.08999999999999998,
   "bound_satisfied": false
  }
 ],
 "revisit": {
  "revisit_rate": 0.0,
  "distinct_curve": [
   1.0,
   2.0,
   3.0,
   4.0,
   5.0,
   6.0,
   7.0,
   8.0,
   9.0,
   10.0,
   11.0,
   12.0,
   13.0,
   14.0,
   15.0,
   16.0
  ],
  "final_distinct": 16.0
 },
 "drift": {
  "delta_hat": 0.016175035387277603,
  "delta_min_step": -0.002188596408814192,
  "per_step_drift": [
   0.037402573972940445,
   0.04618402570486069,
   0.03977381810545921,
   0.03317856788635254,
   0.02356082946062088,
   0.019713453948497772,
   0.014039946720004082,
   0.013035229407250881,
   0.009777122177183628,
   0.006778587121516466,
   0.003504873486235738,
   -2.7468060579849407e-05,
   -0.0005800706567242742,
   -0.002188596408814192,
   -0.0015273959143087268
  ],
  "m1_mean": 0.04067789018154144,
  "frac_negative_drift_samples": 0.10529999434947968
 },
 "ece": 0.0770098659266068,
 "aurc": 0.42825984954833984,
 "ssp_param_count": 8576,
 "total_param_count": 68244,
 "ssp_param_frac": 0.12566672527987807,
 "variant": "ssp",
 "seed": 0,
 "experiment": "A5_policy",
 "dataset": "cifar10",
 "per_class_acc": [
  0.619,
  0.482,
  0.339,
  0.31,
  0.376,
  0.324,
  0.488,
  0.41,
  0.556,
  0.389
 ],
 "per_class_exit": [
  11.825000762939453,
  11.955000877380371,
  13.774001121520996,
  14.938000679016113,
  13.321001052856445,
  15.10300064086914,
  11.972000122070312,
  12.232000350952148,
  10.538000106811523,
  12.791000366210938
 ],
 "exit_hist": [
  0,
  0,
  2,
  133,
  355,
  482,
  481,
  428,
  379,
  396,
  333,
  267,
  265,
  251,
  217,
  186,
  5825
 ]
}