{
 "acc_full_T": 0.06581272184848785,
 "theta_rows": [
  {
   "theta": 0.7,
   "accuracy": 0.06581272184848785,
   "avg_slices": 16.0,
   "slice_utilization": 1.0,
   "exit_rate": 0.0,
   "risk_exited": 0.0,
   "energy_pj": 3054.6944,
   "energy_fixed_order_pj": 3052.3392,
   "energy_ratio": 1.0007716049382716,
   "ssp_overhead_frac": 0.0007710100231303007,
   "risk_bound_thm1": 0.28500000000000003,
   "bound_satisfied": true
  }
 ],
 "revisit": {
  "revisit_rate": 0.0,
  "distinct_curve": [
   1.0,
   2.0,
   3.0,
   4.0,
   5.0,
   6.0,
   7.0,
   8.0,
   9.0,
   10.0,
   11.0,
   12.0,
   13.0,
   14.0,
   15.0,
   16.0
  ],
  "final_distinct": 16.0
 },
 "drift": {
  "delta_hat": 0.002594690304249525,
  "delta_min_step": -0.007007543463259935,
  "per_step_drift": [
   0.01702062226831913,
   0.016097651794552803,
   0.011398850940167904,
   0.006561890710145235,
   0.004883668851107359,
   0.0013451740378513932,
   0.00036103581078350544,
   0.0006942846230231225,
   -0.0007144453120417893,
   0.00040634581819176674,
   -0.0010529328137636185,
   -0.003565798746421933,
   -0.003236441407352686,
   -0.0042720059864223,
   -0.007007543463259935
  ],
  "m1_mean": 0.012668721377849579,
  "frac_negative_drift_samples": 0.1603356897830963
 },
 "ece": 0.06995010609052567,
 "aurc": 0.9355217814445496,
 "ssp_param_count": 536,
 "total_param_count": 28736,
 "ssp_param_frac": 0.018652561247216037,
 "variant": "d4",
 "seed": 0,
 "experiment": "A4_dssp",
 "dataset": "shd",
 "per_class_acc": [
  0.0,
  0.0,
  0.0,
  0.0,
  0.0,
  0.0,
  0.44036697247706424,
  0.0,
  0.0,
  0.0,
  0.0,
  0.03305785123966942,
  0.0,
  0.0,
  0.0,
  0.0,
  0.0,
  0.8016528925619835,
  0.0,
  0.0
 ],
 "per_class_exit": [
  16.0,
  16.0,
  16.0,
  16.0,
  16.0,
  15.999999046325684,
  15.999999046325684,
  15.999999046325684,
  16.0,
  16.0,
  15.999999046325684,
  15.999999046325684,
  15.999999046325684,
  16.0,
  15.999999046325684,
  16.0,
  16.0,
  15.999999046325684,
  15.999999046325684,
  16.0
 ],
 "exit_hist": [
  0,
  0,
  0,
  0,
  0,
  0,
  0,
  0,
  0,
  0,
  0,
  0,
  0,
  0,
  0,
  0,
  2264
 ]
}