{
 "acc_full_T": 0.16333332657814026,
 "theta_rows": [
  {
   "theta": 0.7,
   "accuracy": 0.16333332657814026,
   "avg_slices": 1.0,
   "slice_utilization": 0.0625,
   "exit_rate": 1.0,
   "risk_exited": 0.8366666666666667,
   "energy_pj": 193.1264,
   "energy_fixed_order_pj": 3052.3392,
   "energy_ratio": 0.06327160493827161,
   "ssp_overhead_frac": 0.012195121951219513,
   "risk_bound_thm1": 0.27,
   "bound_satisfied": false
  }
 ],
 "revisit": {
  "revisit_rate": 0.0,
  "distinct_curve": [
   1.0,
   2.0,
   3.0,
   4.0,
   5.0,
   6.0,
   7.0,
   8.0,
   9.0,
   10.0,
   11.0,
   12.0,
   13.0,
   14.0,
   15.0,
   16.0
  ],
  "final_distinct": 16.0
 },
 "drift": {
  "delta_hat": 0.01681414060294628,
  "delta_min_step": 4.76837158203125e-06,
  "per_step_drift": [
   0.1969936043024063,
   0.03582203760743141,
   0.010832547210156918,
   0.004341065883636475,
   0.002020716667175293,
   0.0010200738906860352,
   0.0005382895469665527,
   0.0002913475036621094,
   0.00015985965728759766,
   8.83340835571289e-05,
   4.875659942626953e-05,
   2.7239322662353516e-05,
   1.5139579772949219e-05,
   8.344650268554688e-06,
   4.76837158203125e-06
  ],
  "m1_mean": 0.7349675893783569,
  "frac_negative_drift_samples": 0.0
 },
 "ece": 0.8300061523914337,
 "aurc": 0.5407825708389282,
 "ssp_param_count": 8576,
 "total_param_count": 35476,
 "ssp_param_frac": 0.24174089525312886,
 "variant": "no_dist",
 "seed": 0,
 "experiment": "A3_geometry",
 "dataset": "nmnist",
 "per_class_acc": [
  1.0,
  0.0,
  0.0,
  0.0,
  0.0,
  0.0,
  0.0,
  0.0,
  0.0,
  0.0
 ],
 "per_class_exit": [
  0.9999999403953552,
  1.0,
  1.0,
  1.0,
  1.0,
  1.0,
  NaN,
  NaN,
  NaN,
  NaN
 ],
 "exit_hist": [
  0,
  6000,
  0,
  0,
  0,
  0,
  0,
  0,
  0,
  0,
  0,
  0,
  0,
  0,
  0,
  0,
  0
 ]
}