{
 "acc_full_T": 0.8791667222976685,
 "theta_rows": [
  {
   "theta": 0.7,
   "accuracy": 0.8791667222976685,
   "avg_slices": 12.266667366027832,
   "slice_utilization": 0.7666667103767395,
   "exit_rate": 0.4750000238418579,
   "risk_exited": 0.0,
   "energy_pj": 1233.6224276660155,
   "energy_fixed_order_pj": 1571.38944,
   "energy_ratio": 0.7850520031915293,
   "ssp_overhead_frac": 0.023419203747072605,
   "risk_bound_thm1": 0.26250000000000007,
   "bound_satisfied": true
  }
 ],
 "revisit": {
  "revisit_rate": 0.0,
  "distinct_curve": [
   1.0,
   2.0,
   3.0,
   4.0,
   5.0,
   6.0,
   7.0,
   8.0,
   9.0,
   10.0,
   11.0,
   12.0,
   13.0,
   14.0,
   15.0,
   16.0
  ],
  "final_distinct": 16.0
 },
 "drift": {
  "delta_hat": 0.01890513487160206,
  "delta_min_step": -0.022334713488817215,
  "per_step_drift": [
   0.11014636605978012,
   0.10602150857448578,
   0.0416378453373909,
   0.035273727029561996,
   0.007755207363516092,
   0.01864747144281864,
   -0.013184931129217148,
   0.011097836308181286,
   -0.014622261747717857,
   -0.001606083009392023,
   0.021120987832546234,
   -0.022334713488817215,
   0.0003143662179354578,
   -0.007310847751796246,
   -0.009379480965435505
  ],
  "m1_mean": 0.1572951376438141,
  "frac_negative_drift_samples": 0.09166666865348816
 },
 "ece": 0.23483032341474186,
 "aurc": 0.025911375880241394,
 "ssp_param_count": 8576,
 "total_param_count": 35216,
 "ssp_param_frac": 0.24352567014993184,
 "variant": "d64",
 "seed": 0,
 "experiment": "A4_dssp",
 "dataset": "synthetic",
 "per_class_acc": [
  0.6333333333333333,
  0.7333333333333333,
  1.0,
  1.0,
  0.8333333333333334,
  0.8333333333333334,
  1.0,
  1.0
 ],
 "per_class_exit": [
  16.0,
  15.40000057220459,
  11.40000057220459,
  8.266667366027832,
  15.766667366027832,
  16.0,
  9.700000762939453,
  5.600000381469727
 ],
 "exit_hist": [
  0,
  0,
  0,
  6,
  11,
  10,
  9,
  19,
  8,
  11,
  15,
  5,
  6,
  8,
  5,
  1,
  126
 ]
}