{
 "acc_full_T": 0.14729999005794525,
 "theta_rows": [
  {
   "theta": 0.7,
   "accuracy": 0.1485999971628189,
   "avg_slices": 15.882299423217773,
   "slice_utilization": 0.9926437139511108,
   "exit_rate": 0.017999999225139618,
   "risk_exited": 0.24444444444444444,
   "energy_pj": 6007.402251210937,
   "energy_fixed_order_pj": 6014.238719999999,
   "energy_ratio": 0.9988632860936616,
   "ssp_overhead_frac": 0.006226650062266501,
   "risk_bound_thm1": 0.29700000000000004,
   "bound_satisfied": true
  }
 ],
 "revisit": {
  "revisit_rate": 0.0,
  "distinct_curve": [
   1.0,
   2.0,
   3.0,
   4.0,
   5.0,
   6.0,
   7.0,
   8.0,
   9.0,
   10.0,
   11.0,
   12.0,
   13.0,
   14.0,
   15.0,
   16.0
  ],
  "final_distinct": 16.0
 },
 "drift": {
  "delta_hat": 0.005766050424426794,
  "delta_min_step": -0.003985507879406214,
  "per_step_drift": [
   0.012456774711608887,
   0.017640970647335052,
   0.0177384614944458,
   0.015050155110657215,
   0.011483301408588886,
   0.00810765940696001,
   0.005690836347639561,
   0.003519282443448901,
   0.0022396647837013006,
   0.0004943456151522696,
   0.00022521676146425307,
   -0.0009145449148491025,
   -0.0010558065259829164,
   -0.002200058661401272,
   -0.003985507879406214
  ],
  "m1_mean": 0.008973154239356518,
  "frac_negative_drift_samples": 0.11919999867677689
 },
 "ece": 0.04646957266148505,
 "aurc": 0.7444005012512207,
 "ssp_param_count": 8576,
 "total_param_count": 79944,
 "ssp_param_frac": 0.10727509256479535,
 "variant": "no_centroid",
 "seed": 0,
 "experiment": "A3_geometry",
 "dataset": "cifar100",
 "per_class_acc": [
  0.35,
  0.3,
  0.22,
  0.0,
  0.01,
  0.16,
  0.04,
  0.01,
  0.1,
  0.06,
  0.0,
  0.0,
  0.05,
  0.07,
  0.07,
  0.04,
  0.0,
  0.29,
  0.31,
  0.02,
  0.31,
  0.43,
  0.01,
  0.53,
  0.52,
  0.03,
  0.0,
  0.19,
  0.03,
  0.01,
  0.12,
  0.0,
  0.0,
  0.45,
  0.0,
  0.0,
  0.2,
  0.01,
  0.1,
  0.0,
  0.0,
  0.23,
  0.15,
  0.31,
  0.0,
  0.03,
  0.01,
  0.28,
  0.08,
  0.31,
  0.01,
  0.02,
  0.44,
  0.48,
  0.29,
  0.0,
  0.08,
  0.15,
  0.06,
  0.0,
  0.56,
  0.19,
  0.28,
  0.24,
  0.01,
  0.01,
  0.0,
  0.29,
  0.4,
  0.19,
  0.26,
  0.47,
  0.0,
  0.46,
  0.01,
  0.08,
  0.39,
  0.0,
  0.09,
  0.2,
  0.04,
  0.03,
  0.43,
  0.07,
  0.0,
  0.13,
  0.2,
  0.03,
  0.29,
  0.11,
  0.04,
  0.01,
  0.06,
  0.04,
  0.53,
  0.2,
  0.2,
  0.07,
  0.06,
  0.09
 ],
 "per_class_exit": [
  16.0,
  16.0,
  16.0,
  15.920000076293945,
  16.0,
  16.0,
  15.880000114440918,
  16.0,
  16.0,
  16.0,
  15.929999351501465,
  16.0,
  16.0,
  15.899999618530273,
  16.0,
  16.0,
  16.0,
  16.0,
  16.0,
  16.0,
  15.869999885559082,
  15.90999984741211,
  15.789999961853027,
  15.889999389648438,
  15.920000076293945,
  16.0,
  15.949999809265137,
  16.0,
  16.0,
  16.0,
  16.0,
  16.0,
  16.0,
  15.869999885559082,
  16.0,
  16.0,
  16.0,
  15.979999542236328,
  16.0,
  15.880000114440918,
  16.0,
  16.0,
  16.0,
  16.0,
  16.0,
  15.979999542236328,
  16.0,
  15.90999984741211,
  16.0,
  15.65999984741211,
  16.0,
  16.0,
  15.829999923706055,
  14.469999313354492,
  15.719999313354492,
  16.0,
  16.0,
  15.989999771118164,
  16.0,
  16.0,
  13.210000038146973,
  16.0,
  15.75999927520752,
  16.0,
  16.0,
  16.0,
  16.0,
  16.0,
  15.819999694824219,
  16.0,
  16.0,
  15.210000038146973,
  16.0,
  15.979999542236328,
  16.0,
  16.0,
  15.489999771118164,
  16.0,
  16.0,
  16.0,
  16.0,
  16.0,
  14.40999984741211,
  15.699999809265137,
  15.899999618530273,
  16.0,
  16.0,
  16.0,
  16.0,
  16.0,
  16.0,
  16.0,
  15.75,
  16.0,
  14.839999198913574,
  16.0,
  15.90999984741211,
  16.0,
  16.0,
  16.0
 ],
 "exit_hist": [
  0,
  0,
  0,
  1,
  5,
  8,
  17,
  20,
  22,
  20,
  18,
  20,
  16,
  17,
  11,
  5,
  9820
 ]
}