{
 "acc_full_T": 0.3918152153491974,
 "theta_rows": [
  {
   "theta": 0.7,
   "accuracy": 0.39586707949638367,
   "avg_slices": 14.044164657592773,
   "slice_utilization": 0.8777602910995483,
   "exit_rate": 0.2135332226753235,
   "risk_exited": 0.23908918406072105,
   "energy_pj": 10511.812315976562,
   "energy_fixed_order_pj": 11938.037760000001,
   "energy_ratio": 0.8805309990891301,
   "ssp_overhead_frac": 0.0031466331025802393,
   "risk_bound_thm1": 0.29250000000000004,
   "bound_satisfied": true
  }
 ],
 "revisit": {
  "revisit_rate": 0.0,
  "distinct_curve": [
   1.0,
   2.0,
   3.0,
   4.0,
   5.0,
   6.0,
   7.0,
   8.0,
   9.0,
   10.0,
   11.0,
   12.0,
   13.0,
   14.0,
   15.0,
   16.0
  ],
  "final_distinct": 16.0
 },
 "drift": {
  "delta_hat": 0.013659387826919556,
  "delta_min_step": -0.02100181393325329,
  "per_step_drift": [
   0.05806529149413109,
   0.059443071484565735,
   0.04969670623540878,
   0.039045486599206924,
   0.026964252814650536,
   0.02383408509194851,
   0.01004630047827959,
   0.0055649313144385815,
   0.0042726825922727585,
   -0.0032601850107312202,
   -0.003404805902391672,
   -0.011113468557596207,
   -0.014042209833860397,
   -0.02100181393325329,
   -0.019219519570469856
  ],
  "m1_mean": 0.0406777448952198,
  "frac_negative_drift_samples": 0.13452187180519104
 },
 "ece": 0.020332276371229904,
 "aurc": 0.40247946977615356,
 "ssp_param_count": 8576,
 "total_param_count": 47952,
 "ssp_param_frac": 0.1788455121788455,
 "variant": "no_cy",
 "seed": 0,
 "experiment": "A3_geometry",
 "dataset": "modelnet40",
 "per_class_acc": [
  0.94,
  0.0,
  0.42,
  0.1,
  0.88,
  0.64,
  0.0,
  0.06,
  0.87,
  0.1,
  0.0,
  0.35,
  0.011627906976744186,
  0.25,
  0.6395348837209303,
  0.0,
  0.09,
  0.88,
  0.9,
  0.0,
  0.3,
  0.16,
  0.82,
  0.12790697674418605,
  0.4,
  0.03,
  0.1,
  0.0,
  0.0,
  0.0,
  0.7,
  0.0,
  0.0,
  0.32,
  0.0,
  0.56,
  0.37,
  0.66,
  0.1,
  0.0
 ],
 "per_class_exit": [
  3.819999933242798,
  15.59999942779541,
  14.039999961853027,
  15.350000381469727,
  7.199999809265137,
  15.630000114440918,
  16.0,
  15.809999465942383,
  11.039999961853027,
  16.0,
  16.0,
  15.15000057220459,
  15.965116500854492,
  16.0,
  16.0,
  15.65000057220459,
  16.0,
  6.96999979019165,
  13.800000190734863,
  13.600000381469727,
  14.600000381469727,
  14.739999771118164,
  15.210000038146973,
  15.802325248718262,
  15.0,
  15.489999771118164,
  15.50999927520752,
  15.699999809265137,
  15.829999923706055,
  16.0,
  14.929999351501465,
  14.949999809265137,
  14.25,
  14.630000114440918,
  15.90000057220459,
  16.0,
  14.359999656677246,
  15.779999732971191,
  14.949999809265137,
  14.800000190734863
 ],
 "exit_hist": [
  0,
  0,
  11,
  77,
  67,
  66,
  57,
  50,
  40,
  49,
  26,
  27,
  20,
  21,
  9,
  7,
  1941
 ]
}