{
 "acc_full_T": 0.07376325130462646,
 "theta_rows": [
  {
   "theta": 0.7,
   "accuracy": 0.07376325130462646,
   "avg_slices": 16.0,
   "slice_utilization": 1.0,
   "exit_rate": 0.0,
   "risk_exited": 0.0,
   "energy_pj": 3090.0224,
   "energy_fixed_order_pj": 3052.3392,
   "energy_ratio": 1.0123456790123457,
   "ssp_overhead_frac": 0.012195121951219513,
   "risk_bound_thm1": 0.28500000000000003,
   "bound_satisfied": true
  }
 ],
 "revisit": {
  "revisit_rate": 0.0,
  "distinct_curve": [
   1.0,
   2.0,
   3.0,
   4.0,
   5.0,
   6.0,
   7.0,
   8.0,
   9.0,
   10.0,
   11.0,
   12.0,
   13.0,
   14.0,
   15.0,
   16.0
  ],
  "final_distinct": 16.0
 },
 "drift": {
  "delta_hat": 0.0026772015262395144,
  "delta_min_step": -0.008592437952756882,
  "per_step_drift": [
   0.020346419885754585,
   0.014871809631586075,
   0.010816053487360477,
   0.00787462666630745,
   0.005790010094642639,
   0.0015745320124551654,
   -0.003995195496827364,
   -0.0036078186240047216,
   -0.0038514137268066406,
   -0.0023636985570192337,
   0.00032874714815989137,
   0.00337354582734406,
   0.002638506004586816,
   -0.005045661702752113,
   -0.008592437952756882
  ],
  "m1_mean": 0.01618373394012451,
  "frac_negative_drift_samples": 0.11749116331338882
 },
 "ece": 0.07920397378064292,
 "aurc": 0.9255231022834778,
 "ssp_param_count": 8576,
 "total_param_count": 36776,
 "ssp_param_frac": 0.2331955623232543,
 "variant": "only_spread",
 "seed": 0,
 "experiment": "A3_geometry",
 "dataset": "shd",
 "per_class_acc": [
  0.6796116504854369,
  0.0,
  0.0,
  0.0,
  0.0,
  0.0,
  0.8899082568807339,
  0.0,
  0.0,
  0.0,
  0.0,
  0.0,
  0.0,
  0.0,
  0.0,
  0.0,
  0.0,
  0.0,
  0.0,
  0.0
 ],
 "per_class_exit": [
  16.0,
  16.0,
  16.0,
  16.0,
  16.0,
  15.999999046325684,
  15.999999046325684,
  15.999999046325684,
  16.0,
  16.0,
  15.999999046325684,
  15.999999046325684,
  15.999999046325684,
  16.0,
  15.999999046325684,
  16.0,
  16.0,
  15.999999046325684,
  15.999999046325684,
  16.0
 ],
 "exit_hist": [
  0,
  0,
  0,
  0,
  0,
  0,
  0,
  0,
  0,
  0,
  0,
  0,
  0,
  0,
  0,
  0,
  2264
 ]
}