{
 "acc_full_T": 0.4092382490634918,
 "theta_rows": [
  {
   "theta": 0.5,
   "accuracy": 0.41004860401153564,
   "avg_slices": 12.285250663757324,
   "slice_utilization": 0.7678281664848328,
   "exit_rate": 0.33914101123809814,
   "risk_exited": 0.35842293906810035,
   "energy_pj": 9195.295867050781,
   "energy_fixed_order_pj": 11938.037760000001,
   "energy_ratio": 0.7702518665053025,
   "ssp_overhead_frac": 0.003146633102580239,
   "risk_bound_thm1": 0.4875,
   "bound_satisfied": true
  },
  {
   "theta": 0.7,
   "accuracy": 0.41045379638671875,
   "avg_slices": 13.899918556213379,
   "slice_utilization": 0.8687449097633362,
   "exit_rate": 0.20056726038455963,
   "risk_exited": 0.22626262626262628,
   "energy_pj": 10403.846624746095,
   "energy_fixed_order_pj": 11938.037760000001,
   "energy_ratio": 0.8714871601098113,
   "ssp_overhead_frac": 0.003146633102580239,
   "risk_bound_thm1": 0.29250000000000004,
   "bound_satisfied": true
  },
  {
   "theta": 0.9,
   "accuracy": 0.4092382490634918,
   "avg_slices": 15.346029281616211,
   "slice_utilization": 0.9591268301010132,
   "exit_rate": 0.06442463397979736,
   "risk_exited": 0.12578616352201258,
   "energy_pj": 11486.235282539064,
   "energy_fixed_order_pj": 11938.037760000001,
   "energy_ratio": 0.9621543769132008,
   "ssp_overhead_frac": 0.003146633102580239,
   "risk_bound_thm1": 0.09749999999999998,
   "bound_satisfied": false
  }
 ],
 "revisit": {
  "revisit_rate": 0.8000152111053467,
  "distinct_curve": [
   1.0,
   1.9854133129119873,
   2.5619935989379883,
   2.829821825027466,
   2.9720420837402344,
   3.045786142349243,
   3.1012966632843018,
   3.1300647258758545,
   3.151944875717163,
   3.169367790222168,
   3.1799027919769287,
   3.187601327896118,
   3.190842866897583,
   3.1944894790649414,
   3.1981360912323,
   3.1997568607330322
  ],
  "final_distinct": 3.1997568607330322
 },
 "drift": {
  "delta_hat": 0.01776195503771305,
  "delta_min_step": -0.001326297759078443,
  "per_step_drift": [
   0.0740056112408638,
   0.062345199286937714,
   0.04523602873086929,
   0.02493559755384922,
   0.021632909774780273,
   0.013910729438066483,
   0.007527260109782219,
   0.005301340017467737,
   0.005403348244726658,
   0.0024871169589459896,
   0.000593787815887481,
   0.002237743465229869,
   0.0004864913644269109,
   0.0016524572856724262,
   -0.001326297759078443
  ],
  "m1_mean": 0.06811336427927017,
  "frac_negative_drift_samples": 0.13573743402957916
 },
 "ece": 0.08049234320716395,
 "aurc": 0.3884340226650238,
 "ssp_param_count": 8576,
 "total_param_count": 47952,
 "ssp_param_frac": 0.1788455121788455,
 "variant": "mask_off",
 "seed": 0,
 "experiment": "A2_masking",
 "dataset": "modelnet40",
 "per_class_acc": [
  0.94,
  0.0,
  0.32,
  0.0,
  0.89,
  0.83,
  0.0,
  0.01,
  0.8,
  0.1,
  0.0,
  0.1,
  0.011627906976744186,
  0.7,
  0.7558139534883721,
  0.0,
  0.03,
  0.76,
  0.55,
  0.1,
  0.15,
  0.62,
  0.66,
  0.11627906976744186,
  0.0,
  0.07,
  0.48,
  0.0,
  0.0,
  0.0,
  0.72,
  0.0,
  0.0,
  0.66,
  0.0,
  0.47,
  0.06,
  0.63,
  0.25,
  0.0
 ],
 "per_class_exit": [
  3.129999876022339,
  14.119999885559082,
  13.670000076293945,
  14.5,
  6.139999866485596,
  8.729999542236328,
  13.550000190734863,
  13.9399995803833,
  8.90999984741211,
  12.25,
  12.449999809265137,
  14.25,
  15.162790298461914,
  16.0,
  15.802325248718262,
  11.0,
  15.84999942779541,
  3.9099998474121094,
  11.90000057220459,
  13.199999809265137,
  14.25,
  15.0,
  12.460000038146973,
  15.825581550598145,
  13.199999809265137,
  13.649999618530273,
  12.889999389648438,
  14.350000381469727,
  15.34999942779541,
  13.25,
  11.010000228881836,
  12.350000381469727,
  13.600000381469727,
  14.699999809265137,
  13.5,
  15.449999809265137,
  12.319999694824219,
  10.369999885559082,
  15.300000190734863,
  13.199999809265137
 ],
 "exit_hist": [
  0,
  8,
  159,
  159,
  128,
  98,
  75,
  56,
  37,
  33,
  32,
  15,
  7,
  13,
  9,
  8,
  1631
 ]
}