{
 "acc_full_T": 0.4510999917984009,
 "theta_rows": [
  {
   "theta": 0.7,
   "accuracy": 0.4585999846458435,
   "avg_slices": 14.59179973602295,
   "slice_utilization": 0.9119874835014343,
   "exit_rate": 0.20589999854564667,
   "risk_exited": 0.26954832442933463,
   "energy_pj": 5519.277042167969,
   "energy_fixed_order_pj": 6014.238719999999,
   "energy_ratio": 0.9177016907915436,
   "ssp_overhead_frac": 0.006226650062266501,
   "risk_bound_thm1": 0.27,
   "bound_satisfied": true
  }
 ],
 "revisit": {
  "revisit_rate": 0.0,
  "distinct_curve": [
   1.0,
   2.0,
   3.0,
   4.0,
   5.0,
   6.0,
   7.0,
   8.0,
   9.0,
   10.0,
   11.0,
   12.0,
   13.0,
   14.0,
   15.0,
   16.0
  ],
  "final_distinct": 16.0
 },
 "drift": {
  "delta_hat": 0.01645847037434578,
  "delta_min_step": -0.008615135215222836,
  "per_step_drift": [
   0.03828787803649902,
   0.04633672535419464,
   0.04131234064698219,
   0.03581720590591431,
   0.02781650237739086,
   0.02429317496716976,
   0.016237996518611908,
   0.012687327340245247,
   0.010283520445227623,
   0.006014794111251831,
   0.0030243857763707638,
   0.000540760054718703,
   -0.0026777866296470165,
   -0.004482659976929426,
   -0.008615135215222836
  ],
  "m1_mean": 0.044169455766677856,
  "frac_negative_drift_samples": 0.11379999667406082
 },
 "ece": 0.06344022670528426,
 "aurc": 0.4041835367679596,
 "ssp_param_count": 8576,
 "total_param_count": 68244,
 "ssp_param_frac": 0.12566672527987807,
 "variant": "no_centroid",
 "seed": 0,
 "experiment": "A3_geometry",
 "dataset": "cifar10",
 "per_class_acc": [
  0.617,
  0.512,
  0.378,
  0.35,
  0.426,
  0.292,
  0.539,
  0.378,
  0.596,
  0.423
 ],
 "per_class_exit": [
  14.213000297546387,
  14.087000846862793,
  15.345000267028809,
  15.715001106262207,
  14.97700023651123,
  15.777000427246094,
  13.869000434875488,
  14.155000686645508,
  12.961000442504883,
  14.819000244140625
 ],
 "exit_hist": [
  0,
  0,
  0,
  8,
  64,
  171,
  211,
  245,
  236,
  226,
  203,
  196,
  156,
  129,
  121,
  93,
  7941
 ]
}