{
 "acc_full_T": 0.3776337206363678,
 "theta_rows": [
  {
   "theta": 0.7,
   "accuracy": 0.3833063244819641,
   "avg_slices": 14.078605651855469,
   "slice_utilization": 0.8799128532409668,
   "exit_rate": 0.21515396237373352,
   "risk_exited": 0.24105461393596986,
   "energy_pj": 10506.505238251953,
   "energy_fixed_order_pj": 11938.037760000001,
   "energy_ratio": 0.8800864471592987,
   "ssp_overhead_frac": 0.00019724643970176335,
   "risk_bound_thm1": 0.29250000000000004,
   "bound_satisfied": true
  }
 ],
 "revisit": {
  "revisit_rate": 0.0,
  "distinct_curve": [
   1.0,
   2.0,
   3.0,
   4.0,
   5.0,
   6.0,
   7.0,
   8.0,
   9.0,
   10.0,
   11.0,
   12.0,
   13.0,
   14.0,
   15.0,
   16.0
  ],
  "final_distinct": 16.0
 },
 "drift": {
  "delta_hat": 0.01336202584207058,
  "delta_min_step": -0.01823016069829464,
  "per_step_drift": [
   0.059456657618284225,
   0.059023577719926834,
   0.047174736857414246,
   0.03912285342812538,
   0.02870570868253708,
   0.01794995181262493,
   0.011347180232405663,
   0.008901813067495823,
   0.0013172542676329613,
   -0.0037606460973620415,
   -0.01068783737719059,
   -0.011361921206116676,
   -0.015376055613160133,
   -0.013152713887393475,
   -0.01823016069829464
  ],
  "m1_mean": 0.039657559245824814,
  "frac_negative_drift_samples": 0.13857373595237732
 },
 "ece": 0.022591128136736166,
 "aurc": 0.4161001443862915,
 "ssp_param_count": 536,
 "total_param_count": 39912,
 "ssp_param_frac": 0.013429544998997796,
 "variant": "d4",
 "seed": 0,
 "experiment": "A4_dssp",
 "dataset": "modelnet40",
 "per_class_acc": [
  0.97,
  0.0,
  0.3,
  0.1,
  0.87,
  0.59,
  0.0,
  0.01,
  0.77,
  0.15,
  0.0,
  0.4,
  0.0,
  0.35,
  0.5116279069767442,
  0.0,
  0.17,
  0.87,
  0.8,
  0.0,
  0.3,
  0.15,
  0.84,
  0.09302325581395349,
  0.3,
  0.01,
  0.23,
  0.0,
  0.0,
  0.0,
  0.67,
  0.0,
  0.0,
  0.29,
  0.05,
  0.52,
  0.37,
  0.66,
  0.1,
  0.0
 ],
 "per_class_exit": [
  4.199999809265137,
  15.639999389648438,
  14.489999771118164,
  15.300000190734863,
  7.489999771118164,
  14.65999984741211,
  16.0,
  16.0,
  11.139999389648438,
  16.0,
  16.0,
  15.350000381469727,
  15.732558250427246,
  16.0,
  16.0,
  15.350000381469727,
  15.949999809265137,
  7.849999904632568,
  12.699999809265137,
  12.800000190734863,
  16.0,
  14.899999618530273,
  14.699999809265137,
  15.697674751281738,
  14.40000057220459,
  15.519999504089355,
  15.239999771118164,
  15.90000057220459,
  15.899999618530273,
  16.0,
  15.4399995803833,
  15.15000057220459,
  13.199999809265137,
  14.079999923706055,
  15.90000057220459,
  16.0,
  15.199999809265137,
  15.65999984741211,
  15.100000381469727,
  15.0
 ],
 "exit_hist": [
  0,
  0,
  9,
  61,
  66,
  68,
  57,
  66,
  44,
  33,
  37,
  31,
  17,
  17,
  15,
  10,
  1937
 ]
}