{
 "acc_full_T": 0.4505999982357025,
 "theta_rows": [
  {
   "theta": 0.7,
   "accuracy": 0.4562999904155731,
   "avg_slices": 14.545599937438965,
   "slice_utilization": 0.9090999960899353,
   "exit_rate": 0.21369999647140503,
   "risk_exited": 0.2526906878802059,
   "energy_pj": 5501.802193808593,
   "energy_fixed_order_pj": 6014.238719999999,
   "energy_ratio": 0.9147961113536567,
   "ssp_overhead_frac": 0.006226650062266501,
   "risk_bound_thm1": 0.27,
   "bound_satisfied": true
  }
 ],
 "revisit": {
  "revisit_rate": 0.0,
  "distinct_curve": [
   1.0,
   2.0,
   3.0,
   4.0,
   5.0,
   6.0,
   7.0,
   8.0,
   9.0,
   10.0,
   11.0,
   12.0,
   13.0,
   14.0,
   15.0,
   16.0
  ],
  "final_distinct": 16.0
 },
 "drift": {
  "delta_hat": 0.01770695485174656,
  "delta_min_step": -0.004210019484162331,
  "per_step_drift": [
   0.041070010513067245,
   0.04924749210476875,
   0.04436872527003288,
   0.033134330064058304,
   0.02717220038175583,
   0.0205476526170969,
   0.016398008912801743,
   0.012903112918138504,
   0.011265181005001068,
   0.007942681200802326,
   0.003553736722096801,
   0.002160777570679784,
   0.00025661985273472965,
   -0.004210019484162331,
   -0.00020621609291993082
  ],
  "m1_mean": 0.04256114736199379,
  "frac_negative_drift_samples": 0.10009999573230743
 },
 "ece": 0.07698068046299651,
 "aurc": 0.4025828242301941,
 "ssp_param_count": 8576,
 "total_param_count": 68244,
 "ssp_param_frac": 0.12566672527987807,
 "variant": "no_cy",
 "seed": 0,
 "experiment": "A3_geometry",
 "dataset": "cifar10",
 "per_class_acc": [
  0.608,
  0.495,
  0.369,
  0.31,
  0.393,
  0.348,
  0.507,
  0.423,
  0.624,
  0.429
 ],
 "per_class_exit": [
  14.00200080871582,
  14.190000534057617,
  15.29800033569336,
  15.608000755310059,
  15.063000679016113,
  15.768000602722168,
  13.6850004196167,
  14.148000717163086,
  12.711000442504883,
  14.983000755310059
 ],
 "exit_hist": [
  0,
  0,
  0,
  10,
  91,
  162,
  229,
  235,
  238,
  210,
  226,
  188,
  168,
  139,
  135,
  106,
  7863
 ]
}