{
 "acc_full_T": 0.4867841303348541,
 "theta_rows": [
  {
   "theta": 0.7,
   "accuracy": 0.5132158398628235,
   "avg_slices": 13.512113571166992,
   "slice_utilization": 0.844507098197937,
   "exit_rate": 0.26762112975120544,
   "risk_exited": 0.23868312757201646,
   "energy_pj": 10113.581356757813,
   "energy_fixed_order_pj": 11938.037760000001,
   "energy_ratio": 0.8471728403008345,
   "ssp_overhead_frac": 0.003146633102580239,
   "risk_bound_thm1": 0.27,
   "bound_satisfied": true
  }
 ],
 "revisit": {
  "revisit_rate": 0.0,
  "distinct_curve": [
   1.0,
   2.0,
   3.0,
   4.0,
   5.0,
   6.0,
   7.0,
   8.0,
   9.0,
   10.0,
   11.0,
   12.0,
   13.0,
   14.0,
   15.0,
   16.0
  ],
  "final_distinct": 16.0
 },
 "drift": {
  "delta_hat": 0.013302593491971493,
  "delta_min_step": -0.026984145864844322,
  "per_step_drift": [
   0.09044445306062698,
   0.0730685219168663,
   0.05093628540635109,
   0.03611591458320618,
   0.027369346469640732,
   0.009500155225396156,
   0.007785695604979992,
   0.0048041264526546,
   -0.004819862544536591,
   -0.01615535281598568,
   -0.00015228539996314794,
   -0.012980722822248936,
   -0.021124467253684998,
   -0.026984145864844322,
   -0.018268771469593048
  ],
  "m1_mean": 0.05827737972140312,
  "frac_negative_drift_samples": 0.17070484161376953
 },
 "ece": 0.032720389637065195,
 "aurc": 0.35014399886131287,
 "ssp_param_count": 8576,
 "total_param_count": 44052,
 "ssp_param_frac": 0.19467901570870788,
 "variant": "no_cx",
 "seed": 0,
 "experiment": "A3_geometry",
 "dataset": "modelnet10",
 "per_class_acc": [
  0.0,
  0.17,
  0.81,
  0.0,
  0.7093023255813954,
  0.75,
  0.3023255813953488,
  0.65,
  0.5,
  0.67
 ],
 "per_class_exit": [
  15.25999927520752,
  13.219999313354492,
  6.069999694824219,
  15.186046600341797,
  15.965116500854492,
  12.699999809265137,
  15.220930099487305,
  16.0,
  11.59999942779541,
  15.589999198913574
 ],
 "exit_hist": [
  0,
  0,
  0,
  28,
  37,
  35,
  32,
  24,
  27,
  16,
  17,
  8,
  8,
  8,
  1,
  2,
  665
 ]
}