{
 "acc_full_T": 0.4529999792575836,
 "theta_rows": [
  {
   "theta": 0.7,
   "accuracy": 0.45989999175071716,
   "avg_slices": 14.5378999710083,
   "slice_utilization": 0.9086187481880188,
   "exit_rate": 0.21469999849796295,
   "risk_exited": 0.2519795062878435,
   "energy_pj": 5498.889719082031,
   "energy_fixed_order_pj": 6014.238719999999,
   "energy_ratio": 0.9143118481140089,
   "ssp_overhead_frac": 0.006226650062266501,
   "risk_bound_thm1": 0.27,
   "bound_satisfied": true
  }
 ],
 "revisit": {
  "revisit_rate": 0.0,
  "distinct_curve": [
   1.0,
   2.0,
   3.0,
   4.0,
   5.0,
   6.0,
   7.0,
   8.0,
   9.0,
   10.0,
   11.0,
   12.0,
   13.0,
   14.0,
   15.0,
   16.0
  ],
  "final_distinct": 16.0
 },
 "drift": {
  "delta_hat": 0.017697162926197052,
  "delta_min_step": -0.003158638020977378,
  "per_step_drift": [
   0.04092426225543022,
   0.048690855503082275,
   0.04435165226459503,
   0.03431546688079834,
   0.02657831646502018,
   0.021525638177990913,
   0.01797812432050705,
   0.013573883101344109,
   0.008007286116480827,
   0.006635845638811588,
   0.005075546912848949,
   0.0025939559563994408,
   0.0009935193229466677,
   -0.003158638020977378,
   -0.0026282581966370344
  ],
  "m1_mean": 0.04319610446691513,
  "frac_negative_drift_samples": 0.10419999808073044
 },
 "ece": 0.07571057223651488,
 "aurc": 0.3939194679260254,
 "ssp_param_count": 8576,
 "total_param_count": 68244,
 "ssp_param_frac": 0.12566672527987807,
 "variant": "no_dist",
 "seed": 0,
 "experiment": "A3_geometry",
 "dataset": "cifar10",
 "per_class_acc": [
  0.595,
  0.506,
  0.356,
  0.312,
  0.395,
  0.334,
  0.516,
  0.452,
  0.619,
  0.445
 ],
 "per_class_exit": [
  14.146000862121582,
  13.97900104522705,
  15.325000762939453,
  15.654000282287598,
  14.950000762939453,
  15.824000358581543,
  13.840001106262207,
  14.118000984191895,
  12.781000137329102,
  14.762001037597656
 ],
 "exit_hist": [
  0,
  0,
  0,
  7,
  75,
  185,
  216,
  246,
  252,
  219,
  209,
  183,
  187,
  130,
  127,
  111,
  7853
 ]
}