{
 "acc_full_T": 0.41659998893737793,
 "theta_rows": [
  {
   "theta": 0.5,
   "accuracy": 0.44909998774528503,
   "avg_slices": 12.772599220275879,
   "slice_utilization": 0.7982874512672424,
   "exit_rate": 0.4114999771118164,
   "risk_exited": 0.366221142162819,
   "energy_pj": 4831.173324785156,
   "energy_fixed_order_pj": 6014.238719999999,
   "energy_ratio": 0.8032892523403455,
   "ssp_overhead_frac": 0.006226650062266501,
   "risk_bound_thm1": 0.45,
   "bound_satisfied": true
  },
  {
   "theta": 0.7,
   "accuracy": 0.4253000020980835,
   "avg_slices": 14.87969970703125,
   "slice_utilization": 0.9299812316894531,
   "exit_rate": 0.16609999537467957,
   "risk_exited": 0.25045153521974717,
   "energy_pj": 5628.17380125,
   "energy_fixed_order_pj": 6014.238719999999,
   "energy_ratio": 0.9358081817626954,
   "ssp_overhead_frac": 0.006226650062266501,
   "risk_bound_thm1": 0.27,
   "bound_satisfied": true
  },
  {
   "theta": 0.9,
   "accuracy": 0.41679999232292175,
   "avg_slices": 15.90939998626709,
   "slice_utilization": 0.9943374991416931,
   "exit_rate": 0.018400000408291817,
   "risk_exited": 0.09239130434782608,
   "energy_pj": 6017.652906933594,
   "energy_fixed_order_pj": 6014.238719999999,
   "energy_ratio": 1.0005676839734081,
   "ssp_overhead_frac": 0.0062266500622665,
   "risk_bound_thm1": 0.08999999999999998,
   "bound_satisfied": false
  }
 ],
 "revisit": {
  "revisit_rate": 0.0,
  "distinct_curve": [
   1.0,
   2.0,
   3.0,
   4.0,
   5.0,
   6.0,
   7.0,
   8.0,
   9.0,
   10.0,
   11.0,
   12.0,
   13.0,
   14.0,
   15.0,
   16.0
  ],
  "final_distinct": 16.0
 },
 "drift": {
  "delta_hat": 0.01485538762062788,
  "delta_min_step": -0.003228015499189496,
  "per_step_drift": [
   0.05146155133843422,
   0.04206007346510887,
   0.033193252980709076,
   0.025223227217793465,
   0.021948473528027534,
   0.019471263512969017,
   0.013505811803042889,
   0.006222796626389027,
   0.007631897460669279,
   0.005532516166567802,
   0.0037445335183292627,
   -0.0008238215232267976,
   -0.003228015499189496,
   -0.0014236384304240346,
   -0.0016891347477212548
  ],
  "m1_mean": 0.05058487504720688,
  "frac_negative_drift_samples": 0.13930000364780426
 },
 "ece": 0.08083460393465876,
 "aurc": 0.4433716833591461,
 "ssp_param_count": 8640,
 "total_param_count": 68308,
 "ssp_param_frac": 0.1264859167301048,
 "variant": "geometry_only",
 "seed": 0,
 "experiment": "A5_policy",
 "dataset": "cifar10",
 "per_class_acc": [
  0.611,
  0.377,
  0.342,
  0.325,
  0.376,
  0.306,
  0.481,
  0.397,
  0.587,
  0.364
 ],
 "per_class_exit": [
  11.86500072479248,
  11.610000610351562,
  13.844000816345215,
  14.86500072479248,
  13.269001007080078,
  15.052000999450684,
  11.527000427246094,
  12.16200065612793,
  10.857000350952148,
  12.675000190734863
 ],
 "exit_hist": [
  0,
  0,
  21,
  236,
  388,
  461,
  479,
  402,
  381,
  347,
  275,
  273,
  254,
  247,
  177,
  174,
  5885
 ]
}