{
 "acc_full_T": 0.3630470037460327,
 "theta_rows": [
  {
   "theta": 0.5,
   "accuracy": 0.3581847548484802,
   "avg_slices": 13.46474838256836,
   "slice_utilization": 0.8415467739105225,
   "exit_rate": 0.2694489359855652,
   "risk_exited": 0.3849624060150376,
   "energy_pj": 10078.129339140625,
   "energy_fixed_order_pj": 11938.037760000001,
   "energy_ratio": 0.844203171555442,
   "ssp_overhead_frac": 0.003146633102580239,
   "risk_bound_thm1": 0.4875,
   "bound_satisfied": true
  },
  {
   "theta": 0.7,
   "accuracy": 0.36385735869407654,
   "avg_slices": 14.670583724975586,
   "slice_utilization": 0.9169114828109741,
   "exit_rate": 0.14465153217315674,
   "risk_exited": 0.17366946778711484,
   "energy_pj": 10980.676063164063,
   "energy_fixed_order_pj": 11938.037760000001,
   "energy_ratio": 0.9198057741077259,
   "ssp_overhead_frac": 0.003146633102580239,
   "risk_bound_thm1": 0.29250000000000004,
   "bound_satisfied": true
  },
  {
   "theta": 0.9,
   "accuracy": 0.3630470037460327,
   "avg_slices": 15.669367790222168,
   "slice_utilization": 0.9793354868888855,
   "exit_rate": 0.040923822671175,
   "risk_exited": 0.06930693069306931,
   "energy_pj": 11728.248517207032,
   "energy_fixed_order_pj": 11938.037760000001,
   "energy_ratio": 0.9824268236530549,
   "ssp_overhead_frac": 0.003146633102580239,
   "risk_bound_thm1": 0.09749999999999998,
   "bound_satisfied": true
  }
 ],
 "revisit": {
  "revisit_rate": 0.0,
  "distinct_curve": [
   1.0,
   2.0,
   3.0,
   4.0,
   5.0,
   6.0,
   7.0,
   8.0,
   9.0,
   10.0,
   11.0,
   12.0,
   13.0,
   14.0,
   15.0,
   16.0
  ],
  "final_distinct": 16.0
 },
 "drift": {
  "delta_hat": 0.012420273385941982,
  "delta_min_step": -0.0019118196796625853,
  "per_step_drift": [
   0.052716195583343506,
   0.04466820880770683,
   0.028092654421925545,
   0.019346442073583603,
   0.012349430471658707,
   0.006054513156414032,
   0.00842661876231432,
   0.0027930387295782566,
   0.007507283706218004,
   0.003291758242994547,
   -0.00031766839674673975,
   0.0018626580713316798,
   0.0026701802853494883,
   -0.0012453988892957568,
   -0.0019118196796625853
  ],
  "m1_mean": 0.05559037625789642,
  "frac_negative_drift_samples": 0.17423014342784882
 },
 "ece": 0.04693611167117645,
 "aurc": 0.44186970591545105,
 "ssp_param_count": 8576,
 "total_param_count": 47952,
 "ssp_param_frac": 0.1788455121788455,
 "variant": "random",
 "seed": 0,
 "experiment": "A5_policy",
 "dataset": "modelnet40",
 "per_class_acc": [
  1.0,
  0.0,
  0.3,
  0.05,
  0.9,
  0.67,
  0.0,
  0.0,
  0.91,
  0.0,
  0.0,
  0.45,
  0.0,
  0.3,
  0.7558139534883721,
  0.0,
  0.0,
  0.87,
  0.85,
  0.0,
  0.0,
  0.16,
  0.63,
  0.08139534883720931,
  0.0,
  0.0,
  0.0,
  0.0,
  0.0,
  0.0,
  0.84,
  0.0,
  0.0,
  0.44,
  0.0,
  0.37,
  0.13,
  0.69,
  0.0,
  0.0
 ],
 "per_class_exit": [
  3.2699999809265137,
  16.0,
  15.519999504089355,
  13.699999809265137,
  5.909999847412109,
  14.899999618530273,
  15.40000057220459,
  15.699999809265137,
  9.09999942779541,
  15.600000381469727,
  15.300000190734863,
  14.199999809265137,
  15.767441749572754,
  14.15000057220459,
  16.0,
  15.5,
  15.90999984741211,
  4.639999866485596,
  14.0,
  10.050000190734863,
  14.65000057220459,
  14.119999885559082,
  15.789999961853027,
  15.55813980102539,
  13.350000381469727,
  14.989999771118164,
  14.25999927520752,
  14.350000381469727,
  15.00999927520752,
  14.5,
  14.75,
  13.15000057220459,
  9.15000057220459,
  14.039999961853027,
  15.850000381469727,
  15.839999198913574,
  14.1899995803833,
  15.279999732971191,
  14.5,
  14.550000190734863
 ],
 "exit_hist": [
  0,
  0,
  85,
  112,
  81,
  63,
  51,
  31,
  41,
  26,
  41,
  27,
  20,
  32,
  35,
  20,
  1803
 ]
}