{
 "acc_full_T": 0.05653710290789604,
 "theta_rows": [
  {
   "theta": 0.7,
   "accuracy": 0.05653710290789604,
   "avg_slices": 16.0,
   "slice_utilization": 1.0,
   "exit_rate": 0.0,
   "risk_exited": 0.0,
   "energy_pj": 3061.7599999999998,
   "energy_fixed_order_pj": 3052.3392,
   "energy_ratio": 1.0030864197530864,
   "ssp_overhead_frac": 0.003076923076923077,
   "risk_bound_thm1": 0.28500000000000003,
   "bound_satisfied": true
  }
 ],
 "revisit": {
  "revisit_rate": 0.0,
  "distinct_curve": [
   1.0,
   2.0,
   3.0,
   4.0,
   5.0,
   6.0,
   7.0,
   8.0,
   9.0,
   10.0,
   11.0,
   12.0,
   13.0,
   14.0,
   15.0,
   16.0
  ],
  "final_distinct": 16.0
 },
 "drift": {
  "delta_hat": 0.0023590929340571165,
  "delta_min_step": -0.009929328225553036,
  "per_step_drift": [
   0.01973825879395008,
   0.019834835082292557,
   0.01443605124950409,
   0.008112452924251556,
   0.004209328442811966,
   0.0009582670172676444,
   -0.0005677821463905275,
   -0.0011390551226213574,
   -0.0005017819930799305,
   -0.0013395337155088782,
   -0.0026943101547658443,
   -0.0038950806483626366,
   -0.00512313935905695,
   -0.0067127905786037445,
   -0.009929328225553036
  ],
  "m1_mean": 0.011191376484930515,
  "frac_negative_drift_samples": 0.1369258016347885
 },
 "ece": 0.07364676135189079,
 "aurc": 0.9519442915916443,
 "ssp_param_count": 2144,
 "total_param_count": 30344,
 "ssp_param_frac": 0.07065647244924862,
 "variant": "d16",
 "seed": 0,
 "experiment": "A4_dssp",
 "dataset": "shd",
 "per_class_acc": [
  0.0,
  0.0,
  0.0,
  0.0,
  0.0,
  0.0,
  0.0,
  0.0,
  0.0,
  0.0,
  0.0,
  0.06611570247933884,
  0.0,
  0.0,
  0.0,
  0.0,
  0.22033898305084745,
  0.7768595041322314,
  0.0,
  0.0
 ],
 "per_class_exit": [
  16.0,
  16.0,
  16.0,
  16.0,
  16.0,
  15.999999046325684,
  15.999999046325684,
  15.999999046325684,
  16.0,
  16.0,
  15.999999046325684,
  15.999999046325684,
  15.999999046325684,
  16.0,
  15.999999046325684,
  16.0,
  16.0,
  15.999999046325684,
  15.999999046325684,
  16.0
 ],
 "exit_hist": [
  0,
  0,
  0,
  0,
  0,
  0,
  0,
  0,
  0,
  0,
  0,
  0,
  0,
  0,
  0,
  0,
  2264
 ]
}