{
 "acc_full_T": 0.35980549454689026,
 "theta_rows": [
  {
   "theta": 0.7,
   "accuracy": 0.36061587929725647,
   "avg_slices": 14.400729179382324,
   "slice_utilization": 0.9000455737113953,
   "exit_rate": 0.1730145812034607,
   "risk_exited": 0.24824355971896955,
   "energy_pj": 10778.694642050781,
   "energy_fixed_order_pj": 11938.037760000001,
   "energy_ratio": 0.9028866266587164,
   "ssp_overhead_frac": 0.0031466331025802393,
   "risk_bound_thm1": 0.29250000000000004,
   "bound_satisfied": true
  }
 ],
 "revisit": {
  "revisit_rate": 0.0,
  "distinct_curve": [
   1.0,
   2.0,
   3.0,
   4.0,
   5.0,
   6.0,
   7.0,
   8.0,
   9.0,
   10.0,
   11.0,
   12.0,
   13.0,
   14.0,
   15.0,
   16.0
  ],
  "final_distinct": 16.0
 },
 "drift": {
  "delta_hat": 0.013221233151853085,
  "delta_min_step": -0.0059465644881129265,
  "per_step_drift": [
   0.0552922748029232,
   0.05553564801812172,
   0.04159253463149071,
   0.027396097779273987,
   0.022024959325790405,
   0.014663785696029663,
   0.0034396296832710505,
   0.0028691019397228956,
   -0.0010969205759465694,
   0.00028773993835784495,
   -0.0059022256173193455,
   -0.0059465644881129265,
   -0.0049038296565413475,
   -0.00130946293938905,
   -0.005624270066618919
  ],
  "m1_mean": 0.045099519193172455,
  "frac_negative_drift_samples": 0.16410048305988312
 },
 "ece": 0.033323759960816046,
 "aurc": 0.42915162444114685,
 "ssp_param_count": 8576,
 "total_param_count": 47952,
 "ssp_param_frac": 0.1788455121788455,
 "variant": "only_spread",
 "seed": 0,
 "experiment": "A3_geometry",
 "dataset": "modelnet40",
 "per_class_acc": [
  0.99,
  0.0,
  0.65,
  0.05,
  0.88,
  0.68,
  0.05,
  0.01,
  0.79,
  0.0,
  0.0,
  0.3,
  0.0,
  0.45,
  0.5581395348837209,
  0.0,
  0.02,
  0.98,
  0.75,
  0.05,
  0.1,
  0.08,
  0.77,
  0.08139534883720931,
  0.2,
  0.0,
  0.02,
  0.0,
  0.0,
  0.0,
  0.68,
  0.05,
  0.0,
  0.22,
  0.0,
  0.35,
  0.17,
  0.63,
  0.05,
  0.0
 ],
 "per_class_exit": [
  4.009999752044678,
  16.0,
  15.989999771118164,
  15.449999809265137,
  8.619999885559082,
  16.0,
  16.0,
  16.0,
  11.559999465942383,
  16.0,
  16.0,
  15.90000057220459,
  15.918604850769043,
  15.90000057220459,
  16.0,
  15.949999809265137,
  16.0,
  8.460000038146973,
  14.850000381469727,
  12.949999809265137,
  15.949999809265137,
  15.039999961853027,
  15.699999809265137,
  16.0,
  13.65000057220459,
  15.869999885559082,
  15.34999942779541,
  15.800000190734863,
  16.0,
  16.0,
  16.0,
  14.449999809265137,
  13.5,
  13.559999465942383,
  16.0,
  16.0,
  15.00999927520752,
  16.0,
  15.25,
  15.550000190734863
 ],
 "exit_hist": [
  0,
  0,
  15,
  69,
  46,
  36,
  73,
  48,
  29,
  23,
  20,
  18,
  17,
  7,
  12,
  14,
  2041
 ]
}