{
 "acc_full_T": 0.05300353467464447,
 "theta_rows": [
  {
   "theta": 0.5,
   "accuracy": 0.05300353467464447,
   "avg_slices": 16.0,
   "slice_utilization": 1.0,
   "exit_rate": 0.0,
   "risk_exited": 0.0,
   "energy_pj": 3090.0224,
   "energy_fixed_order_pj": 3052.3392,
   "energy_ratio": 1.0123456790123457,
   "ssp_overhead_frac": 0.012195121951219513,
   "risk_bound_thm1": 0.475,
   "bound_satisfied": true
  },
  {
   "theta": 0.7,
   "accuracy": 0.05300353467464447,
   "avg_slices": 16.0,
   "slice_utilization": 1.0,
   "exit_rate": 0.0,
   "risk_exited": 0.0,
   "energy_pj": 3090.0224,
   "energy_fixed_order_pj": 3052.3392,
   "energy_ratio": 1.0123456790123457,
   "ssp_overhead_frac": 0.012195121951219513,
   "risk_bound_thm1": 0.28500000000000003,
   "bound_satisfied": true
  },
  {
   "theta": 0.9,
   "accuracy": 0.05300353467464447,
   "avg_slices": 16.0,
   "slice_utilization": 1.0,
   "exit_rate": 0.0,
   "risk_exited": 0.0,
   "energy_pj": 3090.0224,
   "energy_fixed_order_pj": 3052.3392,
   "energy_ratio": 1.0123456790123457,
   "ssp_overhead_frac": 0.012195121951219513,
   "risk_bound_thm1": 0.09499999999999997,
   "bound_satisfied": true
  }
 ],
 "revisit": {
  "revisit_rate": 0.0,
  "distinct_curve": [
   1.0,
   2.0,
   3.0,
   4.0,
   5.0,
   6.0,
   7.0,
   8.0,
   9.0,
   10.0,
   11.0,
   12.0,
   13.0,
   14.0,
   15.0,
   16.0
  ],
  "final_distinct": 16.0
 },
 "drift": {
  "delta_hat": 0.0019363430328667164,
  "delta_min_step": -0.012724456377327442,
  "per_step_drift": [
   0.019730867817997932,
   0.021833447739481926,
   0.01873287372291088,
   0.01349370926618576,
   0.009088592603802681,
   0.005843072663992643,
   0.0020686157513409853,
   -0.002115658251568675,
   -0.006098257843405008,
   -0.0060296556912362576,
   -0.009097445756196976,
   -0.008798680268228054,
   -0.012190169654786587,
   -0.012724456377327442,
   -0.004691712092608213
  ],
  "m1_mean": 0.011889709159731865,
  "frac_negative_drift_samples": 0.20229682326316833
 },
 "ece": 0.0778640370286854,
 "aurc": 0.958133339881897,
 "ssp_param_count": 8640,
 "total_param_count": 36840,
 "ssp_param_frac": 0.23452768729641693,
 "variant": "geometry_only",
 "seed": 0,
 "experiment": "A5_policy",
 "dataset": "shd",
 "per_class_acc": [
  0.0,
  0.0,
  0.0,
  0.0,
  0.0,
  0.0,
  0.43119266055045874,
  0.0,
  0.0,
  0.42718446601941745,
  0.0,
  0.0,
  0.12396694214876033,
  0.0,
  0.0,
  0.0,
  0.11864406779661017,
  0.0,
  0.0,
  0.0
 ],
 "per_class_exit": [
  16.0,
  16.0,
  16.0,
  16.0,
  16.0,
  15.999999046325684,
  15.999999046325684,
  15.999999046325684,
  16.0,
  16.0,
  15.999999046325684,
  15.999999046325684,
  15.999999046325684,
  16.0,
  15.999999046325684,
  16.0,
  16.0,
  15.999999046325684,
  15.999999046325684,
  16.0
 ],
 "exit_hist": [
  0,
  0,
  0,
  0,
  0,
  0,
  0,
  0,
  0,
  0,
  0,
  0,
  0,
  0,
  0,
  0,
  2264
 ]
}