{
 "acc_full_T": 0.8916667103767395,
 "theta_rows": [
  {
   "theta": 0.7,
   "accuracy": 0.9000000357627869,
   "avg_slices": 12.916666984558105,
   "slice_utilization": 0.8072916865348816,
   "exit_rate": 0.4375000298023224,
   "risk_exited": 0.0,
   "energy_pj": 1298.9909653027344,
   "energy_fixed_order_pj": 1571.38944,
   "energy_ratio": 0.8266511994014255,
   "ssp_overhead_frac": 0.0234192037470726,
   "risk_bound_thm1": 0.26250000000000007,
   "bound_satisfied": true
  }
 ],
 "revisit": {
  "revisit_rate": 0.0,
  "distinct_curve": [
   1.0,
   2.0,
   3.0,
   4.0,
   5.0,
   6.0,
   7.0,
   8.0,
   9.0,
   10.0,
   11.0,
   12.0,
   13.0,
   14.0,
   15.0,
   16.0
  ],
  "final_distinct": 16.0
 },
 "drift": {
  "delta_hat": 0.018403228372335434,
  "delta_min_step": -0.03582649305462837,
  "per_step_drift": [
   0.10611248761415482,
   0.07796880602836609,
   0.030625488609075546,
   0.03927874192595482,
   0.025547755882143974,
   0.004095511976629496,
   0.029548639431595802,
   -0.006312000099569559,
   0.0065316250547766685,
   -0.007469729986041784,
   -0.001284227822907269,
   0.00787315983325243,
   -0.0022397602442651987,
   0.0015984218334779143,
   -0.03582649305462837
  ],
  "m1_mean": 0.16216245293617249,
  "frac_negative_drift_samples": 0.11250000447034836
 },
 "ece": 0.26069542331322465,
 "aurc": 0.015073594637215137,
 "ssp_param_count": 8576,
 "total_param_count": 35216,
 "ssp_param_frac": 0.24352567014993184,
 "variant": "no_cx",
 "seed": 0,
 "experiment": "A3_geometry",
 "dataset": "synthetic",
 "per_class_acc": [
  0.7,
  0.8,
  1.0,
  1.0,
  0.9,
  0.8,
  0.9333333333333333,
  1.0
 ],
 "per_class_exit": [
  16.0,
  16.0,
  14.033333778381348,
  11.533333778381348,
  14.90000057220459,
  16.0,
  7.8666672706604,
  7.000000476837158
 ],
 "exit_hist": [
  0,
  0,
  0,
  2,
  8,
  10,
  12,
  6,
  12,
  8,
  13,
  5,
  8,
  10,
  6,
  5,
  135
 ]
}