{
 "acc_full_T": 0.16333332657814026,
 "theta_rows": [
  {
   "theta": 0.7,
   "accuracy": 0.16333332657814026,
   "avg_slices": 1.0,
   "slice_utilization": 0.0625,
   "exit_rate": 1.0,
   "risk_exited": 0.8366666666666667,
   "energy_pj": 190.9184,
   "energy_fixed_order_pj": 3052.3392,
   "energy_ratio": 0.06254822530864197,
   "ssp_overhead_frac": 0.0007710100231303007,
   "risk_bound_thm1": 0.27,
   "bound_satisfied": false
  }
 ],
 "revisit": {
  "revisit_rate": 0.0,
  "distinct_curve": [
   1.0,
   2.0,
   3.0,
   4.0,
   5.0,
   6.0,
   7.0,
   8.0,
   9.0,
   10.0,
   11.0,
   12.0,
   13.0,
   14.0,
   15.0,
   16.0
  ],
  "final_distinct": 16.0
 },
 "drift": {
  "delta_hat": 0.016720257699489594,
  "delta_min_step": 4.76837158203125e-06,
  "per_step_drift": [
   0.1961614489555359,
   0.03548729419708252,
   0.01070493459701538,
   0.0042847394943237305,
   0.0019932985305786133,
   0.0010058283805847168,
   0.0005310773849487305,
   0.000287473201751709,
   0.00015753507614135742,
   8.70823860168457e-05,
   4.83393669128418e-05,
   2.682209014892578e-05,
   1.4901161193847656e-05,
   8.344650268554688e-06,
   4.76837158203125e-06
  ],
  "m1_mean": 0.7366353869438171,
  "frac_negative_drift_samples": 0.0
 },
 "ece": 0.8301421105861664,
 "aurc": 0.5407825708389282,
 "ssp_param_count": 536,
 "total_param_count": 27436,
 "ssp_param_frac": 0.01953637556495116,
 "variant": "d4",
 "seed": 0,
 "experiment": "A4_dssp",
 "dataset": "nmnist",
 "per_class_acc": [
  1.0,
  0.0,
  0.0,
  0.0,
  0.0,
  0.0,
  0.0,
  0.0,
  0.0,
  0.0
 ],
 "per_class_exit": [
  0.9999999403953552,
  1.0,
  1.0,
  1.0,
  1.0,
  1.0,
  NaN,
  NaN,
  NaN,
  NaN
 ],
 "exit_hist": [
  0,
  6000,
  0,
  0,
  0,
  0,
  0,
  0,
  0,
  0,
  0,
  0,
  0,
  0,
  0,
  0,
  0
 ]
}