{
 "acc_full_T": 0.04549470171332359,
 "theta_rows": [
  {
   "theta": 0.7,
   "accuracy": 0.04549470171332359,
   "avg_slices": 16.0,
   "slice_utilization": 1.0,
   "exit_rate": 0.0,
   "risk_exited": 0.0,
   "energy_pj": 3090.0224,
   "energy_fixed_order_pj": 3052.3392,
   "energy_ratio": 1.0123456790123457,
   "ssp_overhead_frac": 0.012195121951219513,
   "risk_bound_thm1": 0.28500000000000003,
   "bound_satisfied": true
  }
 ],
 "revisit": {
  "revisit_rate": 0.0,
  "distinct_curve": [
   1.0,
   2.0,
   3.0,
   4.0,
   5.0,
   6.0,
   7.0,
   8.0,
   9.0,
   10.0,
   11.0,
   12.0,
   13.0,
   14.0,
   15.0,
   16.0
  ],
  "final_distinct": 16.0
 },
 "drift": {
  "delta_hat": 0.0012304710689932108,
  "delta_min_step": -0.013171372003853321,
  "per_step_drift": [
   0.015053682029247284,
   0.01609964668750763,
   0.014048176817595959,
   0.010313954204320908,
   0.0062822457402944565,
   0.0025424971245229244,
   0.00102076749317348,
   -0.001300586387515068,
   -0.001979264197871089,
   -0.0034158925991505384,
   -0.003959772642701864,
   -0.00522995600476861,
   -0.009215696714818478,
   -0.00863136537373066,
   -0.013171372003853321
  ],
  "m1_mean": 0.016349008306860924,
  "frac_negative_drift_samples": 0.3643992841243744
 },
 "ece": 0.07326735310743684,
 "aurc": 0.9526950716972351,
 "ssp_param_count": 8576,
 "total_param_count": 36776,
 "ssp_param_frac": 0.2331955623232543,
 "variant": "no_cx",
 "seed": 0,
 "experiment": "A3_geometry",
 "dataset": "shd",
 "per_class_acc": [
  0.0,
  0.0,
  0.0,
  0.0,
  0.0,
  0.0,
  0.045871559633027525,
  0.0,
  0.0,
  0.47572815533980584,
  0.0,
  0.14049586776859505,
  0.1322314049586777,
  0.0,
  0.017391304347826087,
  0.0,
  0.11864406779661017,
  0.0,
  0.0,
  0.0
 ],
 "per_class_exit": [
  16.0,
  16.0,
  16.0,
  16.0,
  16.0,
  15.999999046325684,
  15.999999046325684,
  15.999999046325684,
  16.0,
  16.0,
  15.999999046325684,
  15.999999046325684,
  15.999999046325684,
  16.0,
  15.999999046325684,
  16.0,
  16.0,
  15.999999046325684,
  15.999999046325684,
  16.0
 ],
 "exit_hist": [
  0,
  0,
  0,
  0,
  0,
  0,
  0,
  0,
  0,
  0,
  0,
  0,
  0,
  0,
  0,
  0,
  2264
 ]
}