{
 "acc_full_T": 0.4487999975681305,
 "theta_rows": [
  {
   "theta": 0.7,
   "accuracy": 0.45499998331069946,
   "avg_slices": 14.566499710083008,
   "slice_utilization": 0.910406231880188,
   "exit_rate": 0.2117999941110611,
   "risk_exited": 0.267233238904627,
   "energy_pj": 5492.5539207617185,
   "energy_fixed_order_pj": 6014.238719999999,
   "energy_ratio": 0.9132583817294367,
   "ssp_overhead_frac": 0.0031230480949406623,
   "risk_bound_thm1": 0.27,
   "bound_satisfied": true
  }
 ],
 "revisit": {
  "revisit_rate": 0.0,
  "distinct_curve": [
   1.0,
   2.0,
   3.0,
   4.0,
   5.0,
   6.0,
   7.0,
   8.0,
   9.0,
   10.0,
   11.0,
   12.0,
   13.0,
   14.0,
   15.0,
   16.0
  ],
  "final_distinct": 16.0
 },
 "drift": {
  "delta_hat": 0.0175551176071167,
  "delta_min_step": -0.003533699782565236,
  "per_step_drift": [
   0.039679355919361115,
   0.048833344131708145,
   0.04366712644696236,
   0.03647739067673683,
   0.02393447421491146,
   0.021831408143043518,
   0.017855776473879814,
   0.013307560235261917,
   0.010241054929792881,
   0.007697190623730421,
   0.005546741187572479,
   0.0006179340998642147,
   -0.0010814637644216418,
   -0.0017474442720413208,
   -0.003533699782565236
  ],
  "m1_mean": 0.0426669716835022,
  "frac_negative_drift_samples": 0.10249999910593033
 },
 "ece": 0.07776010029308673,
 "aurc": 0.4075399339199066,
 "ssp_param_count": 4288,
 "total_param_count": 63956,
 "ssp_param_frac": 0.06704609418975546,
 "variant": "d32",
 "seed": 0,
 "experiment": "A4_dssp",
 "dataset": "cifar10",
 "per_class_acc": [
  0.592,
  0.491,
  0.356,
  0.339,
  0.383,
  0.334,
  0.525,
  0.434,
  0.622,
  0.412
 ],
 "per_class_exit": [
  14.23900032043457,
  13.982000350952148,
  15.330000877380371,
  15.624000549316406,
  15.046000480651855,
  15.816000938415527,
  13.793000221252441,
  14.107000350952148,
  12.766000747680664,
  14.962000846862793
 ],
 "exit_hist": [
  0,
  0,
  0,
  1,
  59,
  184,
  204,
  243,
  269,
  243,
  191,
  199,
  156,
  125,
  126,
  118,
  7882
 ]
}