{
 "acc_full_T": 0.3991085886955261,
 "theta_rows": [
  {
   "theta": 0.5,
   "accuracy": 0.40559157729148865,
   "avg_slices": 12.026741981506348,
   "slice_utilization": 0.7516713738441467,
   "exit_rate": 0.43517017364501953,
   "risk_exited": 0.39664804469273746,
   "energy_pj": 9001.806626777345,
   "energy_fixed_order_pj": 11938.037760000001,
   "energy_ratio": 0.7540440738878467,
   "ssp_overhead_frac": 0.0031466331025802393,
   "risk_bound_thm1": 0.4875,
   "bound_satisfied": true
  },
  {
   "theta": 0.7,
   "accuracy": 0.40478119254112244,
   "avg_slices": 14.004861831665039,
   "slice_utilization": 0.8753038644790649,
   "exit_rate": 0.220016211271286,
   "risk_exited": 0.2430939226519337,
   "energy_pj": 10482.394836210939,
   "energy_fixed_order_pj": 11938.037760000001,
   "energy_ratio": 0.8780668185967387,
   "ssp_overhead_frac": 0.003146633102580239,
   "risk_bound_thm1": 0.29250000000000004,
   "bound_satisfied": true
  },
  {
   "theta": 0.9,
   "accuracy": 0.4023500680923462,
   "avg_slices": 15.29659652709961,
   "slice_utilization": 0.9560372829437256,
   "exit_rate": 0.08225283771753311,
   "risk_exited": 0.059113300492610835,
   "energy_pj": 11449.235727890624,
   "energy_fixed_order_pj": 11938.037760000001,
   "energy_ratio": 0.9590550773974619,
   "ssp_overhead_frac": 0.0031466331025802393,
   "risk_bound_thm1": 0.09749999999999998,
   "bound_satisfied": true
  }
 ],
 "revisit": {
  "revisit_rate": 0.0,
  "distinct_curve": [
   1.0,
   2.0,
   3.0,
   4.0,
   5.0,
   6.0,
   7.0,
   8.0,
   9.0,
   10.0,
   11.0,
   12.0,
   13.0,
   14.0,
   15.0,
   16.0
  ],
  "final_distinct": 16.0
 },
 "drift": {
  "delta_hat": 0.014110368676483631,
  "delta_min_step": -0.02143584005534649,
  "per_step_drift": [
   0.062304429709911346,
   0.060195982456207275,
   0.050989456474781036,
   0.038803886622190475,
   0.028381049633026123,
   0.017896099016070366,
   0.010761315934360027,
   0.009669939056038857,
   0.0030867927707731724,
   4.624914708983852e-06,
   -0.007811187766492367,
   -0.011658851988613605,
   -0.01386465597897768,
   -0.015667513012886047,
   -0.02143584005534649
  ],
  "m1_mean": 0.04034176468849182,
  "frac_negative_drift_samples": 0.12965963780879974
 },
 "ece": 0.015158170774999346,
 "aurc": 0.3915034234523773,
 "ssp_param_count": 8576,
 "total_param_count": 47952,
 "ssp_param_frac": 0.1788455121788455,
 "variant": "ssp",
 "seed": 0,
 "experiment": "A5_policy",
 "dataset": "modelnet40",
 "per_class_acc": [
  0.92,
  0.0,
  0.49,
  0.15,
  0.87,
  0.62,
  0.0,
  0.05,
  0.86,
  0.1,
  0.0,
  0.4,
  0.011627906976744186,
  0.35,
  0.5930232558139535,
  0.0,
  0.11,
  0.86,
  0.8,
  0.05,
  0.3,
  0.13,
  0.84,
  0.1511627906976744,
  0.35,
  0.03,
  0.24,
  0.0,
  0.0,
  0.0,
  0.79,
  0.0,
  0.0,
  0.35,
  0.0,
  0.54,
  0.36,
  0.61,
  0.15,
  0.0
 ],
 "per_class_exit": [
  3.069999933242798,
  13.319999694824219,
  10.319999694824219,
  12.699999809265137,
  5.179999828338623,
  11.130000114440918,
  15.600000381469727,
  15.0,
  8.079999923706055,
  14.699999809265137,
  13.600000381469727,
  13.600000381469727,
  14.755813598632812,
  15.65000057220459,
  15.848836898803711,
  14.199999809265137,
  15.75999927520752,
  4.5,
  9.850000381469727,
  10.90000057220459,
  14.449999809265137,
  12.960000038146973,
  11.1899995803833,
  15.255813598632812,
  13.600000381469727,
  13.929999351501465,
  14.0,
  13.100000381469727,
  15.420000076293945,
  14.550000190734863,
  10.880000114440918,
  13.550000190734863,
  10.5,
  11.40999984741211,
  13.550000190734863,
  15.529999732971191,
  11.4399995803833,
  12.649999618530273,
  13.800000190734863,
  13.449999809265137
 ],
 "exit_hist": [
  0,
  0,
  70,
  150,
  106,
  116,
  109,
  114,
  79,
  76,
  73,
  58,
  33,
  34,
  30,
  26,
  1394
 ]
}