{
 "acc_full_T": 0.046819787472486496,
 "theta_rows": [
  {
   "theta": 0.7,
   "accuracy": 0.046819787472486496,
   "avg_slices": 16.0,
   "slice_utilization": 1.0,
   "exit_rate": 0.0,
   "risk_exited": 0.0,
   "energy_pj": 3090.0224,
   "energy_fixed_order_pj": 3052.3392,
   "energy_ratio": 1.0123456790123457,
   "ssp_overhead_frac": 0.012195121951219513,
   "risk_bound_thm1": 0.28500000000000003,
   "bound_satisfied": true
  }
 ],
 "revisit": {
  "revisit_rate": 0.0,
  "distinct_curve": [
   1.0,
   2.0,
   3.0,
   4.0,
   5.0,
   6.0,
   7.0,
   8.0,
   9.0,
   10.0,
   11.0,
   12.0,
   13.0,
   14.0,
   15.0,
   16.0
  ],
  "final_distinct": 16.0
 },
 "drift": {
  "delta_hat": 0.0022109639830887318,
  "delta_min_step": -0.010245434008538723,
  "per_step_drift": [
   0.01572103053331375,
   0.017580628395080566,
   0.016111992299556732,
   0.01152618508785963,
   0.004685103893280029,
   0.0021763143595308065,
   -0.0006406042957678437,
   -0.00032989992178045213,
   -0.0017532905330881476,
   -0.003404127899557352,
   -0.004674132447689772,
   -0.005500683095306158,
   -0.004533843137323856,
   -0.0035547788720577955,
   -0.010245434008538723
  ],
  "m1_mean": 0.014807064086198807,
  "frac_negative_drift_samples": 0.23012368381023407
 },
 "ece": 0.07905911903767754,
 "aurc": 0.9480200409889221,
 "ssp_param_count": 8576,
 "total_param_count": 36776,
 "ssp_param_frac": 0.2331955623232543,
 "variant": "full",
 "seed": 0,
 "experiment": "A3_geometry",
 "dataset": "shd",
 "per_class_acc": [
  0.0,
  0.0,
  0.0,
  0.0,
  0.0,
  0.0,
  0.03669724770642202,
  0.0,
  0.0,
  0.5922330097087378,
  0.0,
  0.09917355371900827,
  0.06611570247933884,
  0.0,
  0.008695652173913044,
  0.0,
  0.1694915254237288,
  0.0,
  0.0,
  0.0
 ],
 "per_class_exit": [
  16.0,
  16.0,
  16.0,
  16.0,
  16.0,
  15.999999046325684,
  15.999999046325684,
  15.999999046325684,
  16.0,
  16.0,
  15.999999046325684,
  15.999999046325684,
  15.999999046325684,
  16.0,
  15.999999046325684,
  16.0,
  16.0,
  15.999999046325684,
  15.999999046325684,
  16.0
 ],
 "exit_hist": [
  0,
  0,
  0,
  0,
  0,
  0,
  0,
  0,
  0,
  0,
  0,
  0,
  0,
  0,
  0,
  0,
  2264
 ]
}