{
 "acc_full_T": 0.9291667342185974,
 "theta_rows": [
  {
   "theta": 0.5,
   "accuracy": 0.9125000238418579,
   "avg_slices": 4.162500381469727,
   "slice_utilization": 0.2601562738418579,
   "exit_rate": 0.9000000357627869,
   "risk_exited": 0.05092592592592592,
   "energy_pj": 418.61034236328123,
   "energy_fixed_order_pj": 1571.38944,
   "energy_ratio": 0.26639503340641085,
   "ssp_overhead_frac": 0.0234192037470726,
   "risk_bound_thm1": 0.4375,
   "bound_satisfied": true
  },
  {
   "theta": 0.7,
   "accuracy": 0.9291667342185974,
   "avg_slices": 6.258333683013916,
   "slice_utilization": 0.39114585518836975,
   "exit_rate": 0.8125000596046448,
   "risk_exited": 0.02564102564102564,
   "energy_pj": 629.3820938330077,
   "energy_fixed_order_pj": 1571.38944,
   "energy_ratio": 0.40052585171566873,
   "ssp_overhead_frac": 0.0234192037470726,
   "risk_bound_thm1": 0.26250000000000007,
   "bound_satisfied": true
  },
  {
   "theta": 0.9,
   "accuracy": 0.9291667342185974,
   "avg_slices": 12.725000381469727,
   "slice_utilization": 0.7953125238418579,
   "exit_rate": 0.30000001192092896,
   "risk_exited": 0.0,
   "energy_pj": 1279.7156223632812,
   "energy_fixed_order_pj": 1571.38944,
   "energy_ratio": 0.8143847666198402,
   "ssp_overhead_frac": 0.0234192037470726,
   "risk_bound_thm1": 0.08749999999999998,
   "bound_satisfied": true
  }
 ],
 "revisit": {
  "revisit_rate": 0.8692708611488342,
  "distinct_curve": [
   1.0,
   1.9375,
   2.066666603088379,
   2.0833332538604736,
   2.0875000953674316,
   2.0916666984558105,
   2.0916666984558105,
   2.0916666984558105,
   2.0916666984558105,
   2.0916666984558105,
   2.0916666984558105,
   2.0916666984558105,
   2.0916666984558105,
   2.0916666984558105,
   2.0916666984558105,
   2.0916666984558105
  ],
  "final_distinct": 2.0916666984558105
 },
 "drift": {
  "delta_hat": 0.03579951077699661,
  "delta_min_step": -0.007647297345101833,
  "per_step_drift": [
   0.15282125771045685,
   0.22173824906349182,
   0.08648531138896942,
   0.04095730185508728,
   0.015272838994860649,
   0.00500986585393548,
   0.004310891032218933,
   0.0021936402190476656,
   0.006443288642913103,
   -0.002485996810719371,
   0.0007022623321972787,
   0.003343344898894429,
   -0.007647297345101833,
   0.003946368582546711,
   0.003901330754160881
  ],
  "m1_mean": 0.22749826312065125,
  "frac_negative_drift_samples": 0.02500000223517418
 },
 "ece": 0.0854362249280028,
 "aurc": 0.009883579798042774,
 "ssp_param_count": 8576,
 "total_param_count": 35216,
 "ssp_param_frac": 0.24352567014993184,
 "variant": "mask_off",
 "seed": 0,
 "experiment": "A2_masking",
 "dataset": "synthetic",
 "per_class_acc": [
  1.0,
  0.7666666666666667,
  1.0,
  1.0,
  0.8666666666666667,
  0.8333333333333334,
  1.0,
  0.9666666666666667
 ],
 "per_class_exit": [
  3.7333335876464844,
  6.233333587646484,
  3.266666889190674,
  2.700000047683716,
  6.733333587646484,
  5.766666889190674,
  2.933333396911621,
  1.933333396911621
 ],
 "exit_hist": [
  0,
  12,
  65,
  103,
  24,
  9,
  1,
  1,
  0,
  0,
  1,
  0,
  0,
  0,
  0,
  0,
  24
 ]
}