{
 "acc_full_T": 0.40113452076911926,
 "theta_rows": [
  {
   "theta": 0.7,
   "accuracy": 0.4084278643131256,
   "avg_slices": 14.071718215942383,
   "slice_utilization": 0.8794823884963989,
   "exit_rate": 0.21110209822654724,
   "risk_exited": 0.22840690978886757,
   "energy_pj": 10532.435673867189,
   "energy_fixed_order_pj": 11938.037760000001,
   "energy_ratio": 0.882258532399481,
   "ssp_overhead_frac": 0.003146633102580239,
   "risk_bound_thm1": 0.29250000000000004,
   "bound_satisfied": true
  }
 ],
 "revisit": {
  "revisit_rate": 0.0,
  "distinct_curve": [
   1.0,
   2.0,
   3.0,
   4.0,
   5.0,
   6.0,
   7.0,
   8.0,
   9.0,
   10.0,
   11.0,
   12.0,
   13.0,
   14.0,
   15.0,
   16.0
  ],
  "final_distinct": 16.0
 },
 "drift": {
  "delta_hat": 0.013968386687338352,
  "delta_min_step": -0.019373057410120964,
  "per_step_drift": [
   0.06306256353855133,
   0.05626131221652031,
   0.052895184606313705,
   0.03710838407278061,
   0.030293762683868408,
   0.01810450106859207,
   0.008507139980793,
   0.009298643097281456,
   0.0037838874850422144,
   -0.005469619762152433,
   -0.005474787671118975,
   -0.009910334832966328,
   -0.014342050999403,
   -0.01521973591297865,
   -0.019373057410120964
  ],
  "m1_mean": 0.039980448782444,
  "frac_negative_drift_samples": 0.13087520003318787
 },
 "ece": 0.020128549852750144,
 "aurc": 0.3897758722305298,
 "ssp_param_count": 8576,
 "total_param_count": 47952,
 "ssp_param_frac": 0.1788455121788455,
 "variant": "no_cx",
 "seed": 0,
 "experiment": "A3_geometry",
 "dataset": "modelnet40",
 "per_class_acc": [
  0.95,
  0.0,
  0.44,
  0.1,
  0.87,
  0.65,
  0.0,
  0.03,
  0.81,
  0.2,
  0.0,
  0.4,
  0.023255813953488372,
  0.35,
  0.6627906976744186,
  0.0,
  0.13,
  0.86,
  0.8,
  0.05,
  0.3,
  0.2,
  0.87,
  0.16279069767441862,
  0.35,
  0.0,
  0.16,
  0.0,
  0.0,
  0.0,
  0.72,
  0.0,
  0.0,
  0.35,
  0.1,
  0.64,
  0.31,
  0.63,
  0.1,
  0.0
 ],
 "per_class_exit": [
  3.879999876022339,
  15.619999885559082,
  13.649999618530273,
  15.25,
  7.359999656677246,
  15.1899995803833,
  16.0,
  15.829999923706055,
  11.399999618530273,
  16.0,
  16.0,
  15.600000381469727,
  15.825581550598145,
  16.0,
  16.0,
  15.850000381469727,
  16.0,
  7.389999866485596,
  14.25,
  13.850000381469727,
  14.699999809265137,
  14.75,
  15.219999313354492,
  15.837209701538086,
  14.90000057220459,
  15.59999942779541,
  15.519999504089355,
  15.65000057220459,
  15.889999389648438,
  16.0,
  14.899999618530273,
  15.5,
  13.800000190734863,
  14.899999618530273,
  16.0,
  16.0,
  14.299999237060547,
  15.710000038146973,
  15.0,
  14.65000057220459
 ],
 "exit_hist": [
  0,
  0,
  14,
  74,
  62,
  62,
  55,
  64,
  38,
  39,
  34,
  25,
  14,
  15,
  17,
  8,
  1947
 ]
}