{
 "acc_full_T": 0.8500000238418579,
 "theta_rows": [
  {
   "theta": 0.7,
   "accuracy": 0.8833333849906921,
   "avg_slices": 14.141667366027832,
   "slice_utilization": 0.8838542103767395,
   "exit_rate": 0.2666666805744171,
   "risk_exited": 0.0,
   "energy_pj": 1422.1856276660153,
   "energy_fixed_order_pj": 1571.38944,
   "energy_ratio": 0.9050497549900904,
   "ssp_overhead_frac": 0.023419203747072605,
   "risk_bound_thm1": 0.26250000000000007,
   "bound_satisfied": true
  }
 ],
 "revisit": {
  "revisit_rate": 0.0,
  "distinct_curve": [
   1.0,
   2.0,
   3.0,
   4.0,
   5.0,
   6.0,
   7.0,
   8.0,
   9.0,
   10.0,
   11.0,
   12.0,
   13.0,
   14.0,
   15.0,
   16.0
  ],
  "final_distinct": 16.0
 },
 "drift": {
  "delta_hat": 0.015663912519812584,
  "delta_min_step": -0.028078589588403702,
  "per_step_drift": [
   0.09514869004487991,
   0.05671272054314613,
   0.04992099106311798,
   0.027271803468465805,
   0.012313058599829674,
   0.02453494817018509,
   0.007874647155404091,
   0.004906304646283388,
   -0.009012926369905472,
   0.010659771971404552,
   -7.74800791987218e-05,
   -0.010279744863510132,
   0.004201244097203016,
   -0.011136713437736034,
   -0.028078589588403702
  ],
  "m1_mean": 0.14495615661144257,
  "frac_negative_drift_samples": 0.1458333432674408
 },
 "ece": 0.24735807294734616,
 "aurc": 0.03582467883825302,
 "ssp_param_count": 8576,
 "total_param_count": 35216,
 "ssp_param_frac": 0.24352567014993184,
 "variant": "only_spread",
 "seed": 0,
 "experiment": "A3_geometry",
 "dataset": "synthetic",
 "per_class_acc": [
  0.7333333333333333,
  0.6333333333333333,
  1.0,
  1.0,
  0.9,
  0.8333333333333334,
  0.9,
  0.8
 ],
 "per_class_exit": [
  16.0,
  16.0,
  14.000000953674316,
  16.0,
  16.0,
  16.0,
  12.166666984558105,
  6.966667175292969
 ],
 "exit_hist": [
  0,
  0,
  0,
  0,
  6,
  4,
  8,
  9,
  5,
  1,
  6,
  7,
  6,
  7,
  1,
  4,
  176
 ]
}