{
 "acc_full_T": 0.4603523910045624,
 "theta_rows": [
  {
   "theta": 0.7,
   "accuracy": 0.49449336528778076,
   "avg_slices": 13.197135925292969,
   "slice_utilization": 0.8248209953308105,
   "exit_rate": 0.284140944480896,
   "risk_exited": 0.21705426356589147,
   "energy_pj": 9877.82608203125,
   "energy_fixed_order_pj": 11938.037760000001,
   "energy_ratio": 0.827424596957486,
   "ssp_overhead_frac": 0.0031466331025802393,
   "risk_bound_thm1": 0.27,
   "bound_satisfied": true
  }
 ],
 "revisit": {
  "revisit_rate": 0.0,
  "distinct_curve": [
   1.0,
   2.0,
   3.0,
   4.0,
   5.0,
   6.0,
   7.0,
   8.0,
   9.0,
   10.0,
   11.0,
   12.0,
   13.0,
   14.0,
   15.0,
   16.0
  ],
  "final_distinct": 16.0
 },
 "drift": {
  "delta_hat": 0.01205726433545351,
  "delta_min_step": -0.02450023591518402,
  "per_step_drift": [
   0.09435060620307922,
   0.07903958112001419,
   0.06612300127744675,
   0.03593013808131218,
   0.03092442825436592,
   0.00035971199395135045,
   -0.006725532002747059,
   -0.014220521785318851,
   -0.015218079090118408,
   -0.021707134321331978,
   -0.011489126831293106,
   -0.014832304790616035,
   -0.014950312674045563,
   -0.02450023591518402,
   -0.0022252744529396296
  ],
  "m1_mean": 0.061717137694358826,
  "frac_negative_drift_samples": 0.2279735654592514
 },
 "ece": 0.08140272833058015,
 "aurc": 0.39568546414375305,
 "ssp_param_count": 8576,
 "total_param_count": 44052,
 "ssp_param_frac": 0.19467901570870788,
 "variant": "no_dist",
 "seed": 0,
 "experiment": "A3_geometry",
 "dataset": "modelnet10",
 "per_class_acc": [
  0.0,
  0.28,
  0.93,
  0.0,
  0.5232558139534884,
  0.77,
  0.313953488372093,
  0.58,
  0.29,
  0.61
 ],
 "per_class_exit": [
  15.219999313354492,
  11.949999809265137,
  5.190000057220459,
  15.267441749572754,
  16.0,
  11.9399995803833,
  15.372093200683594,
  15.670000076293945,
  11.829999923706055,
  15.529999732971191
 ],
 "exit_hist": [
  0,
  0,
  0,
  42,
  37,
  58,
  33,
  25,
  17,
  11,
  13,
  6,
  4,
  5,
  3,
  4,
  650
 ]
}