{
 "acc_full_T": 0.4779735505580902,
 "theta_rows": [
  {
   "theta": 0.7,
   "accuracy": 0.5077092051506042,
   "avg_slices": 13.809471130371094,
   "slice_utilization": 0.8630919456481934,
   "exit_rate": 0.2389867752790451,
   "risk_exited": 0.2119815668202765,
   "energy_pj": 10307.68974580078,
   "energy_fixed_order_pj": 11938.037760000001,
   "energy_ratio": 0.8634324964474547,
   "ssp_overhead_frac": 0.0003944150824327522,
   "risk_bound_thm1": 0.27,
   "bound_satisfied": true
  }
 ],
 "revisit": {
  "revisit_rate": 0.0,
  "distinct_curve": [
   1.0,
   2.0,
   3.0,
   4.0,
   5.0,
   6.0,
   7.0,
   8.0,
   9.0,
   10.0,
   11.0,
   12.0,
   13.0,
   14.0,
   15.0,
   16.0
  ],
  "final_distinct": 16.0
 },
 "drift": {
  "delta_hat": 0.013115276582539082,
  "delta_min_step": -0.02156859077513218,
  "per_step_drift": [
   0.08713201433420181,
   0.07115888595581055,
   0.04654416814446449,
   0.03347237408161163,
   0.022140776738524437,
   0.0075678410939872265,
   0.008075898513197899,
   0.006296201609075069,
   -0.006961400154978037,
   -0.003099997527897358,
   -0.007130122743546963,
   -0.017021995037794113,
   -0.012406128458678722,
   -0.02156859077513218,
   -0.01747080497443676
  ],
  "m1_mean": 0.058249566704034805,
  "frac_negative_drift_samples": 0.15859030187129974
 },
 "ece": 0.052474357472829525,
 "aurc": 0.37352433800697327,
 "ssp_param_count": 1072,
 "total_param_count": 36548,
 "ssp_param_frac": 0.02933129035788552,
 "variant": "d8",
 "seed": 0,
 "experiment": "A4_dssp",
 "dataset": "modelnet10",
 "per_class_acc": [
  0.0,
  0.13,
  0.86,
  0.0,
  0.7325581395348837,
  0.78,
  0.36046511627906974,
  0.6,
  0.33,
  0.7
 ],
 "per_class_exit": [
  15.319999694824219,
  13.719999313354492,
  5.960000038146973,
  15.348836898803711,
  16.0,
  13.139999389648438,
  15.744186401367188,
  15.969999313354492,
  12.729999542236328,
  15.710000038146973
 ],
 "exit_hist": [
  0,
  0,
  0,
  29,
  31,
  36,
  21,
  23,
  14,
  18,
  13,
  13,
  4,
  6,
  3,
  6,
  691
 ]
}