{
 "acc_full_T": 0.05962897464632988,
 "theta_rows": [
  {
   "theta": 0.7,
   "accuracy": 0.05962897464632988,
   "avg_slices": 16.0,
   "slice_utilization": 1.0,
   "exit_rate": 0.0,
   "risk_exited": 0.0,
   "energy_pj": 3090.0224,
   "energy_fixed_order_pj": 3052.3392,
   "energy_ratio": 1.0123456790123457,
   "ssp_overhead_frac": 0.012195121951219513,
   "risk_bound_thm1": 0.28500000000000003,
   "bound_satisfied": true
  }
 ],
 "revisit": {
  "revisit_rate": 0.0,
  "distinct_curve": [
   1.0,
   2.0,
   3.0,
   4.0,
   5.0,
   6.0,
   7.0,
   8.0,
   9.0,
   10.0,
   11.0,
   12.0,
   13.0,
   14.0,
   15.0,
   16.0
  ],
  "final_distinct": 16.0
 },
 "drift": {
  "delta_hat": 0.002012621844187379,
  "delta_min_step": -0.011440112255513668,
  "per_step_drift": [
   0.016394367441534996,
   0.01748444139957428,
   0.01289387047290802,
   0.0066619254648685455,
   0.0032310958486050367,
   0.0015146032674238086,
   0.0010490419808775187,
   0.0007699527777731419,
   0.00019201017857994884,
   -0.0018216563621535897,
   -0.0027385111898183823,
   -0.004115348216146231,
   -0.004605730529874563,
   -0.005280620884150267,
   -0.011440112255513668
  ],
  "m1_mean": 0.014177068136632442,
  "frac_negative_drift_samples": 0.20229682326316833
 },
 "ece": 0.06805733429073213,
 "aurc": 0.9545881152153015,
 "ssp_param_count": 8576,
 "total_param_count": 36776,
 "ssp_param_frac": 0.2331955623232543,
 "variant": "no_cy",
 "seed": 0,
 "experiment": "A3_geometry",
 "dataset": "shd",
 "per_class_acc": [
  0.6699029126213593,
  0.0,
  0.0,
  0.0,
  0.0,
  0.0,
  0.5321100917431193,
  0.0,
  0.0,
  0.0,
  0.0,
  0.06611570247933884,
  0.0,
  0.0,
  0.0,
  0.0,
  0.0,
  0.0,
  0.0,
  0.0
 ],
 "per_class_exit": [
  16.0,
  16.0,
  16.0,
  16.0,
  16.0,
  15.999999046325684,
  15.999999046325684,
  15.999999046325684,
  16.0,
  16.0,
  15.999999046325684,
  15.999999046325684,
  15.999999046325684,
  16.0,
  15.999999046325684,
  16.0,
  16.0,
  15.999999046325684,
  15.999999046325684,
  16.0
 ],
 "exit_hist": [
  0,
  0,
  0,
  0,
  0,
  0,
  0,
  0,
  0,
  0,
  0,
  0,
  0,
  0,
  0,
  0,
  2264
 ]
}