{
 "acc_full_T": 0.05742049589753151,
 "theta_rows": [
  {
   "theta": 0.7,
   "accuracy": 0.05742049589753151,
   "avg_slices": 16.0,
   "slice_utilization": 1.0,
   "exit_rate": 0.0,
   "risk_exited": 0.0,
   "energy_pj": 3057.0496,
   "energy_fixed_order_pj": 3052.3392,
   "energy_ratio": 1.001543209876543,
   "ssp_overhead_frac": 0.0015408320493066256,
   "risk_bound_thm1": 0.28500000000000003,
   "bound_satisfied": true
  }
 ],
 "revisit": {
  "revisit_rate": 0.0,
  "distinct_curve": [
   1.0,
   2.0,
   3.0,
   4.0,
   5.0,
   6.0,
   7.0,
   8.0,
   9.0,
   10.0,
   11.0,
   12.0,
   13.0,
   14.0,
   15.0,
   16.0
  ],
  "final_distinct": 16.0
 },
 "drift": {
  "delta_hat": 0.00269430223852396,
  "delta_min_step": -0.008198673836886883,
  "per_step_drift": [
   0.020705999806523323,
   0.019940590485930443,
   0.013411205261945724,
   0.007411032449454069,
   0.0030770020093768835,
   0.00027133291587233543,
   -0.0002075614465866238,
   -0.0015068126376718283,
   0.00011432910832809284,
   -0.0011381548829376698,
   -0.0030304037500172853,
   -0.002381549682468176,
   -0.0035380146000534296,
   -0.0045157866552472115,
   -0.008198673836886883
  ],
  "m1_mean": 0.013054447248578072,
  "frac_negative_drift_samples": 0.14929328858852386
 },
 "ece": 0.07233518838431408,
 "aurc": 0.9551240801811218,
 "ssp_param_count": 1072,
 "total_param_count": 29272,
 "ssp_param_frac": 0.03662202787646898,
 "variant": "d8",
 "seed": 0,
 "experiment": "A4_dssp",
 "dataset": "shd",
 "per_class_acc": [
  0.0,
  0.0,
  0.0,
  0.0,
  0.0,
  0.0,
  0.0,
  0.0,
  0.0,
  0.0,
  0.0,
  0.04132231404958678,
  0.0,
  0.0,
  0.0,
  0.0,
  0.17796610169491525,
  0.859504132231405,
  0.0,
  0.0
 ],
 "per_class_exit": [
  16.0,
  16.0,
  16.0,
  16.0,
  16.0,
  15.999999046325684,
  15.999999046325684,
  15.999999046325684,
  16.0,
  16.0,
  15.999999046325684,
  15.999999046325684,
  15.999999046325684,
  16.0,
  15.999999046325684,
  16.0,
  16.0,
  15.999999046325684,
  15.999999046325684,
  16.0
 ],
 "exit_hist": [
  0,
  0,
  0,
  0,
  0,
  0,
  0,
  0,
  0,
  0,
  0,
  0,
  0,
  0,
  0,
  0,
  2264
 ]
}