{
 "acc_full_T": 0.5110132098197937,
 "theta_rows": [
  {
   "theta": 0.7,
   "accuracy": 0.5473567843437195,
   "avg_slices": 13.022026062011719,
   "slice_utilization": 0.8138766288757324,
   "exit_rate": 0.30947133898735046,
   "risk_exited": 0.23843416370106763,
   "energy_pj": 9717.048348618164,
   "energy_fixed_order_pj": 11938.037760000001,
   "energy_ratio": 0.8139569118449633,
   "ssp_overhead_frac": 9.86329473497327e-05,
   "risk_bound_thm1": 0.27,
   "bound_satisfied": true
  }
 ],
 "revisit": {
  "revisit_rate": 0.0,
  "distinct_curve": [
   1.0,
   2.0,
   3.0,
   4.0,
   5.0,
   6.0,
   7.0,
   8.0,
   9.0,
   10.0,
   11.0,
   12.0,
   13.0,
   14.0,
   15.0,
   16.0
  ],
  "final_distinct": 16.0
 },
 "drift": {
  "delta_hat": 0.014661818742752075,
  "delta_min_step": -0.019262325018644333,
  "per_step_drift": [
   0.09568256884813309,
   0.08685413002967834,
   0.05366813391447067,
   0.030976224690675735,
   0.024076763540506363,
   0.009438805282115936,
   0.010341502726078033,
   0.005410970188677311,
   -0.00490469578653574,
   -0.01086985133588314,
   -0.013355178758502007,
   -0.019262325018644333,
   -0.011552114970982075,
   -0.01918775402009487,
   -0.01738991029560566
  ],
  "m1_mean": 0.05906130000948906,
  "frac_negative_drift_samples": 0.15528634190559387
 },
 "ece": 0.04125228018251126,
 "aurc": 0.3215486705303192,
 "ssp_param_count": 268,
 "total_param_count": 35744,
 "ssp_param_frac": 0.0074977618621307075,
 "variant": "d2",
 "seed": 0,
 "experiment": "A4_dssp",
 "dataset": "modelnet10",
 "per_class_acc": [
  0.0,
  0.17,
  0.81,
  0.0,
  0.7790697674418605,
  0.74,
  0.32558139534883723,
  0.79,
  0.49,
  0.69
 ],
 "per_class_exit": [
  14.380000114440918,
  11.40999984741211,
  5.920000076293945,
  15.0,
  15.976743698120117,
  12.389999389648438,
  15.5,
  14.979999542236328,
  10.639999389648438,
  15.739999771118164
 ],
 "exit_hist": [
  0,
  0,
  4,
  43,
  49,
  34,
  32,
  26,
  34,
  18,
  11,
  13,
  5,
  4,
  4,
  4,
  627
 ]
}